{"type":"FeatureCollection","features":[{"type":"Feature","geometry":{"type":"Point","coordinates":[4.8469645,52.3859636]},"properties":{"crossing":"marked","crossing:markings":"zebra","highway":"crossing","kerb":"flush","tactile_paving":"yes"}},{"type":"Feature","geometry":{"type":"Point","coordinates":[4.8469868,52.3857909]},"properties":{"crossing":"marked","crossing:markings":"zebra","highway":"crossing","kerb":"flush","tactile_paving":"yes"}},{"type":"Feature","geometry":{"type":"LineString","coordinates":[[4.8653816,52.388683],[4.8651444,52.3887157],[4.8650348,52.3887308],[4.8647987,52.3887373],[4.8643094,52.3887305],[4.8641256,52.3887293],[4.8639898,52.3887493],[4.8638225,52.3887768],[4.8637206,52.3888062],[4.8636745,52.3888094],[4.8636267,52.3888095],[4.8630366,52.3887539],[4.862967,52.3887509],[4.8628279,52.3887599],[4.8622791,52.3888509],[4.8621844,52.3888511],[4.8620804,52.3888457],[4.8613872,52.3887365],[4.8612597,52.3887252],[4.8606943,52.3887181],[4.8598956,52.3887158],[4.859795,52.3887122],[4.8595448,52.3887644],[4.8593312,52.3888037],[4.8592351,52.3888175],[4.8591585,52.3888169],[4.8590755,52.3888053],[4.8589218,52.3887584],[4.8588143,52.3887365],[4.8586229,52.388711],[4.8583293,52.388701],[4.8579944,52.3886952],[4.8578434,52.3886979],[4.8574283,52.3887417],[4.8572794,52.3887577],[4.8571498,52.3887612],[4.8570155,52.3887633]]},"properties":{"bicycle":"yes","highway":"footway","mofa":"no","moped":"no","segregated":"no","surface":"compacted"}},{"type":"Feature","geometry":{"type":"LineString","coordinates":[[4.8473594,52.3884891],[4.8473621,52.3884623],[4.8485061,52.3885139],[4.8490141,52.3885362],[4.8496157,52.3885627],[4.849993,52.3885764],[4.8501808,52.3885878],[4.8503133,52.3886208],[4.8504219,52.3886321]]},"properties":{"highway":"footway","lit":"yes","smoothness":"intermediate","surface":"gravel"}},{"type":"Feature","geometry":{"type":"LineString","coordinates":[[4.8512517,52.3861365],[4.8507471,52.3861896],[4.8499131,52.3862793],[4.8495475,52.3863111],[4.8493001,52.3863326],[4.8487382,52.3863673],[4.8483917,52.3863825],[4.8481566,52.3863835],[4.8479347,52.3863756],[4.8477682,52.3863586]]},"properties":{"bicycle":"yes","foot":"yes","highway":"pedestrian","historic":"railway","lit":"yes","name":"Brettenpad","oneway":"no","railway":"abandoned","ref":"G200","segregated":"no","smoothness":"excellent","solitary":"yes","surface":"asphalt","surface:colour":"black","width":"3.50"}},{"type":"Feature","geometry":{"type":"LineString","coordinates":[[4.8473639,52.3888431],[4.8473669,52.3887342]]},"properties":{"highway":"cycleway","lit":"yes","moped":"designated","oneway":"no","smoothness":"good","surface":"asphalt","surface:colour":"red","width":"4.00"}},{"type":"Feature","geometry":{"type":"LineString","coordinates":[[4.8482446,52.388641],[4.8489407,52.3886699],[4.8495091,52.3886902]]},"properties":{"bicycle":"no","highway":"tertiary","lanes":"2","lit":"yes","maxspeed":"30","name":"Sloterdijkerweg","surface":"asphalt"}},{"type":"Feature","geometry":{"type":"LineString","coordinates":[[4.8454307,52.3866585],[4.8455929,52.3866624],[4.8457185,52.3866702],[4.8457195,52.3866705],[4.8458232,52.386701],[4.8459016,52.3867371],[4.8459609,52.3867756],[4.8460107,52.3868299],[4.8460624,52.3869061],[4.8460947,52.3869684],[4.8461062,52.386996],[4.8461567,52.3870862],[4.8461806,52.3871399],[4.8462697,52.3873396],[4.8463104,52.387444],[4.8463532,52.3875746],[4.8463898,52.3877457],[4.8463942,52.3877819],[4.8463936,52.387834],[4.8463883,52.3878905],[4.8463922,52.387931],[4.8463928,52.3879367],[4.846416,52.3879915],[4.8464166,52.387993],[4.8464433,52.3880422],[4.8464858,52.3880961],[4.8464877,52.3880985],[4.8465393,52.3881456],[4.8466044,52.3881959],[4.8466863,52.3882432],[4.8467528,52.3882694],[4.8468031,52.3882892],[4.846913,52.3883199],[4.8469254,52.3883235],[4.8470098,52.3883481],[4.8471094,52.3883624],[4.8471979,52.388373]]},"properties":{"highway":"residential","maxspeed":"30","name":"Spaarndammerdijk"}},{"type":"Feature","geometry":{"type":"LineString","coordinates":[[4.8460496,52.3878742],[4.8461034,52.3880218],[4.8461468,52.3881322],[4.8461758,52.3881852],[4.8462088,52.3882341],[4.846254,52.3882798],[4.8463151,52.3883329],[4.8463971,52.3883837],[4.8464955,52.3884274],[4.8466068,52.3884708],[4.8466867,52.3884989],[4.8467705,52.3885222],[4.8468717,52.388543],[4.8469996,52.3885604],[4.8470937,52.3885676],[4.8473612,52.3885732],[4.8477065,52.3885924],[4.8478838,52.3886049],[4.8482446,52.388641]]},"properties":{"bicycle":"no","highway":"tertiary","lanes":"1","lit":"yes","maxspeed":"30","name":"Sloterdijkerweg","oneway":"yes","surface":"asphalt"}},{"type":"Feature","geometry":{"type":"LineString","coordinates":[[4.8502307,52.3889211],[4.8501563,52.3888637],[4.850116,52.3888335],[4.8500432,52.3887923],[4.849957,52.3887609],[4.849863,52.3887377],[4.8497689,52.3887226],[4.8495091,52.3886902]]},"properties":{"bicycle":"no","highway":"tertiary","lanes":"1","lit":"yes","maxspeed":"30","name":"Sloterdijkerweg","oneway":"yes","surface":"asphalt"}},{"type":"Feature","geometry":{"type":"LineString","coordinates":[[4.8495091,52.3886902],[4.8498454,52.3886956],[4.8500138,52.3887013],[4.8501288,52.3887172],[4.8502342,52.3887483],[4.8503012,52.3887747],[4.8503522,52.3888007],[4.8503982,52.3888359],[4.8504516,52.3888811],[4.8504922,52.3889208]]},"properties":{"bicycle":"no","highway":"tertiary","lanes":"1","lit":"yes","maxspeed":"30","name":"Sloterdijkerweg","oneway":"yes","surface":"asphalt"}},{"type":"Feature","geometry":{"type":"LineString","coordinates":[[4.8472493,52.3883924],[4.8473342,52.3883977]]},"properties":{"handrail":"yes","highway":"steps","incline":"down","name":"Spaarndammerdijk"}},{"type":"Feature","geometry":{"type":"LineString","coordinates":[[4.8657807,52.3863161],[4.8657043,52.3862278],[4.865615,52.3861115],[4.8655407,52.3859964],[4.8654606,52.385821],[4.8654381,52.3857446],[4.8654333,52.3857188],[4.8654344,52.3856811],[4.8654363,52.3856139],[4.8654396,52.3855589],[4.8654508,52.3854948]]},"properties":{"highway":"living_street","lit":"yes","maxspeed":"15","smoothness":"good","surface":"asphalt","zone:traffic":"NL:urban"}},{"type":"Feature","geometry":{"type":"LineString","coordinates":[[4.8653691,52.3889466],[4.8653733,52.3888298],[4.8653753,52.3887816],[4.8653766,52.388761],[4.8653816,52.388683],[4.8653938,52.3884602],[4.8654221,52.3882548],[4.8654856,52.3880857],[4.8655273,52.3879995],[4.8655908,52.3879172],[4.8656515,52.3878572],[4.8657876,52.3877487]]},"properties":{"access":"yes","bicycle":"yes","foot":"yes","highway":"pedestrian","lit":"yes","name":"Overbrakerpad","oneway":"no","sidewalk":"left","smoothness":"intermediate","solitary":"yes","surface":"asphalt","surface:colour":"black","width":"4.20"}},{"type":"Feature","geometry":{"type":"LineString","coordinates":[[4.8556547,52.3917948],[4.8557212,52.3905948],[4.8557301,52.3902758],[4.8557739,52.3893406],[4.8557664,52.3893162],[4.8557494,52.3892936],[4.855723,52.3892744],[4.8556923,52.3892616],[4.8556294,52.3892482],[4.855545,52.3892431],[4.854328,52.3892431],[4.853888,52.389251],[4.8533438,52.3892485],[4.8526738,52.3892428],[4.8523465,52.3892379],[4.8509899,52.3892284],[4.8508558,52.3891924],[4.8507968,52.389158],[4.8507429,52.3891132],[4.8506106,52.388963],[4.8505409,52.388887],[4.8504273,52.3887173],[4.8503333,52.3886683],[4.8502613,52.3886325],[4.8501552,52.3886104],[4.8498895,52.3885953],[4.8495937,52.3885865],[4.8490706,52.3885634],[4.8484624,52.3885363],[4.8482172,52.3885211],[4.8473594,52.3884891]]},"properties":{"highway":"cycleway","mofa":"designated","moped":"designated","traffic_sign":"NL:G12a"}},{"type":"Feature","geometry":{"type":"LineString","coordinates":[[4.8555741,52.3885816],[4.8555825,52.388565],[4.8555941,52.3885472],[4.855625,52.3885255],[4.8560574,52.3883358],[4.8562154,52.3882676],[4.8562682,52.3882507],[4.8563238,52.3882414],[4.8563748,52.3882441],[4.8564178,52.3882545],[4.8564465,52.3882769],[4.8564614,52.3883122],[4.8564586,52.3883542],[4.8564418,52.3883836],[4.8564204,52.3884025],[4.8563929,52.3884115],[4.856352,52.3884161],[4.8562822,52.388414],[4.8562144,52.3884035],[4.856122,52.3883739],[4.8560844,52.3883571],[4.8560574,52.3883358]]},"properties":{"bicycle":"yes","highway":"service","name":"Van Den Veerplein"}},{"type":"Feature","geometry":{"type":"LineString","coordinates":[[4.8570155,52.3887633],[4.8566417,52.3887582],[4.8560739,52.3887589],[4.8555691,52.3887582]]},"properties":{"bicycle":"yes","highway":"service","service":"parking_aisle","surface":"asphalt"}},{"type":"Feature","geometry":{"type":"LineString","coordinates":[[4.847072,52.3872236],[4.8468832,52.3872767],[4.8468242,52.3873037],[4.8467551,52.3873448],[4.8466654,52.3873958],[4.8466005,52.3874144],[4.8465379,52.3874248],[4.8465143,52.3874287],[4.8463104,52.387444]]},"properties":{"foot":"yes","highway":"service","surface":"asphalt"}},{"type":"Feature","geometry":{"type":"LineString","coordinates":[[4.8653625,52.3892373],[4.8653691,52.3889466]]},"properties":{"access":"yes","bicycle":"yes","fixme":"Formeel is dit geen tunnel, maar is het een spoorviaduct. \"Overbrakerspoorbrug\" Hoewel het voor fietsers er uit ziet als tunnel.","foot":"yes","highway":"pedestrian","layer":"-1","lit":"yes","oneway":"no","sidewalk":"left","smoothness":"intermediate","solitary":"yes","surface":"asphalt","surface:colour":"black","tunnel":"yes","width":"4.20"}},{"type":"Feature","geometry":{"type":"LineString","coordinates":[[4.8462133,52.3887078],[4.8463568,52.3886898],[4.8465507,52.3886906],[4.8473669,52.3887342]]},"properties":{"highway":"cycleway","lit":"yes","moped":"designated","oneway":"no","smoothness":"good","surface":"asphalt","surface:colour":"red","width":"4.00"}},{"type":"Feature","geometry":{"type":"LineString","coordinates":[[4.8660378,52.3864237],[4.8660529,52.3864585],[4.8659232,52.3864499],[4.8657916,52.3864382],[4.8657346,52.3864332],[4.865632,52.3863972],[4.8655503,52.3863369],[4.8654761,52.3862531],[4.8654658,52.3862245],[4.8654191,52.3862325],[4.8654559,52.3862546],[4.8654925,52.3863097],[4.8655465,52.3863683],[4.8656359,52.386422],[4.8657162,52.3864505],[4.8657922,52.3864573],[4.865906,52.3864674],[4.8660668,52.386487],[4.8660756,52.3865106],[4.8663251,52.3865449],[4.8663412,52.3865463],[4.8665884,52.3866164],[4.8668426,52.3866875],[4.8669777,52.3867252],[4.8670953,52.3867581],[4.8672135,52.3867912],[4.8673331,52.3868209],[4.8673982,52.3868422],[4.8674955,52.3868897],[4.8677394,52.3869958],[4.8678168,52.3870001],[4.86793,52.3870408],[4.8679098,52.3870714],[4.8679809,52.3871051],[4.8681651,52.3871622],[4.8682525,52.3871894],[4.8685168,52.3872705],[4.8686843,52.387324],[4.8688296,52.3873605],[4.8689705,52.387396],[4.8695486,52.3875436],[4.8696723,52.3873663],[4.8695826,52.3873511],[4.8694983,52.3872939],[4.8692066,52.3872911],[4.8690632,52.3873094],[4.8689056,52.3873296],[4.8683844,52.3871758],[4.8682009,52.3871114],[4.8680924,52.387048],[4.8680023,52.3869863],[4.8679601,52.3870154],[4.8678673,52.3869866],[4.8678125,52.3869513],[4.867519,52.3868492],[4.8672676,52.3867631],[4.8671425,52.3867198],[4.8666819,52.3865603],[4.8664093,52.3864808],[4.8660378,52.3864237]]},"properties":{"natural":"water"}},{"type":"Feature","geometry":{"type":"LineString","coordinates":[[4.8504273,52.3887173],[4.8503012,52.3887747],[4.8502335,52.3888099],[4.8501563,52.3888637]]},"properties":{"highway":"service"}},{"type":"Feature","geometry":{"type":"LineString","coordinates":[[4.8482446,52.388641],[4.8477854,52.3886462],[4.8473619,52.3886374],[4.8468997,52.3886249],[4.8467693,52.388617],[4.846683,52.3886057],[4.846619,52.3885925],[4.8465523,52.388576],[4.8464769,52.3885501],[4.8464188,52.388526],[4.8463631,52.3884981],[4.8462813,52.3884467],[4.8462145,52.3883987],[4.8461588,52.3883523],[4.8460556,52.3882446],[4.8460482,52.3881592],[4.8460448,52.3880167],[4.8460496,52.3878742]]},"properties":{"bicycle":"no","highway":"tertiary","lanes":"1","lit":"yes","maxspeed":"30","name":"Sloterdijkerweg","oneway":"yes","surface":"asphalt"}},{"type":"Feature","geometry":{"type":"LineString","coordinates":[[4.8654333,52.3857188],[4.8651635,52.3857152],[4.8650639,52.3857121],[4.8646481,52.3857065],[4.8644526,52.3857039],[4.8643409,52.3857057],[4.8638797,52.3857131],[4.8638193,52.3857268],[4.8637766,52.3857471],[4.8636988,52.3858313],[4.8635744,52.3860322]]},"properties":{"foot":"yes","highway":"footway","surface":"asphalt"}},{"type":"Feature","geometry":{"type":"LineString","coordinates":[[4.8476476,52.3851937],[4.8476318,52.3852674],[4.8476158,52.3857063],[4.847611,52.3857599],[4.8475906,52.3858149],[4.8475473,52.3858648],[4.84747,52.3859271],[4.8473322,52.3859964],[4.8471015,52.3861407]]},"properties":{"highway":"cycleway","lit":"yes","lit:indirect":"yes","moped":"designated","sidewalk":"right","smoothness":"good","surface":"asphalt","surface:colour":"red","width":"2.70"}},{"type":"Feature","geometry":{"type":"LineString","coordinates":[[4.8520897,52.3873217],[4.8520744,52.3873579],[4.8520981,52.3873822],[4.8521855,52.3874458],[4.8521982,52.3874627],[4.8522506,52.3875023],[4.8524013,52.3874115],[4.8523592,52.387378],[4.852339,52.3873748],[4.8522164,52.3873218],[4.8521744,52.387307],[4.8521237,52.3873076],[4.8520897,52.3873217]]},"properties":{"natural":"water","source":"3dShapes"}},{"type":"Feature","geometry":{"type":"LineString","coordinates":[[4.8546061,52.3867106],[4.8544393,52.3866253],[4.8543803,52.3866225],[4.8543094,52.3866379],[4.8542465,52.3866497],[4.8542067,52.386658],[4.854254,52.3866798],[4.8543069,52.3866907],[4.8543618,52.3866946],[4.8543912,52.386702],[4.8546447,52.386856],[4.8547075,52.3869116],[4.8547577,52.3869193],[4.8549327,52.3869999],[4.8549699,52.3870225],[4.8550266,52.3870398],[4.855095,52.3870554],[4.8551457,52.3870745],[4.855147,52.3870995],[4.8551661,52.3871098],[4.8551765,52.3871154],[4.8552597,52.3870659],[4.8552496,52.3870592],[4.8552382,52.3870516],[4.8552241,52.387045],[4.8551276,52.3870229],[4.8550417,52.3869943],[4.855029,52.3869771],[4.855029,52.3869448],[4.8550422,52.3869235],[4.8550309,52.3868846],[4.8549992,52.3868413],[4.8549456,52.38678],[4.8548819,52.3867459],[4.8548203,52.3867302],[4.854772,52.3867267],[4.854711,52.3867299],[4.8546561,52.386726],[4.8546061,52.3867106]]},"properties":{"natural":"water","source":"3dShapes"}},{"type":"Feature","geometry":{"type":"LineString","coordinates":[[4.8581112,52.3876718],[4.8580926,52.3876589],[4.8580485,52.3876639],[4.8580094,52.3876795],[4.8579797,52.3876833],[4.8579331,52.387676],[4.8578579,52.3876337],[4.8577454,52.3875677],[4.8577366,52.3875741],[4.857734,52.3875828],[4.8578182,52.3876395],[4.8578275,52.3877201],[4.8578192,52.387765],[4.8577896,52.3878202],[4.8577242,52.3878681],[4.8575041,52.3879689],[4.8572773,52.3881171],[4.8572388,52.3881587],[4.8574558,52.3882482],[4.8575554,52.3881764],[4.857614,52.3881419],[4.8577181,52.3880977],[4.8578299,52.3880577],[4.8579323,52.388102],[4.8580253,52.3881474],[4.8581634,52.3882317],[4.8581884,52.388252],[4.8582008,52.3882709],[4.8582056,52.3882928],[4.8582028,52.3883172],[4.8581899,52.3883433],[4.8581101,52.3884601],[4.8581859,52.3884211],[4.8582355,52.3884095],[4.8582792,52.3884097],[4.858311,52.3884132],[4.8583517,52.3884218],[4.8583951,52.3884369],[4.8584818,52.3884707],[4.8585074,52.3885074],[4.8587737,52.3885113],[4.8587869,52.3884636],[4.858805,52.3884278],[4.8588334,52.3883872],[4.858923,52.3882893],[4.8589534,52.3882723],[4.8589454,52.3882649],[4.8589323,52.3882581],[4.8588568,52.3883266],[4.8587754,52.388374],[4.8587474,52.3883812],[4.8587145,52.3883866],[4.8586867,52.3883865],[4.8586589,52.3883836],[4.8586337,52.3883734],[4.8586087,52.3883589],[4.8585936,52.3883429],[4.858576,52.3883174],[4.8585365,52.3882603],[4.8584991,52.3882138],[4.8584539,52.3881633],[4.8584339,52.3881444],[4.8583637,52.3880964],[4.8582405,52.3880323],[4.8581097,52.3879739],[4.8580793,52.3879544],[4.857984,52.387886],[4.8579614,52.3878657],[4.8579515,52.3878496],[4.8579467,52.3878308],[4.857947,52.3878091],[4.8579573,52.3877904],[4.8581289,52.3876851],[4.8581112,52.3876718]]},"properties":{"natural":"water","source":"3dShapes"}},{"type":"Feature","geometry":{"type":"LineString","coordinates":[[4.850676,52.3870835],[4.8506071,52.3871203],[4.8511756,52.3874683],[4.8512654,52.3874134],[4.850676,52.3870835]]},"properties":{"natural":"water","source":"3dShapes"}},{"type":"Feature","geometry":{"type":"LineString","coordinates":[[4.863835,52.3863347],[4.8646007,52.3865214],[4.8648938,52.386603],[4.8648145,52.3877159],[4.8650264,52.3877154],[4.8652171,52.3877221],[4.8653166,52.3877352],[4.8654051,52.3877639],[4.8654882,52.3877971],[4.8655675,52.3877078],[4.8655407,52.3876881],[4.8654868,52.3877273],[4.8654067,52.3877078],[4.8653396,52.3876832],[4.865235,52.3876341],[4.8650894,52.3875386],[4.8649908,52.3874079],[4.8649667,52.3873333],[4.8649485,52.3872774],[4.864956,52.387174],[4.8649889,52.3870363],[4.8650528,52.3869217],[4.8651731,52.3868037],[4.8652437,52.386728],[4.8652865,52.3867068],[4.8653653,52.386711],[4.8663242,52.3869551],[4.8663984,52.3869858],[4.8664268,52.3870269],[4.8664652,52.3870807],[4.8664612,52.3871186],[4.8664465,52.3871534],[4.8664057,52.3871977],[4.8663541,52.3872237],[4.8662342,52.3872795],[4.8661282,52.387335],[4.8656938,52.3876002],[4.8656964,52.3876196],[4.8657309,52.3876147],[4.8660087,52.3874645],[4.8661573,52.3873641],[4.8664514,52.3872316],[4.866515,52.3871944],[4.8665414,52.3871442],[4.8665467,52.3870828],[4.8665167,52.3870377],[4.866444,52.3869767],[4.8663399,52.3869312],[4.865373,52.386665],[4.8652731,52.3866155],[4.8652136,52.3865623],[4.8651137,52.3865313],[4.8647996,52.3864498],[4.8646541,52.3864242],[4.8643457,52.38637],[4.8639238,52.3863205],[4.863835,52.3863347]]},"properties":{"natural":"water","source":"3dShapes"}},{"type":"Feature","geometry":{"type":"LineString","coordinates":[[4.8648069,52.3880369],[4.8640986,52.3880188],[4.8632673,52.3879976],[4.8633692,52.3877549],[4.8632968,52.3877521],[4.8631856,52.3880076],[4.863211,52.3880156],[4.8638969,52.3880373],[4.8644796,52.3880557],[4.8644944,52.3880761],[4.86443,52.3882488],[4.8644596,52.3882722],[4.8645039,52.3882732],[4.8645601,52.3880647],[4.8648257,52.3880729],[4.864755,52.3886473],[4.8642876,52.388656],[4.8622992,52.3886079],[4.8618498,52.3886058],[4.8613993,52.3886059],[4.8603726,52.388603],[4.8591854,52.388592],[4.8587984,52.3885878],[4.85819,52.3885912],[4.8573913,52.3885957],[4.8571117,52.3885937],[4.8560086,52.3885858],[4.8556137,52.3885898],[4.855615,52.3886157],[4.8561255,52.3886152],[4.8568892,52.3886231],[4.8569375,52.3886336],[4.8569859,52.3886366],[4.857023,52.3886302],[4.8570468,52.3886156],[4.8581565,52.3886393],[4.8589885,52.3886415],[4.8590282,52.3886706],[4.8590653,52.3886868],[4.8591262,52.3886819],[4.8591448,52.388656],[4.8591713,52.388635],[4.859211,52.3886302],[4.8620719,52.3886415],[4.8621672,52.388656],[4.8622414,52.3886803],[4.8622573,52.3886447],[4.8629648,52.3886561],[4.8635685,52.3886657],[4.8636374,52.3886787],[4.8637063,52.3887062],[4.8637142,52.3886674],[4.864178,52.3886801],[4.8648935,52.3886625],[4.8649152,52.3886402],[4.8649334,52.3885041],[4.8649619,52.3884249],[4.8650016,52.3883456],[4.8650177,52.3883118],[4.8650317,52.3882575],[4.8651002,52.3882164],[4.8652327,52.3881215],[4.8652834,52.3880641],[4.8652839,52.3880259],[4.8652951,52.3879731],[4.8652133,52.3879062],[4.8651043,52.3878593],[4.8649724,52.3878444],[4.8648009,52.3878381],[4.8648069,52.3880369]]},"properties":{"natural":"water","source":"3dShapes"}},{"type":"Feature","geometry":{"type":"LineString","coordinates":[[4.8578762,52.3858433],[4.8571178,52.3858566],[4.856474,52.3858795],[4.85589,52.3859122],[4.8551443,52.3859581],[4.8543571,52.3860088],[4.8534612,52.3860735],[4.8531164,52.3860998],[4.8530763,52.3861029],[4.8520068,52.3861897],[4.8516026,52.3862308],[4.8510021,52.3862865],[4.8505569,52.38633],[4.8499484,52.3864],[4.8497061,52.3864202],[4.8491532,52.3864713],[4.8486591,52.3865067],[4.8486634,52.3865468],[4.8494728,52.3864958],[4.8496015,52.3864868],[4.8496699,52.3865237],[4.8497289,52.3864786],[4.8497564,52.3864741],[4.8497886,52.3864754],[4.8498396,52.3864799],[4.8498832,52.3864717],[4.8499274,52.3864627],[4.8500629,52.3864492],[4.8504545,52.3864009],[4.8513409,52.3863092],[4.851988,52.3862462],[4.8520417,52.3862797],[4.8521235,52.3862286],[4.8525634,52.386193],[4.8529657,52.3861586],[4.8530562,52.3861627],[4.853126,52.3861602],[4.8531642,52.386152],[4.8532165,52.3861361],[4.853472,52.3861177],[4.8543146,52.3860567],[4.8546803,52.386035],[4.8553388,52.3859867],[4.8556173,52.3859698],[4.8559986,52.3859466],[4.8566631,52.3859118],[4.856924,52.3858983],[4.856984,52.385911],[4.8570367,52.3859577],[4.8570544,52.3859718],[4.857211,52.3858971],[4.8575509,52.3858832],[4.8579193,52.3858842],[4.8580089,52.3859229],[4.8581236,52.3859868],[4.8582547,52.3858949],[4.8583764,52.3858922],[4.8584528,52.3859024],[4.8585346,52.3859077],[4.858593,52.3859441],[4.8586835,52.3858946],[4.8587831,52.3858844],[4.8588867,52.3858899],[4.8589893,52.3858973],[4.8591375,52.3859032],[4.859224,52.3858963],[4.8593272,52.3858782],[4.8593238,52.3858601],[4.8593192,52.3858422],[4.8590335,52.3858471],[4.8589199,52.3858504],[4.8588206,52.3858398],[4.8586832,52.38584],[4.8585775,52.3858467],[4.8583376,52.3858409],[4.8581779,52.3858406],[4.8581397,52.3858405],[4.8580276,52.3858403],[4.8578762,52.3858433]]},"properties":{"natural":"water","source":"3dShapes"}},{"type":"Feature","geometry":{"type":"LineString","coordinates":[[4.8520456,52.3872536],[4.8518736,52.3871447],[4.8518437,52.3871019],[4.8517328,52.3871682],[4.8517734,52.3871715],[4.8519974,52.3872826],[4.8520456,52.3872536]]},"properties":{"natural":"water","source":"3dShapes"}},{"type":"Feature","geometry":{"type":"LineString","coordinates":[[4.8480355,52.3884133],[4.8479012,52.3884056],[4.8478707,52.3884245],[4.8485074,52.3884549],[4.8488293,52.388469],[4.8491818,52.3884819],[4.8498804,52.3885169],[4.849998,52.3885212],[4.8503929,52.3885357],[4.8507259,52.388544],[4.8509285,52.3885505],[4.8515951,52.3885976],[4.8518951,52.3886154],[4.8519311,52.3885927],[4.8520485,52.3886065],[4.8522689,52.3886176],[4.8526793,52.3886168],[4.8526774,52.3886033],[4.8526752,52.3885929],[4.8522448,52.3885924],[4.8520069,52.3885833],[4.8519821,52.3885695],[4.8519235,52.3885657],[4.8518726,52.3885868],[4.8516289,52.3885697],[4.8509581,52.3885331],[4.8505726,52.3885164],[4.8501299,52.3885015],[4.8496822,52.3884848],[4.8489834,52.3884519],[4.8482978,52.388423],[4.8480355,52.3884133]]},"properties":{"natural":"water","source":"3dShapes"}},{"type":"Feature","geometry":{"type":"LineString","coordinates":[[4.8620705,52.3868257],[4.8620505,52.3868851],[4.8621495,52.3868976],[4.8621695,52.3868379],[4.8620705,52.3868257]]},"properties":{"building":"yes","source":"3dShapes"}},{"type":"Feature","geometry":{"type":"LineString","coordinates":[[4.8631942,52.3876275],[4.8631743,52.387687],[4.8632732,52.3876995],[4.8632932,52.3876398],[4.8631942,52.3876275]]},"properties":{"building":"yes","source":"3dShapes"}},{"type":"Feature","geometry":{"type":"LineString","coordinates":[[4.8609176,52.3863172],[4.8608976,52.3863769],[4.8609966,52.3863895],[4.8610166,52.3863297],[4.8609176,52.3863172]]},"properties":{"building":"yes","source":"3dShapes"}},{"type":"Feature","geometry":{"type":"LineString","coordinates":[[4.8564905,52.3866737],[4.8564183,52.3867155],[4.8564878,52.3867602],[4.85656,52.3867184],[4.8564905,52.3866737]]},"properties":{"building":"yes","source":"3dShapes"}},{"type":"Feature","geometry":{"type":"LineString","coordinates":[[4.8629919,52.3866952],[4.862972,52.3867549],[4.8630709,52.3867672],[4.8630909,52.3867077],[4.8629919,52.3866952]]},"properties":{"building":"yes","source":"3dShapes"}},{"type":"Feature","geometry":{"type":"LineString","coordinates":[[4.8575091,52.386188],[4.8574367,52.3862298],[4.8575062,52.3862744],[4.8575784,52.3862326],[4.8575091,52.386188]]},"properties":{"building":"yes","source":"3dShapes"}},{"type":"Feature","geometry":{"type":"LineString","coordinates":[[4.8651086,52.3874025],[4.8651126,52.3873483],[4.8650678,52.3873471],[4.8650639,52.3874014],[4.8651086,52.3874025]]},"properties":{"building":"yes","height":"3.1","ref:bag":"0363100012225939","source":"BAG","source:date":"2014-03-24","source:height":"3DBAG","source:height:date":"2025-09-03","start_date":"1997"}},{"type":"Feature","geometry":{"type":"LineString","coordinates":[[4.8613847,52.385951],[4.8613648,52.3860107],[4.8614638,52.3860232],[4.8614837,52.3859635],[4.8613847,52.385951]]},"properties":{"building":"yes","source":"3dShapes"}},{"type":"Feature","geometry":{"type":"LineString","coordinates":[[4.8522925,52.3867269],[4.8522203,52.3867687],[4.8522896,52.3868134],[4.8523618,52.3867716],[4.8522925,52.3867269]]},"properties":{"building":"yes","source":"3dShapes"}},{"type":"Feature","geometry":{"type":"LineString","coordinates":[[4.8484812,52.3869156],[4.8484089,52.3869574],[4.8484783,52.3870024],[4.8485505,52.3869606],[4.8484812,52.3869156]]},"properties":{"building":"yes","source":"3dShapes"}},{"type":"Feature","geometry":{"type":"LineString","coordinates":[[4.8542276,52.388157],[4.8541554,52.3881988],[4.8542247,52.3882438],[4.8542971,52.388202],[4.8542276,52.388157]]},"properties":{"building":"yes","source":"3dShapes"}},{"type":"Feature","geometry":{"type":"LineString","coordinates":[[4.8592244,52.386578],[4.8591522,52.3866201],[4.8592217,52.3866648],[4.8592939,52.386623],[4.8592244,52.386578]]},"properties":{"building":"yes","source":"3dShapes"}},{"type":"Feature","geometry":{"type":"LineString","coordinates":[[4.8592848,52.3874381],[4.8592175,52.3874831],[4.8592918,52.3875247],[4.8593591,52.38748],[4.8592848,52.3874381]]},"properties":{"building":"yes","source":"3dShapes"}},{"type":"Feature","geometry":{"type":"LineString","coordinates":[[4.8565866,52.3860959],[4.8565143,52.3861377],[4.8565838,52.3861827],[4.856656,52.3861409],[4.8565866,52.3860959]]},"properties":{"building":"yes","source":"3dShapes"}},{"type":"Feature","geometry":{"type":"LineString","coordinates":[[4.8639471,52.3881076],[4.8639272,52.3881671],[4.8640258,52.3881794],[4.8640457,52.3881199],[4.8639471,52.3881076]]},"properties":{"building":"yes","source":"3dShapes"}},{"type":"Feature","geometry":{"type":"LineString","coordinates":[[4.8576427,52.3864097],[4.8575705,52.3864515],[4.8576399,52.3864962],[4.8577122,52.3864544],[4.8576427,52.3864097]]},"properties":{"building":"yes","source":"3dShapes"}},{"type":"Feature","geometry":{"type":"LineString","coordinates":[[4.862194,52.3869843],[4.862174,52.387044],[4.862273,52.3870563],[4.862293,52.3869968],[4.862194,52.3869843]]},"properties":{"building":"yes","source":"3dShapes"}},{"type":"Feature","geometry":{"type":"LineString","coordinates":[[4.8484251,52.3870727],[4.8483529,52.3871145],[4.8484222,52.3871594],[4.8484946,52.3871176],[4.8484251,52.3870727]]},"properties":{"building":"yes","source":"3dShapes"}},{"type":"Feature","geometry":{"type":"LineString","coordinates":[[4.8585523,52.3868567],[4.8584799,52.3868985],[4.8585495,52.3869434],[4.8586218,52.3869017],[4.8585523,52.3868567]]},"properties":{"building":"yes","source":"3dShapes"}},{"type":"Feature","geometry":{"type":"LineString","coordinates":[[4.8606266,52.3877145],[4.8606066,52.3877742],[4.8607057,52.3877864],[4.8607256,52.387727],[4.8606266,52.3877145]]},"properties":{"building":"yes","source":"3dShapes"}},{"type":"Feature","geometry":{"type":"LineString","coordinates":[[4.858558,52.3882218],[4.8586274,52.3882665],[4.8586997,52.3882247],[4.8586303,52.38818],[4.858558,52.3882218]]},"properties":{"building":"yes","source":"3dShapes"}},{"type":"Feature","geometry":{"type":"LineString","coordinates":[[4.8521475,52.3883064],[4.8520752,52.3883482],[4.8521447,52.3883932],[4.8522169,52.3883514],[4.8521475,52.3883064]]},"properties":{"building":"yes","source":"3dShapes"}},{"type":"Feature","geometry":{"type":"LineString","coordinates":[[4.8628561,52.3865467],[4.8628362,52.3866065],[4.8629352,52.3866187],[4.8629551,52.3865593],[4.8628561,52.3865467]]},"properties":{"building":"yes","source":"3dShapes"}},{"type":"Feature","geometry":{"type":"LineString","coordinates":[[4.8575178,52.3877929],[4.8574379,52.3877566],[4.8573778,52.3878063],[4.8574577,52.3878426],[4.8575178,52.3877929]]},"properties":{"building":"yes","source":"3dShapes"}},{"type":"Feature","geometry":{"type":"LineString","coordinates":[[4.8491164,52.3882847],[4.8490442,52.3883265],[4.8491136,52.3883715],[4.8491859,52.3883297],[4.8491164,52.3882847]]},"properties":{"building":"yes","source":"3dShapes"}},{"type":"Feature","geometry":{"type":"LineString","coordinates":[[4.8622676,52.3863207],[4.8622476,52.3863801],[4.8623465,52.3863926],[4.8623665,52.3863329],[4.8622676,52.3863207]]},"properties":{"building":"yes","source":"3dShapes"}},{"type":"Feature","geometry":{"type":"LineString","coordinates":[[4.850661,52.3871801],[4.8505888,52.3872219],[4.8506581,52.3872668],[4.8507305,52.387225],[4.850661,52.3871801]]},"properties":{"building":"yes","source":"3dShapes"}},{"type":"Feature","geometry":{"type":"LineString","coordinates":[[4.8606315,52.3871752],[4.8606115,52.3872349],[4.8607105,52.3872474],[4.8607305,52.3871877],[4.8606315,52.3871752]]},"properties":{"building":"yes","source":"3dShapes"}},{"type":"Feature","geometry":{"type":"LineString","coordinates":[[4.8538772,52.3874578],[4.8538048,52.3874995],[4.8538744,52.3875444],[4.8539468,52.3875027],[4.8538772,52.3874578]]},"properties":{"building":"yes","source":"3dShapes"}},{"type":"Feature","geometry":{"type":"LineString","coordinates":[[4.851504,52.3866353],[4.8514317,52.3866771],[4.8515012,52.3867221],[4.8515734,52.3866803],[4.851504,52.3866353]]},"properties":{"building":"yes","source":"3dShapes"}},{"type":"Feature","geometry":{"type":"LineString","coordinates":[[4.8627188,52.3874459],[4.8626989,52.3875056],[4.8627979,52.3875179],[4.8628177,52.3874584],[4.8627188,52.3874459]]},"properties":{"building":"yes","source":"3dShapes"}},{"type":"Feature","geometry":{"type":"LineString","coordinates":[[4.8610339,52.3880437],[4.861014,52.3881035],[4.8611129,52.3881157],[4.8611329,52.3880562],[4.8610339,52.3880437]]},"properties":{"building":"yes","source":"3dShapes"}},{"type":"Feature","geometry":{"type":"LineString","coordinates":[[4.8622827,52.3860576],[4.8622627,52.3861171],[4.8623616,52.3861296],[4.8623816,52.3860699],[4.8622827,52.3860576]]},"properties":{"building":"yes","source":"3dShapes"}},{"type":"Feature","geometry":{"type":"LineString","coordinates":[[4.8600207,52.3876369],[4.8599731,52.3876903],[4.8600618,52.3877199],[4.8601094,52.3876665],[4.8600207,52.3876369]]},"properties":{"building":"yes","source":"3dShapes"}},{"type":"Feature","geometry":{"type":"LineString","coordinates":[[4.8568332,52.3864629],[4.856761,52.3865047],[4.8568304,52.3865497],[4.8569027,52.3865079],[4.8568332,52.3864629]]},"properties":{"building":"yes","source":"3dShapes"}},{"type":"Feature","geometry":{"type":"LineString","coordinates":[[4.8499848,52.3882901],[4.8499125,52.3883318],[4.8499819,52.3883767],[4.8500543,52.3883349],[4.8499848,52.3882901]]},"properties":{"building":"yes","source":"3dShapes"}},{"type":"Feature","geometry":{"type":"LineString","coordinates":[[4.862969,52.3861764],[4.862949,52.3862361],[4.8630479,52.3862486],[4.8630679,52.3861889],[4.862969,52.3861764]]},"properties":{"building":"yes","source":"3dShapes"}},{"type":"Feature","geometry":{"type":"LineString","coordinates":[[4.8602425,52.3873155],[4.8602059,52.387372],[4.8602998,52.3873949],[4.8603364,52.3873384],[4.8602425,52.3873155]]},"properties":{"building":"yes","source":"3dShapes"}},{"type":"Feature","geometry":{"type":"LineString","coordinates":[[4.8587288,52.3878034],[4.858649,52.387767],[4.8585887,52.3878165],[4.8586686,52.3878528],[4.8587288,52.3878034]]},"properties":{"building":"yes","source":"3dShapes"}},{"type":"Feature","geometry":{"type":"LineString","coordinates":[[4.8547502,52.3878876],[4.854678,52.3879294],[4.8547474,52.3879744],[4.8548197,52.3879326],[4.8547502,52.3878876]]},"properties":{"building":"yes","source":"3dShapes"}},{"type":"Feature","geometry":{"type":"LineString","coordinates":[[4.8617528,52.3875843],[4.8617329,52.3876437],[4.8618319,52.3876562],[4.8618518,52.3875965],[4.8617528,52.3875843]]},"properties":{"building":"yes","source":"3dShapes"}},{"type":"Feature","geometry":{"type":"LineString","coordinates":[[4.8583542,52.3864706],[4.858282,52.3865124],[4.8583513,52.3865574],[4.8584236,52.3865156],[4.8583542,52.3864706]]},"properties":{"building":"yes","source":"3dShapes"}},{"type":"Feature","geometry":{"type":"LineString","coordinates":[[4.8636688,52.3882561],[4.8636488,52.3883157],[4.8637477,52.3883281],[4.8637678,52.3882685],[4.8636688,52.3882561]]},"properties":{"building":"yes","source":"3dShapes"}},{"type":"Feature","geometry":{"type":"LineString","coordinates":[[4.8497464,52.3868223],[4.849674,52.3868641],[4.8497435,52.3869088],[4.8498157,52.386867],[4.8497464,52.3868223]]},"properties":{"building":"yes","source":"3dShapes"}},{"type":"Feature","geometry":{"type":"LineString","coordinates":[[4.8553366,52.3882416],[4.8552644,52.3882834],[4.8553337,52.3883284],[4.855406,52.3882866],[4.8553366,52.3882416]]},"properties":{"building":"yes","source":"3dShapes"}},{"type":"Feature","geometry":{"type":"LineString","coordinates":[[4.8514906,52.3873599],[4.8514184,52.387402],[4.8514877,52.3874467],[4.8515601,52.3874049],[4.8514906,52.3873599]]},"properties":{"building":"yes","source":"3dShapes"}},{"type":"Feature","geometry":{"type":"LineString","coordinates":[[4.8481873,52.387903],[4.8481151,52.3879451],[4.8481844,52.3879898],[4.8482568,52.387948],[4.8481873,52.387903]]},"properties":{"building":"yes","source":"3dShapes"}},{"type":"Feature","geometry":{"type":"LineString","coordinates":[[4.8490205,52.3873858],[4.8489483,52.3874276],[4.8490177,52.3874723],[4.8490899,52.3874305],[4.8490205,52.3873858]]},"properties":{"building":"yes","source":"3dShapes"}},{"type":"Feature","geometry":{"type":"LineString","coordinates":[[4.8589851,52.387196],[4.8589177,52.3872409],[4.8589921,52.3872826],[4.8590594,52.3872379],[4.8589851,52.387196]]},"properties":{"building":"yes","source":"3dShapes"}},{"type":"Feature","geometry":{"type":"LineString","coordinates":[[4.853764,52.3882412],[4.8536918,52.3882832],[4.8537611,52.3883279],[4.8538334,52.3882861],[4.853764,52.3882412]]},"properties":{"building":"yes","source":"3dShapes"}},{"type":"Feature","geometry":{"type":"LineString","coordinates":[[4.8518836,52.3884709],[4.8518114,52.3885127],[4.8518808,52.3885577],[4.8519531,52.3885159],[4.8518836,52.3884709]]},"properties":{"building":"yes","source":"3dShapes"}},{"type":"Feature","geometry":{"type":"LineString","coordinates":[[4.854625,52.3877271],[4.8545527,52.3877689],[4.8546222,52.3878139],[4.8546944,52.3877721],[4.854625,52.3877271]]},"properties":{"building":"yes","source":"3dShapes"}},{"type":"Feature","geometry":{"type":"LineString","coordinates":[[4.8603567,52.3878384],[4.8603367,52.3878982],[4.8604358,52.3879104],[4.8604557,52.3878509],[4.8603567,52.3878384]]},"properties":{"building":"yes","source":"3dShapes"}},{"type":"Feature","geometry":{"type":"LineString","coordinates":[[4.8476085,52.3880651],[4.8475361,52.3881069],[4.8476056,52.3881519],[4.8476778,52.3881101],[4.8476085,52.3880651]]},"properties":{"building":"yes","source":"3dShapes"}},{"type":"Feature","geometry":{"type":"LineString","coordinates":[[4.8508873,52.3877189],[4.8508151,52.3877607],[4.8508845,52.3878054],[4.8509568,52.3877636],[4.8508873,52.3877189]]},"properties":{"building":"yes","source":"3dShapes"}},{"type":"Feature","geometry":{"type":"LineString","coordinates":[[4.8541209,52.3871441],[4.8540487,52.3871859],[4.8541181,52.3872309],[4.8541904,52.3871891],[4.8541209,52.3871441]]},"properties":{"building":"yes","source":"3dShapes"}},{"type":"Feature","geometry":{"type":"LineString","coordinates":[[4.8564854,52.3863219],[4.856413,52.3863637],[4.8564825,52.3864084],[4.8565547,52.3863666],[4.8564854,52.3863219]]},"properties":{"building":"yes","source":"3dShapes"}},{"type":"Feature","geometry":{"type":"LineString","coordinates":[[4.8619653,52.3875035],[4.8619453,52.3875632],[4.8620443,52.3875757],[4.8620643,52.387516],[4.8619653,52.3875035]]},"properties":{"building":"yes","source":"3dShapes"}},{"type":"Feature","geometry":{"type":"LineString","coordinates":[[4.8496203,52.3879431],[4.8495479,52.3879848],[4.8496174,52.3880297],[4.8496898,52.387988],[4.8496203,52.3879431]]},"properties":{"building":"yes","source":"3dShapes"}},{"type":"Feature","geometry":{"type":"LineString","coordinates":[[4.8478584,52.3876994],[4.8477862,52.3877412],[4.8478556,52.3877859],[4.8479278,52.3877441],[4.8478584,52.3876994]]},"properties":{"building":"yes","source":"3dShapes"}},{"type":"Feature","geometry":{"type":"LineString","coordinates":[[4.8567078,52.3881988],[4.8566415,52.3882368],[4.8567045,52.3882777],[4.8567707,52.3882398],[4.8567078,52.3881988]]},"properties":{"building":"yes","building:levels":"1","source":"3dShapes"}},{"type":"Feature","geometry":{"type":"LineString","coordinates":[[4.8543932,52.3871396],[4.8543208,52.3871813],[4.8543903,52.3872263],[4.8544627,52.3871845],[4.8543932,52.3871396]]},"properties":{"building":"yes","ref":"49","source":"3dShapes"}},{"type":"Feature","geometry":{"type":"LineString","coordinates":[[4.8512769,52.3879344],[4.8512047,52.3879765],[4.8512742,52.3880212],[4.8513464,52.3879794],[4.8512769,52.3879344]]},"properties":{"building":"yes","source":"3dShapes"}},{"type":"Feature","geometry":{"type":"LineString","coordinates":[[4.8572029,52.3859373],[4.8571307,52.3859791],[4.8572001,52.3860241],[4.8572724,52.3859823],[4.8572029,52.3859373]]},"properties":{"building":"yes","source":"3dShapes"}},{"type":"Feature","geometry":{"type":"LineString","coordinates":[[4.8616543,52.3878386],[4.8616344,52.3878983],[4.8617334,52.3879105],[4.8617534,52.3878511],[4.8616543,52.3878386]]},"properties":{"building":"yes","source":"3dShapes"}},{"type":"Feature","geometry":{"type":"LineString","coordinates":[[4.8605285,52.3879631],[4.8605085,52.3880226],[4.8606074,52.3880351],[4.8606274,52.3879753],[4.8605285,52.3879631]]},"properties":{"building":"yes","source":"3dShapes"}},{"type":"Feature","geometry":{"type":"LineString","coordinates":[[4.8646214,52.387875],[4.8646251,52.38778],[4.8645028,52.3877782],[4.8645018,52.3878039],[4.8643818,52.3878022],[4.8643791,52.3878715],[4.8646214,52.387875]]},"properties":{"building":"yes","height":"5.2","ref:bag":"0363100012220383","source":"BAG","source:date":"2014-03-24","source:height":"3DBAG","source:height:date":"2025-09-03","start_date":"1963"}},{"type":"Feature","geometry":{"type":"LineString","coordinates":[[4.8517516,52.3871988],[4.8516794,52.3872406],[4.8517488,52.3872856],[4.8518211,52.3872438],[4.8517516,52.3871988]]},"properties":{"building":"yes","source":"3dShapes"}},{"type":"Feature","geometry":{"type":"LineString","coordinates":[[4.8570237,52.3867989],[4.8569514,52.3868407],[4.8570208,52.3868856],[4.8570931,52.3868438],[4.8570237,52.3867989]]},"properties":{"building":"yes","source":"3dShapes"}},{"type":"Feature","geometry":{"type":"LineString","coordinates":[[4.8514723,52.3864902],[4.8514001,52.386532],[4.8514695,52.386577],[4.8515418,52.3865351],[4.8514723,52.3864902]]},"properties":{"building":"yes","source":"3dShapes"}},{"type":"Feature","geometry":{"type":"LineString","coordinates":[[4.8545952,52.3861461],[4.8545228,52.3861879],[4.8545923,52.3862326],[4.8546645,52.3861908],[4.8545952,52.3861461]]},"properties":{"building":"yes","ref":"17","source":"3dShapes"}},{"type":"Feature","geometry":{"type":"LineString","coordinates":[[4.8625205,52.3879593],[4.8625007,52.3880191],[4.8625995,52.3880316],[4.8626195,52.3879718],[4.8625205,52.3879593]]},"properties":{"building":"yes","source":"3dShapes"}},{"type":"Feature","geometry":{"type":"LineString","coordinates":[[4.8541739,52.3862049],[4.8541016,52.3862467],[4.854171,52.3862916],[4.8542433,52.3862498],[4.8541739,52.3862049]]},"properties":{"building":"yes","source":"3dShapes"}},{"type":"Feature","geometry":{"type":"LineString","coordinates":[[4.8554186,52.386992],[4.8553463,52.3870338],[4.8554157,52.3870788],[4.8554879,52.387037],[4.8554186,52.386992]]},"properties":{"building":"yes","source":"3dShapes"}},{"type":"Feature","geometry":{"type":"LineString","coordinates":[[4.8509911,52.3873855],[4.8509189,52.3874273],[4.8509882,52.387472],[4.8510606,52.3874302],[4.8509911,52.3873855]]},"properties":{"building":"yes","source":"3dShapes"}},{"type":"Feature","geometry":{"type":"LineString","coordinates":[[4.8511609,52.3867852],[4.8510886,52.386827],[4.8511581,52.386872],[4.8512303,52.3868302],[4.8511609,52.3867852]]},"properties":{"building":"yes","source":"3dShapes"}},{"type":"Feature","geometry":{"type":"LineString","coordinates":[[4.8553107,52.3869003],[4.8552384,52.3869421],[4.8553078,52.3869871],[4.85538,52.3869453],[4.8553107,52.3869003]]},"properties":{"building":"yes","ref":"2","source":"3dShapes"}},{"type":"Feature","geometry":{"type":"LineString","coordinates":[[4.8557515,52.3866388],[4.8556792,52.3866806],[4.8557487,52.3867256],[4.8558209,52.3866838],[4.8557515,52.3866388]]},"properties":{"building":"yes","source":"3dShapes"}},{"type":"Feature","geometry":{"type":"LineString","coordinates":[[4.8641991,52.3885084],[4.8641792,52.3885678],[4.8642781,52.3885803],[4.8642981,52.3885206],[4.8641991,52.3885084]]},"properties":{"building":"yes","source":"3dShapes"}},{"type":"Feature","geometry":{"type":"LineString","coordinates":[[4.8642965,52.3879529],[4.8642998,52.3878716],[4.8642035,52.3878701],[4.8642002,52.3879514],[4.8642965,52.3879529]]},"properties":{"building":"yes","height":"3.1","ref:bag":"0363100012154428","source":"BAG","source:date":"2014-03-24","source:height":"3DBAG","source:height:date":"2025-09-03","start_date":"1963"}},{"type":"Feature","geometry":{"type":"LineString","coordinates":[[4.8563911,52.3862399],[4.8563189,52.3862817],[4.8563882,52.3863267],[4.8564606,52.3862849],[4.8563911,52.3862399]]},"properties":{"building":"yes","ref":"20","source":"3dShapes"}},{"type":"Feature","geometry":{"type":"LineString","coordinates":[[4.860342,52.3869554],[4.8602945,52.3870089],[4.8603832,52.3870385],[4.8604307,52.386985],[4.860342,52.3869554]]},"properties":{"building":"yes","source":"3dShapes"}},{"type":"Feature","geometry":{"type":"LineString","coordinates":[[4.8518593,52.3876067],[4.8517869,52.3876485],[4.8518564,52.3876932],[4.8519286,52.3876514],[4.8518593,52.3876067]]},"properties":{"building":"yes","source":"3dShapes"}},{"type":"Feature","geometry":{"type":"LineString","coordinates":[[4.855969,52.3866593],[4.8558968,52.3867011],[4.8559661,52.3867458],[4.8560385,52.386704],[4.855969,52.3866593]]},"properties":{"building":"yes","source":"3dShapes"}},{"type":"Feature","geometry":{"type":"LineString","coordinates":[[4.8559686,52.3878621],[4.8558963,52.3879039],[4.8559657,52.3879489],[4.8560379,52.3879071],[4.8559686,52.3878621]]},"properties":{"building":"yes","ref":"39","source":"3dShapes"}},{"type":"Feature","geometry":{"type":"LineString","coordinates":[[4.8550608,52.3865931],[4.8549915,52.3865481],[4.8549192,52.3865899],[4.8549886,52.3866349],[4.8550608,52.3865931]]},"properties":{"building":"yes","ref":"1","source":"3dShapes"}},{"type":"Feature","geometry":{"type":"LineString","coordinates":[[4.8502982,52.3880939],[4.8502259,52.3881357],[4.8502953,52.3881806],[4.8503675,52.3881388],[4.8502982,52.3880939]]},"properties":{"building":"yes","source":"3dShapes"}},{"type":"Feature","geometry":{"type":"LineString","coordinates":[[4.8611027,52.3863402],[4.8610828,52.3864],[4.8611817,52.3864122],[4.8612017,52.3863527],[4.8611027,52.3863402]]},"properties":{"building":"yes","source":"3dShapes"}},{"type":"Feature","geometry":{"type":"LineString","coordinates":[[4.8553898,52.3863192],[4.8553175,52.386361],[4.855387,52.386406],[4.8554592,52.3863642],[4.8553898,52.3863192]]},"properties":{"building":"yes","source":"3dShapes"}},{"type":"Feature","geometry":{"type":"LineString","coordinates":[[4.8536091,52.3876087],[4.8535368,52.3876505],[4.8536062,52.3876955],[4.8536785,52.3876537],[4.8536091,52.3876087]]},"properties":{"building":"yes","source":"3dShapes"}},{"type":"Feature","geometry":{"type":"LineString","coordinates":[[4.8614508,52.3869045],[4.8614308,52.3869642],[4.8615297,52.3869768],[4.8615496,52.386917],[4.8614508,52.3869045]]},"properties":{"building":"yes","source":"3dShapes"}},{"type":"Feature","geometry":{"type":"LineString","coordinates":[[4.8614553,52.3872966],[4.8614353,52.3873561],[4.8615343,52.3873686],[4.8615543,52.3873088],[4.8614553,52.3872966]]},"properties":{"building":"yes","source":"3dShapes"}},{"type":"Feature","geometry":{"type":"LineString","coordinates":[[4.8614573,52.3883494],[4.8614373,52.3884092],[4.8615362,52.3884217],[4.8615562,52.3883619],[4.8614573,52.3883494]]},"properties":{"building":"yes","source":"3dShapes"}},{"type":"Feature","geometry":{"type":"LineString","coordinates":[[4.8607349,52.3868445],[4.8607149,52.3869043],[4.8608139,52.3869165],[4.8608339,52.3868571],[4.8607349,52.3868445]]},"properties":{"building":"yes","source":"3dShapes"}},{"type":"Feature","geometry":{"type":"LineString","coordinates":[[4.8549737,52.3863811],[4.8549014,52.3864229],[4.8549709,52.3864676],[4.8550431,52.3864258],[4.8549737,52.3863811]]},"properties":{"building":"yes","source":"3dShapes"}},{"type":"Feature","geometry":{"type":"LineString","coordinates":[[4.8520598,52.3862867],[4.8519876,52.3863285],[4.852057,52.3863735],[4.8521292,52.3863317],[4.8520598,52.3862867]]},"properties":{"building":"yes","source":"3dShapes"}},{"type":"Feature","geometry":{"type":"LineString","coordinates":[[4.8528601,52.3880596],[4.8527878,52.3881014],[4.8528573,52.3881464],[4.8529295,52.3881046],[4.8528601,52.3880596]]},"properties":{"building":"yes","source":"3dShapes"}},{"type":"Feature","geometry":{"type":"LineString","coordinates":[[4.8491768,52.386636],[4.8491045,52.3866778],[4.8491739,52.3867228],[4.8492461,52.386681],[4.8491768,52.386636]]},"properties":{"building":"yes","source":"3dShapes"}},{"type":"Feature","geometry":{"type":"LineString","coordinates":[[4.8631275,52.3877501],[4.8631075,52.3878096],[4.8632065,52.3878221],[4.8632265,52.3877623],[4.8631275,52.3877501]]},"properties":{"building":"yes","source":"3dShapes"}},{"type":"Feature","geometry":{"type":"LineString","coordinates":[[4.8492959,52.3877378],[4.8492237,52.3877797],[4.8492931,52.3878246],[4.8493653,52.3877828],[4.8492959,52.3877378]]},"properties":{"building":"yes","source":"3dShapes"}},{"type":"Feature","geometry":{"type":"LineString","coordinates":[[4.8509064,52.3869903],[4.850834,52.3870321],[4.8509035,52.3870771],[4.8509757,52.3870353],[4.8509064,52.3869903]]},"properties":{"building":"yes","source":"3dShapes"}},{"type":"Feature","geometry":{"type":"LineString","coordinates":[[4.8531367,52.3870154],[4.8530644,52.3870574],[4.8531338,52.3871021],[4.8532061,52.3870603],[4.8531367,52.3870154]]},"properties":{"building":"yes","source":"3dShapes"}},{"type":"Feature","geometry":{"type":"LineString","coordinates":[[4.8497573,52.3870346],[4.8496851,52.3870767],[4.8497544,52.3871214],[4.8498268,52.3870795],[4.8497573,52.3870346]]},"properties":{"building":"yes","source":"3dShapes"}},{"type":"Feature","geometry":{"type":"LineString","coordinates":[[4.8643264,52.3881286],[4.8643064,52.3881883],[4.8644054,52.3882008],[4.8644254,52.3881411],[4.8643264,52.3881286]]},"properties":{"building":"yes","source":"3dShapes"}},{"type":"Feature","geometry":{"type":"LineString","coordinates":[[4.8617382,52.3865293],[4.8617183,52.3865887],[4.8618171,52.3866012],[4.8618371,52.3865415],[4.8617382,52.3865293]]},"properties":{"building":"yes","source":"3dShapes"}},{"type":"Feature","geometry":{"type":"LineString","coordinates":[[4.8583448,52.3876037],[4.8582774,52.3876484],[4.8583518,52.3876901],[4.8584191,52.3876454],[4.8583448,52.3876037]]},"properties":{"building":"yes","source":"3dShapes"}},{"type":"Feature","geometry":{"type":"LineString","coordinates":[[4.854625,52.385697],[4.8549197,52.3857019],[4.854929,52.3855001],[4.8546343,52.385495],[4.854625,52.385697]]},"properties":{"building":"apartments","height":"13","name":"De Voortuinen","ref:bag":"0363100012116511","source":"BAG","source:date":"2026-01-10","start_date":"1970"}},{"type":"Feature","geometry":{"type":"LineString","coordinates":[[4.8594161,52.3858973],[4.8593173,52.3858904],[4.8593058,52.3859518],[4.8594046,52.3859587],[4.8594161,52.3858973]]},"properties":{"building":"yes","source":"3dShapes"}},{"type":"Feature","geometry":{"type":"LineString","coordinates":[[4.8479821,52.3874733],[4.8480514,52.3874316],[4.8479831,52.3873892],[4.8479138,52.3874309],[4.8479821,52.3874733]]},"properties":{"building":"yes","source":"3dShapes"}},{"type":"Feature","geometry":{"type":"LineString","coordinates":[[4.8570906,52.3864339],[4.8570184,52.3864757],[4.8570877,52.3865206],[4.8571601,52.3864788],[4.8570906,52.3864339]]},"properties":{"building":"yes","source":"3dShapes"}},{"type":"Feature","geometry":{"type":"LineString","coordinates":[[4.8635851,52.386497],[4.8635651,52.3865565],[4.8636641,52.386569],[4.8636841,52.3865092],[4.8635851,52.386497]]},"properties":{"building":"yes","source":"3dShapes"}},{"type":"Feature","geometry":{"type":"LineString","coordinates":[[4.8616078,52.3865153],[4.8615879,52.3865748],[4.8616869,52.3865873],[4.8617068,52.3865278],[4.8616078,52.3865153]]},"properties":{"building":"yes","source":"3dShapes"}},{"type":"Feature","geometry":{"type":"LineString","coordinates":[[4.8607758,52.3860282],[4.8607558,52.3860877],[4.8608547,52.3861002],[4.8608747,52.3860407],[4.8607758,52.3860282]]},"properties":{"building":"yes","source":"3dShapes"}},{"type":"Feature","geometry":{"type":"LineString","coordinates":[[4.8487994,52.3882589],[4.8487405,52.3882936],[4.8487774,52.3883169],[4.8487455,52.3883358],[4.8488124,52.3883781],[4.8489033,52.3883245],[4.8487994,52.3882589]]},"properties":{"building":"yes","source":"3dShapes"}},{"type":"Feature","geometry":{"type":"LineString","coordinates":[[4.8624552,52.3875635],[4.8624352,52.3876232],[4.8625342,52.3876355],[4.8625542,52.387576],[4.8624552,52.3875635]]},"properties":{"building":"yes","source":"3dShapes"}},{"type":"Feature","geometry":{"type":"LineString","coordinates":[[4.8498845,52.3879312],[4.8498123,52.387973],[4.8498816,52.388018],[4.8499539,52.3879759],[4.8498845,52.3879312]]},"properties":{"building":"yes","source":"3dShapes"}},{"type":"Feature","geometry":{"type":"LineString","coordinates":[[4.8499118,52.3869205],[4.8498396,52.3869623],[4.849909,52.3870072],[4.8499812,52.3869654],[4.8499118,52.3869205]]},"properties":{"building":"yes","source":"3dShapes"}},{"type":"Feature","geometry":{"type":"LineString","coordinates":[[4.8607877,52.3866737],[4.8607677,52.3867332],[4.8608668,52.3867457],[4.8608867,52.386686],[4.8607877,52.3866737]]},"properties":{"building":"yes","source":"3dShapes"}},{"type":"Feature","geometry":{"type":"LineString","coordinates":[[4.8546708,52.3865719],[4.8545986,52.3866137],[4.8546679,52.3866587],[4.8547402,52.3866169],[4.8546708,52.3865719]]},"properties":{"building":"yes","source":"3dShapes"}},{"type":"Feature","geometry":{"type":"LineString","coordinates":[[4.863046,52.3880343],[4.8630259,52.3880938],[4.863125,52.3881063],[4.8631451,52.3880468],[4.863046,52.3880343]]},"properties":{"building":"yes","source":"3dShapes"}},{"type":"Feature","geometry":{"type":"LineString","coordinates":[[4.8604901,52.3875523],[4.8604701,52.387612],[4.860569,52.3876243],[4.860589,52.3875648],[4.8604901,52.3875523]]},"properties":{"building":"yes","source":"3dShapes"}},{"type":"Feature","geometry":{"type":"LineString","coordinates":[[4.8627834,52.3871672],[4.8627634,52.3872267],[4.8628624,52.3872392],[4.8628824,52.3871798],[4.8627834,52.3871672]]},"properties":{"building":"yes","source":"3dShapes"}},{"type":"Feature","geometry":{"type":"LineString","coordinates":[[4.8600714,52.3869765],[4.8600238,52.3870299],[4.8601124,52.3870595],[4.8601601,52.3870061],[4.8600714,52.3869765]]},"properties":{"building":"yes","source":"3dShapes"}},{"type":"Feature","geometry":{"type":"LineString","coordinates":[[4.8541278,52.387253],[4.8540556,52.3872948],[4.854125,52.3873395],[4.8541973,52.3872977],[4.8541278,52.387253]]},"properties":{"building":"yes","ref":"47","source":"3dShapes"}},{"type":"Feature","geometry":{"type":"LineString","coordinates":[[4.856888,52.3859736],[4.8567887,52.3859774],[4.8567947,52.3860389],[4.856894,52.3860355],[4.856888,52.3859736]]},"properties":{"building":"yes","source":"3dShapes"}},{"type":"Feature","geometry":{"type":"LineString","coordinates":[[4.8587478,52.3873529],[4.8586805,52.3873978],[4.8587549,52.3874394],[4.8588222,52.3873948],[4.8587478,52.3873529]]},"properties":{"building":"yes","source":"3dShapes"}},{"type":"Feature","geometry":{"type":"LineString","coordinates":[[4.8531985,52.3884307],[4.8531263,52.3884725],[4.8531957,52.3885174],[4.853268,52.3884756],[4.8531985,52.3884307]]},"properties":{"building":"yes","source":"3dShapes"}},{"type":"Feature","geometry":{"type":"LineString","coordinates":[[4.8555428,52.3867658],[4.8554705,52.3868076],[4.8555399,52.3868525],[4.8556121,52.3868107],[4.8555428,52.3867658]]},"properties":{"building":"yes","source":"3dShapes"}},{"type":"Feature","geometry":{"type":"LineString","coordinates":[[4.8609182,52.3868474],[4.8608982,52.3869069],[4.8609971,52.3869194],[4.8610171,52.3868596],[4.8609182,52.3868474]]},"properties":{"building":"yes","source":"3dShapes"}},{"type":"Feature","geometry":{"type":"LineString","coordinates":[[4.8597605,52.387722],[4.8597128,52.3877754],[4.8598015,52.387805],[4.8598492,52.3877516],[4.8597605,52.387722]]},"properties":{"building":"yes","source":"3dShapes"}},{"type":"Feature","geometry":{"type":"LineString","coordinates":[[4.8632587,52.3873812],[4.8632387,52.3874407],[4.8633377,52.3874532],[4.8633577,52.3873935],[4.8632587,52.3873812]]},"properties":{"building":"yes","source":"3dShapes"}},{"type":"Feature","geometry":{"type":"LineString","coordinates":[[4.8554251,52.386077],[4.8553529,52.3861188],[4.8554223,52.3861637],[4.8554946,52.3861219],[4.8554251,52.386077]]},"properties":{"building":"yes","ref":"28","source":"3dShapes"}},{"type":"Feature","geometry":{"type":"LineString","coordinates":[[4.8507747,52.3868958],[4.8507025,52.3869376],[4.8507718,52.3869826],[4.8508441,52.3869408],[4.8507747,52.3868958]]},"properties":{"building":"yes","source":"3dShapes"}},{"type":"Feature","geometry":{"type":"LineString","coordinates":[[4.862556,52.3872769],[4.8625361,52.3873366],[4.862635,52.3873492],[4.862655,52.3872894],[4.862556,52.3872769]]},"properties":{"building":"yes","source":"3dShapes"}},{"type":"Feature","geometry":{"type":"LineString","coordinates":[[4.8616715,52.3867856],[4.8616515,52.3868454],[4.8617504,52.3868579],[4.8617704,52.3867981],[4.8616715,52.3867856]]},"properties":{"building":"yes","source":"3dShapes"}},{"type":"Feature","geometry":{"type":"LineString","coordinates":[[4.8524404,52.3880772],[4.8529523,52.3877704],[4.8528708,52.3877196],[4.8526565,52.387848],[4.8526069,52.3878168],[4.8524127,52.3879331],[4.8523427,52.3878894],[4.8522392,52.3879514],[4.8524404,52.3880772]]},"properties":{"building":"yes","height":"5.2","name":"Kantine","ref:bag":"0363100012230952","source":"BAG","source:date":"2014-03-24","source:height":"3DBAG","source:height:date":"2025-09-03","start_date":"1982"}},{"type":"Feature","geometry":{"type":"LineString","coordinates":[[4.8603987,52.3883283],[4.8603787,52.3883881],[4.8604776,52.3884003],[4.8604976,52.3883408],[4.8603987,52.3883283]]},"properties":{"building":"yes","source":"3dShapes"}},{"type":"Feature","geometry":{"type":"LineString","coordinates":[[4.8522534,52.3882391],[4.8521812,52.3882809],[4.8522505,52.3883256],[4.8523229,52.3882838],[4.8522534,52.3882391]]},"properties":{"building":"yes","source":"3dShapes"}},{"type":"Feature","geometry":{"type":"LineString","coordinates":[[4.8626262,52.3861326],[4.8626062,52.3861923],[4.8627051,52.3862046],[4.8627251,52.3861451],[4.8626262,52.3861326]]},"properties":{"building":"yes","source":"3dShapes"}},{"type":"Feature","geometry":{"type":"LineString","coordinates":[[4.8578333,52.3872821],[4.857766,52.387327],[4.8578404,52.3873686],[4.8579078,52.387324],[4.8578333,52.3872821]]},"properties":{"building":"yes","source":"3dShapes"}},{"type":"Feature","geometry":{"type":"LineString","coordinates":[[4.8600121,52.3873975],[4.8599646,52.3874509],[4.8600533,52.3874805],[4.8601009,52.3874271],[4.8600121,52.3873975]]},"properties":{"building":"yes","source":"3dShapes"}},{"type":"Feature","geometry":{"type":"LineString","coordinates":[[4.8613952,52.3874622],[4.8613752,52.387522],[4.8614741,52.3875345],[4.8614941,52.3874748],[4.8613952,52.3874622]]},"properties":{"building":"yes","source":"3dShapes"}},{"type":"Feature","geometry":{"type":"LineString","coordinates":[[4.8604072,52.3867379],[4.8603389,52.3866935],[4.8602655,52.3867362],[4.8603339,52.3867803],[4.8604072,52.3867379]]},"properties":{"building":"yes","source":"3dShapes"}},{"type":"Feature","geometry":{"type":"LineString","coordinates":[[4.8482036,52.3867128],[4.8481312,52.3867546],[4.8482007,52.3867993],[4.8482729,52.3867575],[4.8482036,52.3867128]]},"properties":{"building":"yes","source":"3dShapes"}},{"type":"Feature","geometry":{"type":"LineString","coordinates":[[4.8485096,52.3880961],[4.8484374,52.3881379],[4.8485069,52.3881829],[4.8485791,52.3881411],[4.8485096,52.3880961]]},"properties":{"building":"yes","source":"3dShapes"}},{"type":"Feature","geometry":{"type":"LineString","coordinates":[[4.8616767,52.3882586],[4.8616567,52.3883183],[4.8617557,52.3883305],[4.8617756,52.3882711],[4.8616767,52.3882586]]},"properties":{"building":"yes","source":"3dShapes"}},{"type":"Feature","geometry":{"type":"LineString","coordinates":[[4.8551226,52.3883737],[4.8550502,52.3884155],[4.8551197,52.3884605],[4.8551919,52.3884187],[4.8551226,52.3883737]]},"properties":{"building":"yes","source":"3dShapes"}},{"type":"Feature","geometry":{"type":"LineString","coordinates":[[4.8532898,52.3867515],[4.8532176,52.3867933],[4.8532869,52.3868382],[4.8533592,52.3867964],[4.8532898,52.3867515]]},"properties":{"building":"yes","source":"3dShapes"}},{"type":"Feature","geometry":{"type":"LineString","coordinates":[[4.8528574,52.3865369],[4.8527851,52.3865787],[4.8528545,52.3866237],[4.8529268,52.3865819],[4.8528574,52.3865369]]},"properties":{"building":"yes","source":"3dShapes"}},{"type":"Feature","geometry":{"type":"LineString","coordinates":[[4.852127,52.3869026],[4.8520576,52.3868576],[4.8519853,52.3868994],[4.8520548,52.3869444],[4.852127,52.3869026]]},"properties":{"building":"yes","source":"3dShapes"}},{"type":"Feature","geometry":{"type":"LineString","coordinates":[[4.8607876,52.3858918],[4.8607725,52.3859522],[4.8608724,52.3859613],[4.8608875,52.3859013],[4.8607876,52.3858918]]},"properties":{"building":"yes","source":"3dShapes"}},{"type":"Feature","geometry":{"type":"LineString","coordinates":[[4.8598344,52.3878975],[4.8597868,52.387951],[4.8598755,52.3879806],[4.8599231,52.3879271],[4.8598344,52.3878975]]},"properties":{"building":"yes","source":"3dShapes"}},{"type":"Feature","geometry":{"type":"LineString","coordinates":[[4.8571889,52.3862514],[4.8571167,52.3862933],[4.857186,52.3863382],[4.8572583,52.3862964],[4.8571889,52.3862514]]},"properties":{"building":"yes","source":"3dShapes"}},{"type":"Feature","geometry":{"type":"LineString","coordinates":[[4.849175,52.3869111],[4.8491027,52.3869529],[4.8491721,52.3869979],[4.8492444,52.3869561],[4.849175,52.3869111]]},"properties":{"building":"yes","source":"3dShapes"}},{"type":"Feature","geometry":{"type":"LineString","coordinates":[[4.8501546,52.3876064],[4.8500823,52.3876482],[4.8501517,52.3876931],[4.850224,52.3876513],[4.8501546,52.3876064]]},"properties":{"building":"yes","source":"3dShapes"}},{"type":"Feature","geometry":{"type":"LineString","coordinates":[[4.8529882,52.3863051],[4.8529159,52.3863469],[4.8529853,52.3863916],[4.8530576,52.3863498],[4.8529882,52.3863051]]},"properties":{"building":"yes","source":"3dShapes"}},{"type":"Feature","geometry":{"type":"LineString","coordinates":[[4.8618519,52.3862701],[4.8618319,52.3863296],[4.8619308,52.3863421],[4.8619507,52.3862823],[4.8618519,52.3862701]]},"properties":{"building":"yes","source":"3dShapes"}},{"type":"Feature","geometry":{"type":"LineString","coordinates":[[4.8470085,52.3875642],[4.846988,52.3875496],[4.8469639,52.387539],[4.8469802,52.3875331],[4.8469093,52.3874612],[4.8468406,52.3874866],[4.8469057,52.3875525],[4.8468714,52.3875652],[4.8468843,52.3875783],[4.8468091,52.3875976],[4.8468535,52.3876621],[4.8469286,52.3876428],[4.8468894,52.3875857],[4.8469433,52.38757],[4.8469531,52.3875827],[4.8470085,52.3875642]]},"properties":{"building":"yes","height":"5.6","ref:bag":"0363100012203605","source":"BAG","source:date":"2014-03-24","source:height":"3DBAG","source:height:date":"2025-09-03","start_date":"1988"}},{"type":"Feature","geometry":{"type":"LineString","coordinates":[[4.860835,52.3870894],[4.8608151,52.3871492],[4.860914,52.3871614],[4.860934,52.3871019],[4.860835,52.3870894]]},"properties":{"building":"yes","source":"3dShapes"}},{"type":"Feature","geometry":{"type":"LineString","coordinates":[[4.8584284,52.3860805],[4.8583577,52.3861229],[4.8584108,52.3861559],[4.8584815,52.3861135],[4.8584284,52.3860805]]},"properties":{"building":"yes","source":"3dShapes"}},{"type":"Feature","geometry":{"type":"LineString","coordinates":[[4.8560649,52.3864423],[4.8559925,52.3864843],[4.856062,52.386529],[4.8561342,52.3864872],[4.8560649,52.3864423]]},"properties":{"building":"yes","ref":"18","source":"3dShapes"}},{"type":"Feature","geometry":{"type":"LineString","coordinates":[[4.855722,52.3881893],[4.8556625,52.3882324],[4.8556873,52.3882485],[4.8557032,52.3882377],[4.8557438,52.3882601],[4.8557897,52.3882252],[4.855722,52.3881893]]},"properties":{"building":"yes","building:levels":"1","source":"3dShapes"}},{"type":"Feature","geometry":{"type":"LineString","coordinates":[[4.8620787,52.3871931],[4.8620587,52.3872528],[4.8621576,52.3872653],[4.8621776,52.3872056],[4.8620787,52.3871931]]},"properties":{"building":"yes","source":"3dShapes"}},{"type":"Feature","geometry":{"type":"LineString","coordinates":[[4.8623977,52.3864567],[4.8623777,52.3865161],[4.8624766,52.3865286],[4.8624966,52.3864689],[4.8623977,52.3864567]]},"properties":{"building":"yes","source":"3dShapes"}},{"type":"Feature","geometry":{"type":"LineString","coordinates":[[4.8583863,52.3874144],[4.858319,52.3874591],[4.8583935,52.3875009],[4.8584608,52.3874561],[4.8583863,52.3874144]]},"properties":{"building":"yes","source":"3dShapes"}},{"type":"Feature","geometry":{"type":"LineString","coordinates":[[4.8618598,52.3877746],[4.8618399,52.3878343],[4.8619387,52.3878468],[4.8619587,52.3877871],[4.8618598,52.3877746]]},"properties":{"building":"yes","source":"3dShapes"}},{"type":"Feature","geometry":{"type":"LineString","coordinates":[[4.8545443,52.3868944],[4.8544719,52.3869362],[4.8545414,52.386981],[4.8546138,52.3869393],[4.8545443,52.3868944]]},"properties":{"building":"yes","source":"3dShapes"}},{"type":"Feature","geometry":{"type":"LineString","coordinates":[[4.8622992,52.3880672],[4.8622793,52.3881267],[4.8623783,52.3881392],[4.8623982,52.3880795],[4.8622992,52.3880672]]},"properties":{"building":"yes","source":"3dShapes"}},{"type":"Feature","geometry":{"type":"LineString","coordinates":[[4.8513547,52.3867158],[4.8512824,52.3867576],[4.8513518,52.3868026],[4.851424,52.3867608],[4.8513547,52.3867158]]},"properties":{"building":"yes","source":"3dShapes"}},{"type":"Feature","geometry":{"type":"LineString","coordinates":[[4.8623069,52.3867241],[4.8622869,52.3867836],[4.8623858,52.3867961],[4.8624058,52.3867364],[4.8623069,52.3867241]]},"properties":{"building":"yes","source":"3dShapes"}},{"type":"Feature","geometry":{"type":"LineString","coordinates":[[4.8618888,52.3873418],[4.8618688,52.3874016],[4.8619678,52.3874138],[4.8619878,52.3873544],[4.8618888,52.3873418]]},"properties":{"building":"yes","source":"3dShapes"}},{"type":"Feature","geometry":{"type":"LineString","coordinates":[[4.8557552,52.3879731],[4.8556829,52.3880149],[4.8557523,52.3880599],[4.8558246,52.3880181],[4.8557552,52.3879731]]},"properties":{"building":"yes","source":"3dShapes"}},{"type":"Feature","geometry":{"type":"LineString","coordinates":[[4.8559721,52.386933],[4.8558997,52.3869751],[4.8559692,52.3870197],[4.8560414,52.3869779],[4.8559721,52.386933]]},"properties":{"building":"yes","source":"3dShapes"}},{"type":"Feature","geometry":{"type":"LineString","coordinates":[[4.8630804,52.3864423],[4.8630604,52.3865017],[4.8631593,52.3865143],[4.8631793,52.3864545],[4.8630804,52.3864423]]},"properties":{"building":"yes","source":"3dShapes"}},{"type":"Feature","geometry":{"type":"LineString","coordinates":[[4.8486484,52.3872072],[4.848576,52.387249],[4.8486455,52.3872939],[4.8487177,52.3872521],[4.8486484,52.3872072]]},"properties":{"building":"yes","source":"3dShapes"}},{"type":"Feature","geometry":{"type":"LineString","coordinates":[[4.8595503,52.3867367],[4.859483,52.3867817],[4.8595575,52.3868233],[4.8596248,52.3867786],[4.8595503,52.3867367]]},"properties":{"building":"yes","source":"3dShapes"}},{"type":"Feature","geometry":{"type":"LineString","coordinates":[[4.8479893,52.3867686],[4.8479171,52.3868104],[4.8479864,52.3868554],[4.8480588,52.3868136],[4.8479893,52.3867686]]},"properties":{"building":"yes","source":"3dShapes"}},{"type":"Feature","geometry":{"type":"LineString","coordinates":[[4.8505524,52.3879412],[4.8504801,52.3879829],[4.8505495,52.3880278],[4.8506219,52.3879861],[4.8505524,52.3879412]]},"properties":{"building":"yes","source":"3dShapes"}},{"type":"Feature","geometry":{"type":"LineString","coordinates":[[4.8603343,52.3862755],[4.8603522,52.3862355],[4.8602892,52.3862249],[4.8602958,52.3862103],[4.8602683,52.3862057],[4.8602438,52.3862604],[4.8603343,52.3862755]]},"properties":{"addr:housenumber":"256","addr:street":"Tritomalaan","building":"yes","building:levels":"1","source":"3dShapes"}},{"type":"Feature","geometry":{"type":"LineString","coordinates":[[4.8624183,52.3882205],[4.8623984,52.3882802],[4.8624973,52.3882925],[4.8625172,52.388233],[4.8624183,52.3882205]]},"properties":{"building":"yes","source":"3dShapes"}},{"type":"Feature","geometry":{"type":"LineString","coordinates":[[4.8635124,52.3867653],[4.8634924,52.3868251],[4.8635913,52.3868373],[4.8636113,52.3867778],[4.8635124,52.3867653]]},"properties":{"building":"yes","source":"3dShapes"}},{"type":"Feature","geometry":{"type":"LineString","coordinates":[[4.8517463,52.3870479],[4.8516739,52.3870897],[4.8517434,52.3871346],[4.8518156,52.3870928],[4.8517463,52.3870479]]},"properties":{"building":"yes","source":"3dShapes"}},{"type":"Feature","geometry":{"type":"LineString","coordinates":[[4.861271,52.3877967],[4.8612511,52.3878565],[4.86135,52.387869],[4.86137,52.3878092],[4.861271,52.3877967]]},"properties":{"building":"yes","source":"3dShapes"}},{"type":"Feature","geometry":{"type":"LineString","coordinates":[[4.85797,52.3862105],[4.8578976,52.3862523],[4.8579671,52.3862971],[4.8580394,52.3862554],[4.85797,52.3862105]]},"properties":{"building":"yes","source":"3dShapes"}},{"type":"Feature","geometry":{"type":"LineString","coordinates":[[4.8531046,52.3879097],[4.8530323,52.3879517],[4.8531018,52.3879964],[4.853174,52.3879546],[4.8531046,52.3879097]]},"properties":{"building":"yes","source":"3dShapes"}},{"type":"Feature","geometry":{"type":"LineString","coordinates":[[4.8548213,52.3874252],[4.8547491,52.387467],[4.8548186,52.387512],[4.8548908,52.3874702],[4.8548213,52.3874252]]},"properties":{"building":"yes","source":"3dShapes"}},{"type":"Feature","geometry":{"type":"LineString","coordinates":[[4.8596002,52.3874913],[4.8595481,52.387543],[4.8596342,52.3875754],[4.8596863,52.3875237],[4.8596002,52.3874913]]},"properties":{"building":"yes","source":"3dShapes"}},{"type":"Feature","geometry":{"type":"LineString","coordinates":[[4.8568376,52.386115],[4.8567654,52.3861568],[4.8568348,52.3862018],[4.8569071,52.38616],[4.8568376,52.386115]]},"properties":{"building":"yes","source":"3dShapes"}},{"type":"Feature","geometry":{"type":"LineString","coordinates":[[4.8629283,52.3882915],[4.8629083,52.3883512],[4.8630073,52.3883638],[4.8630273,52.388304],[4.8629283,52.3882915]]},"properties":{"building":"yes","source":"3dShapes"}},{"type":"Feature","geometry":{"type":"LineString","coordinates":[[4.8590746,52.3862898],[4.859103,52.3862315],[4.8590062,52.386214],[4.8589778,52.3862723],[4.8590746,52.3862898]]},"properties":{"building":"yes","source":"3dShapes"}},{"type":"Feature","geometry":{"type":"LineString","coordinates":[[4.8646196,52.3885296],[4.8645996,52.388589],[4.8646985,52.3886016],[4.8647185,52.3885421],[4.8646196,52.3885296]]},"properties":{"building":"yes","source":"3dShapes"}},{"type":"Feature","geometry":{"type":"LineString","coordinates":[[4.8488246,52.386835],[4.8487523,52.3868768],[4.8488217,52.3869217],[4.848894,52.3868799],[4.8488246,52.386835]]},"properties":{"building":"yes","source":"3dShapes"}},{"type":"Feature","geometry":{"type":"LineString","coordinates":[[4.8539638,52.3879369],[4.8538915,52.3879787],[4.853961,52.3880237],[4.8540332,52.3879819],[4.8539638,52.3879369]]},"properties":{"building":"yes","source":"3dShapes"}},{"type":"Feature","geometry":{"type":"LineString","coordinates":[[4.8654581,52.387417],[4.8654626,52.3873463],[4.8652147,52.3873403],[4.8652098,52.3874106],[4.8654581,52.387417]]},"properties":{"building":"house","height":"5.5","ref:bag":"0363100012084789","source":"BAG","source:date":"2014-03-24","source:height":"3DBAG","source:height:date":"2025-09-03","start_date":"1997"}},{"type":"Feature","geometry":{"type":"LineString","coordinates":[[4.8562628,52.3884816],[4.8562637,52.3884432],[4.8561045,52.3884426],[4.8561037,52.3884151],[4.855941,52.3884148],[4.8559396,52.3884814],[4.855831,52.3884807],[4.8558304,52.3885256],[4.8563714,52.3885267],[4.8563717,52.3884821],[4.8562628,52.3884816]]},"properties":{"building":"yes","height":"3.5","ref:bag":"0363100012110356","source":"BAG","source:date":"2014-03-24","source:height":"3DBAG","source:height:date":"2025-09-03","start_date":"1963"}},{"type":"Feature","geometry":{"type":"LineString","coordinates":[[4.858124,52.3872385],[4.8580567,52.3872834],[4.858131,52.387325],[4.8581983,52.3872804],[4.858124,52.3872385]]},"properties":{"building":"yes","source":"3dShapes"}},{"type":"Feature","geometry":{"type":"LineString","coordinates":[[4.8495854,52.3867354],[4.8495131,52.3867772],[4.8495825,52.3868222],[4.8496548,52.3867804],[4.8495854,52.3867354]]},"properties":{"building":"yes","source":"3dShapes"}},{"type":"Feature","geometry":{"type":"LineString","coordinates":[[4.8613085,52.3877087],[4.8612887,52.3877684],[4.8613876,52.3877807],[4.8614076,52.3877212],[4.8613085,52.3877087]]},"properties":{"building":"yes","source":"3dShapes"}},{"type":"Feature","geometry":{"type":"LineString","coordinates":[[4.8593277,52.3863906],[4.8592553,52.3864324],[4.8593248,52.3864774],[4.859397,52.3864356],[4.8593277,52.3863906]]},"properties":{"building":"yes","source":"3dShapes"}},{"type":"Feature","geometry":{"type":"LineString","coordinates":[[4.8493772,52.3871037],[4.849305,52.3871455],[4.8493743,52.3871905],[4.8494466,52.3871487],[4.8493772,52.3871037]]},"properties":{"building":"yes","source":"3dShapes"}},{"type":"Feature","geometry":{"type":"LineString","coordinates":[[4.8535969,52.3883858],[4.8535247,52.3884276],[4.853594,52.3884725],[4.8536662,52.3884307],[4.8535969,52.3883858]]},"properties":{"building":"yes","source":"3dShapes"}},{"type":"Feature","geometry":{"type":"LineString","coordinates":[[4.8588385,52.3876926],[4.8587864,52.3877446],[4.8588724,52.387777],[4.8589246,52.387725],[4.8588385,52.3876926]]},"properties":{"building":"yes","source":"3dShapes"}},{"type":"Feature","geometry":{"type":"LineString","coordinates":[[4.8597769,52.3872959],[4.8597248,52.3873479],[4.8598108,52.38738],[4.8598629,52.3873283],[4.8597769,52.3872959]]},"properties":{"building":"yes","source":"3dShapes"}},{"type":"Feature","geometry":{"type":"LineString","coordinates":[[4.8626642,52.3870595],[4.8626442,52.387119],[4.8627433,52.3871315],[4.8627632,52.387072],[4.8626642,52.3870595]]},"properties":{"building":"yes","source":"3dShapes"}},{"type":"Feature","geometry":{"type":"LineString","coordinates":[[4.8595877,52.3863724],[4.8595155,52.3864142],[4.8595848,52.3864592],[4.8596572,52.3864173],[4.8595877,52.3863724]]},"properties":{"building":"yes","source":"3dShapes"}},{"type":"Feature","geometry":{"type":"LineString","coordinates":[[4.8574016,52.3870334],[4.8573294,52.3870752],[4.8573988,52.3871202],[4.8574711,52.3870784],[4.8574016,52.3870334]]},"properties":{"building":"yes","source":"3dShapes"}},{"type":"Feature","geometry":{"type":"LineString","coordinates":[[4.8598667,52.3865443],[4.8597993,52.386589],[4.8598737,52.3866308],[4.859941,52.3865862],[4.8598667,52.3865443]]},"properties":{"building":"yes","source":"3dShapes"}},{"type":"Feature","geometry":{"type":"LineString","coordinates":[[4.8611998,52.3861662],[4.8611798,52.386226],[4.8612787,52.3862382],[4.8612987,52.3861788],[4.8611998,52.3861662]]},"properties":{"building":"yes","source":"3dShapes"}},{"type":"Feature","geometry":{"type":"LineString","coordinates":[[4.8516041,52.3877532],[4.8515319,52.387795],[4.8516013,52.38784],[4.8516735,52.3877981],[4.8516041,52.3877532]]},"properties":{"building":"yes","source":"3dShapes"}},{"type":"Feature","geometry":{"type":"LineString","coordinates":[[4.8495602,52.3883402],[4.849488,52.3883823],[4.8495573,52.3884269],[4.8496296,52.3883851],[4.8495602,52.3883402]]},"properties":{"building":"bungalow","source":"3dShapes"}},{"type":"Feature","geometry":{"type":"LineString","coordinates":[[4.8615565,52.3870561],[4.8615365,52.3871158],[4.8616354,52.3871281],[4.8616554,52.3870686],[4.8615565,52.3870561]]},"properties":{"building":"yes","source":"3dShapes"}},{"type":"Feature","geometry":{"type":"LineString","coordinates":[[4.8613469,52.3871505],[4.8613269,52.38721],[4.8614258,52.3872225],[4.8614458,52.3871628],[4.8613469,52.3871505]]},"properties":{"building":"yes","source":"3dShapes"}},{"type":"Feature","geometry":{"type":"LineString","coordinates":[[4.8517858,52.3864647],[4.8517136,52.3865066],[4.851783,52.3865515],[4.8518553,52.3865097],[4.8517858,52.3864647]]},"properties":{"building":"yes","source":"3dShapes"}},{"type":"Feature","geometry":{"type":"LineString","coordinates":[[4.8515453,52.3884176],[4.851473,52.3884594],[4.8515424,52.3885044],[4.8516147,52.3884626],[4.8515453,52.3884176]]},"properties":{"building":"yes","source":"3dShapes"}},{"type":"Feature","geometry":{"type":"LineString","coordinates":[[4.8582083,52.387947],[4.8582776,52.387992],[4.8583499,52.3879502],[4.8582805,52.3879052],[4.8582083,52.387947]]},"properties":{"building":"yes","source":"3dShapes"}},{"type":"Feature","geometry":{"type":"LineString","coordinates":[[4.8522491,52.3878795],[4.852029,52.3877429],[4.8519663,52.3877808],[4.8521864,52.3879174],[4.8522491,52.3878795]]},"properties":{"building":"yes","height":"3.6","ref:bag":"0363100012230951","source":"BAG","source:date":"2014-03-24","source:height":"3DBAG","source:height:date":"2025-09-03","start_date":"1982"}},{"type":"Feature","geometry":{"type":"LineString","coordinates":[[4.8511745,52.3874956],[4.8511023,52.3875374],[4.8511718,52.3875823],[4.851244,52.3875405],[4.8511745,52.3874956]]},"properties":{"building":"yes","source":"3dShapes"}},{"type":"Feature","geometry":{"type":"LineString","coordinates":[[4.8479989,52.3883121],[4.8479265,52.3883539],[4.847996,52.3883989],[4.8480682,52.3883571],[4.8479989,52.3883121]]},"properties":{"building":"yes","source":"3dShapes"}},{"type":"Feature","geometry":{"type":"LineString","coordinates":[[4.8498115,52.3855451],[4.8498133,52.3855128],[4.8497878,52.3855121],[4.8497921,52.3854472],[4.8496595,52.3854438],[4.8496625,52.3853956],[4.8489507,52.3853776],[4.8489429,52.3854919],[4.8487173,52.3854861],[4.8487251,52.3853717],[4.8478574,52.3853497],[4.8478444,52.3853506],[4.8478317,52.3853527],[4.8478197,52.385356],[4.8478086,52.3853604],[4.847802,52.3853639],[4.8477959,52.3853678],[4.8477881,52.3853743],[4.8477821,52.3853814],[4.8477805,52.3853839],[4.8477779,52.3853891],[4.8477762,52.3853943],[4.8477757,52.385397],[4.8477744,52.3854161],[4.8477711,52.3854161],[4.8477592,52.3855977],[4.8478757,52.3856008],[4.8478737,52.3856333],[4.847993,52.3856365],[4.8479909,52.3856685],[4.8481885,52.3856734],[4.8481907,52.3856415],[4.8484946,52.3856492],[4.8484925,52.3856815],[4.8486901,52.3856863],[4.8486926,52.3856546],[4.8487917,52.3856569],[4.8487926,52.3856599],[4.8487943,52.3856628],[4.8487968,52.3856654],[4.8488001,52.3856676],[4.848804,52.3856695],[4.8488084,52.3856709],[4.8488131,52.3856718],[4.848818,52.3856721],[4.848823,52.3856719],[4.8488278,52.3856711],[4.8488301,52.3856706],[4.8488361,52.3856682],[4.8488394,52.3856662],[4.8488421,52.3856638],[4.8488441,52.3856612],[4.8488452,52.3856584],[4.8489438,52.3856609],[4.8489415,52.3856928],[4.8491394,52.3856978],[4.8491418,52.3856661],[4.8494457,52.3856737],[4.8494438,52.3857056],[4.8496411,52.3857106],[4.8496438,52.3856786],[4.8497761,52.385682],[4.8497782,52.3856494],[4.8498043,52.3856502],[4.8498064,52.3856177],[4.8498592,52.3856191],[4.8498644,52.3855465],[4.8498115,52.3855451]]},"properties":{"building":"commercial","ref:bag":"0363100012151539","source":"BAG","source:date":"2014-03-24","start_date":"2003"}},{"type":"Feature","geometry":{"type":"LineString","coordinates":[[4.8621594,52.386592],[4.8621394,52.3866514],[4.8622383,52.3866639],[4.8622583,52.3866042],[4.8621594,52.386592]]},"properties":{"building":"yes","source":"3dShapes"}},{"type":"Feature","geometry":{"type":"LineString","coordinates":[[4.8544844,52.3880215],[4.8544121,52.3880633],[4.8544815,52.3881083],[4.8545537,52.3880665],[4.8544844,52.3880215]]},"properties":{"building":"yes","source":"3dShapes"}},{"type":"Feature","geometry":{"type":"LineString","coordinates":[[4.8494421,52.3868247],[4.8493699,52.3868665],[4.8494394,52.3869112],[4.8495116,52.3868694],[4.8494421,52.3868247]]},"properties":{"building":"yes","source":"3dShapes"}},{"type":"Feature","geometry":{"type":"LineString","coordinates":[[4.8587641,52.3859491],[4.8586956,52.3859049],[4.8586221,52.3859474],[4.8586905,52.3859915],[4.8587641,52.3859491]]},"properties":{"building":"yes","source":"3dShapes"}},{"type":"Feature","geometry":{"type":"LineString","coordinates":[[4.8617683,52.3880104],[4.8617483,52.3880701],[4.8618472,52.3880824],[4.8618672,52.3880229],[4.8617683,52.3880104]]},"properties":{"building":"yes","source":"3dShapes"}},{"type":"Feature","geometry":{"type":"LineString","coordinates":[[4.8471563,52.3867824],[4.8470485,52.386639],[4.8469639,52.3866629],[4.8469137,52.386677],[4.8470073,52.3868015],[4.8469779,52.3868101],[4.8470243,52.3868592],[4.8471166,52.3868259],[4.847104,52.3868113],[4.8471563,52.3867824]]},"properties":{"building":"house","height":"10.8","ref:bag":"0363100012161289","source":"BAG","source:date":"2014-03-24","source:height":"3DBAG","source:height:date":"2025-09-03","start_date":"1850"}},{"type":"Feature","geometry":{"type":"LineString","coordinates":[[4.8593729,52.3860608],[4.8592877,52.3860437],[4.8592675,52.3860809],[4.8593527,52.3860981],[4.8593729,52.3860608]]},"properties":{"building":"yes","building:levels":"1","source":"3dShapes"}},{"type":"Feature","geometry":{"type":"LineString","coordinates":[[4.8483931,52.3879464],[4.8484492,52.3879851],[4.848515,52.3879496],[4.8484589,52.3879109],[4.8483931,52.3879464]]},"properties":{"building":"yes","source":"3dShapes"}},{"type":"Feature","geometry":{"type":"LineString","coordinates":[[4.8586276,52.386457],[4.8585554,52.3864988],[4.8586247,52.3865438],[4.8586971,52.386502],[4.8586276,52.386457]]},"properties":{"building":"yes","source":"3dShapes"}},{"type":"Feature","geometry":{"type":"LineString","coordinates":[[4.8578927,52.3882377],[4.8578037,52.3882103],[4.8577585,52.3882657],[4.8578475,52.3882928],[4.8578927,52.3882377]]},"properties":{"building":"yes","source":"3dShapes"}},{"type":"Feature","geometry":{"type":"LineString","coordinates":[[4.8634003,52.387017],[4.8633803,52.3870764],[4.8634793,52.3870889],[4.8634993,52.3870292],[4.8634003,52.387017]]},"properties":{"building":"yes","source":"3dShapes"}},{"type":"Feature","geometry":{"type":"LineString","coordinates":[[4.8492801,52.3875608],[4.8492077,52.3876026],[4.8492772,52.3876476],[4.8493494,52.3876058],[4.8492801,52.3875608]]},"properties":{"building":"yes","source":"3dShapes"}},{"type":"Feature","geometry":{"type":"LineString","coordinates":[[4.8638775,52.3879237],[4.8639226,52.3879244],[4.8639642,52.387925],[4.8639671,52.3878531],[4.8640045,52.3878537],[4.8640059,52.3878205],[4.863917,52.3878191],[4.8638729,52.3878184],[4.8638687,52.3879236],[4.8638775,52.3879237]]},"properties":{"building":"yes","height":"3.3","ref:bag":"0363100012137367","source":"BAG","source:date":"2014-03-24","source:height":"3DBAG","source:height:date":"2025-09-03","start_date":"1963"}},{"type":"Feature","geometry":{"type":"LineString","coordinates":[[4.8561442,52.3868304],[4.856072,52.3868722],[4.8561414,52.3869169],[4.8562137,52.3868751],[4.8561442,52.3868304]]},"properties":{"building":"yes","source":"3dShapes"}},{"type":"Feature","geometry":{"type":"LineString","coordinates":[[4.853549,52.3881963],[4.8534768,52.3882381],[4.8535461,52.3882831],[4.8536185,52.3882413],[4.853549,52.3881963]]},"properties":{"building":"yes","source":"3dShapes"}},{"type":"Feature","geometry":{"type":"LineString","coordinates":[[4.8468273,52.3870775],[4.8470557,52.3870184],[4.8469714,52.3868964],[4.8466727,52.3869737],[4.8466692,52.3869687],[4.8465918,52.3869887],[4.8466229,52.3870338],[4.8465645,52.3870489],[4.8466263,52.3871383],[4.8467621,52.3871031],[4.8467097,52.3870273],[4.84678,52.3870091],[4.8468273,52.3870775]]},"properties":{"building":"industrial","height":"6.5","ref:bag":"0363100012156765","source":"BAG","source:date":"2014-03-24","source:height":"3DBAG","source:height:date":"2025-09-03","start_date":"1850"}},{"type":"Feature","geometry":{"type":"LineString","coordinates":[[4.8579067,52.3867627],[4.8578345,52.3868045],[4.8579038,52.3868495],[4.8579762,52.3868077],[4.8579067,52.3867627]]},"properties":{"building":"yes","source":"3dShapes"}},{"type":"Feature","geometry":{"type":"LineString","coordinates":[[4.8531463,52.3868172],[4.8530741,52.386859],[4.8531436,52.3869037],[4.8532158,52.3868619],[4.8531463,52.3868172]]},"properties":{"building":"yes","source":"3dShapes"}},{"type":"Feature","geometry":{"type":"LineString","coordinates":[[4.8601991,52.3883449],[4.8601791,52.3884046],[4.8602781,52.3884169],[4.860298,52.3883574],[4.8601991,52.3883449]]},"properties":{"building":"yes","source":"3dShapes"}},{"type":"Feature","geometry":{"type":"LineString","coordinates":[[4.8574767,52.3860616],[4.8574045,52.3861034],[4.8574739,52.3861481],[4.8575462,52.3861063],[4.8574767,52.3860616]]},"properties":{"building":"yes","source":"3dShapes"}},{"type":"Feature","geometry":{"type":"LineString","coordinates":[[4.8552328,52.3873672],[4.8551604,52.387409],[4.8552299,52.387454],[4.8553021,52.3874122],[4.8552328,52.3873672]]},"properties":{"building":"yes","source":"3dShapes"}},{"type":"Feature","geometry":{"type":"LineString","coordinates":[[4.848059,52.3877404],[4.8481458,52.3877942],[4.8482057,52.3877582],[4.8481188,52.3877044],[4.848059,52.3877404]]},"properties":{"building":"yes","source":"3dShapes"}},{"type":"Feature","geometry":{"type":"LineString","coordinates":[[4.8565104,52.3868377],[4.8564381,52.3868794],[4.8565076,52.3869243],[4.8565799,52.3868825],[4.8565104,52.3868377]]},"properties":{"building":"yes","source":"3dShapes"}},{"type":"Feature","geometry":{"type":"LineString","coordinates":[[4.8646586,52.3882685],[4.8647344,52.3882283],[4.864664,52.3881789],[4.8645883,52.3882191],[4.8646586,52.3882685]]},"properties":{"building":"yes","source":"3dShapes"}},{"type":"Feature","geometry":{"type":"LineString","coordinates":[[4.8635821,52.3863276],[4.8635622,52.3863874],[4.8636611,52.3863996],[4.8636811,52.3863401],[4.8635821,52.3863276]]},"properties":{"building":"yes","source":"3dShapes"}},{"type":"Feature","geometry":{"type":"LineString","coordinates":[[4.8502485,52.3865817],[4.8501763,52.3866235],[4.8502456,52.3866682],[4.850318,52.3866264],[4.8502485,52.3865817]]},"properties":{"building":"yes","source":"3dShapes"}},{"type":"Feature","geometry":{"type":"LineString","coordinates":[[4.8572223,52.388393],[4.8571424,52.3883567],[4.8570823,52.3884061],[4.8571622,52.3884424],[4.8572223,52.388393]]},"properties":{"building":"yes","source":"3dShapes"}},{"type":"Feature","geometry":{"type":"LineString","coordinates":[[4.8591305,52.3875263],[4.8590631,52.3875712],[4.8591376,52.3876131],[4.8592048,52.3875682],[4.8591305,52.3875263]]},"properties":{"building":"yes","source":"3dShapes"}},{"type":"Feature","geometry":{"type":"LineString","coordinates":[[4.8501298,52.3874184],[4.8500575,52.3874602],[4.8501269,52.3875051],[4.8501992,52.3874633],[4.8501298,52.3874184]]},"properties":{"building":"yes","source":"3dShapes"}},{"type":"Feature","geometry":{"type":"LineString","coordinates":[[4.8556354,52.3871387],[4.8555632,52.3871805],[4.8556327,52.3872255],[4.8557049,52.3871837],[4.8556354,52.3871387]]},"properties":{"building":"yes","source":"3dShapes"}},{"type":"Feature","geometry":{"type":"LineString","coordinates":[[4.84814,52.3868866],[4.8480678,52.3869284],[4.8481371,52.3869734],[4.8482094,52.3869316],[4.84814,52.3868866]]},"properties":{"building":"yes","source":"3dShapes"}},{"type":"Feature","geometry":{"type":"LineString","coordinates":[[4.857606,52.3865865],[4.8575338,52.3866286],[4.8576031,52.3866733],[4.8576753,52.3866315],[4.857606,52.3865865]]},"properties":{"building":"yes","source":"3dShapes"}},{"type":"Feature","geometry":{"type":"LineString","coordinates":[[4.8531267,52.3863786],[4.8530545,52.3864204],[4.8531238,52.3864654],[4.8531962,52.3864235],[4.8531267,52.3863786]]},"properties":{"building":"yes","source":"3dShapes"}},{"type":"Feature","geometry":{"type":"LineString","coordinates":[[4.8516155,52.387277],[4.8515433,52.3873188],[4.8516127,52.3873638],[4.851685,52.3873219],[4.8516155,52.387277]]},"properties":{"building":"yes","source":"3dShapes"}},{"type":"Feature","geometry":{"type":"LineString","coordinates":[[4.8593394,52.3877559],[4.8592918,52.3878093],[4.8593805,52.3878389],[4.8594281,52.3877855],[4.8593394,52.3877559]]},"properties":{"building":"yes","source":"3dShapes"}},{"type":"Feature","geometry":{"type":"LineString","coordinates":[[4.8609253,52.3882876],[4.8609053,52.3883473],[4.8610043,52.3883598],[4.8610242,52.3883001],[4.8609253,52.3882876]]},"properties":{"building":"yes","source":"3dShapes"}},{"type":"Feature","geometry":{"type":"LineString","coordinates":[[4.8526087,52.386689],[4.8525364,52.3867308],[4.8526058,52.3867758],[4.852678,52.386734],[4.8526087,52.386689]]},"properties":{"building":"yes","source":"3dShapes"}},{"type":"Feature","geometry":{"type":"LineString","coordinates":[[4.8584758,52.3870313],[4.8584085,52.387076],[4.8584829,52.3871179],[4.8585501,52.387073],[4.8584758,52.3870313]]},"properties":{"building":"yes","source":"3dShapes"}},{"type":"Feature","geometry":{"type":"LineString","coordinates":[[4.8598767,52.387115],[4.8598247,52.3871667],[4.8599107,52.3871991],[4.8599628,52.3871474],[4.8598767,52.387115]]},"properties":{"building":"yes","source":"3dShapes"}},{"type":"Feature","geometry":{"type":"LineString","coordinates":[[4.8509909,52.3882894],[4.8509187,52.3883315],[4.850988,52.3883762],[4.8510602,52.3883343],[4.8509909,52.3882894]]},"properties":{"building":"yes","source":"3dShapes"}},{"type":"Feature","geometry":{"type":"LineString","coordinates":[[4.853888,52.3863282],[4.8538158,52.38637],[4.8538851,52.3864149],[4.8539575,52.3863731],[4.853888,52.3863282]]},"properties":{"building":"yes","source":"3dShapes"}},{"type":"Feature","geometry":{"type":"LineString","coordinates":[[4.8616512,52.3863792],[4.8616312,52.3864386],[4.8617301,52.3864512],[4.8617501,52.3863914],[4.8616512,52.3863792]]},"properties":{"building":"yes","source":"3dShapes"}},{"type":"Feature","geometry":{"type":"LineString","coordinates":[[4.8563094,52.3864603],[4.8562372,52.3865021],[4.8563065,52.386547],[4.8563789,52.3865052],[4.8563094,52.3864603]]},"properties":{"building":"yes","source":"3dShapes"}},{"type":"Feature","geometry":{"type":"LineString","coordinates":[[4.8604792,52.3859174],[4.8604675,52.3859779],[4.8605677,52.3859852],[4.8605796,52.3859249],[4.8604792,52.3859174]]},"properties":{"building":"yes","source":"3dShapes"}},{"type":"Feature","geometry":{"type":"LineString","coordinates":[[4.8513087,52.3880915],[4.8512363,52.3881333],[4.8513058,52.3881783],[4.851378,52.3881364],[4.8513087,52.3880915]]},"properties":{"building":"yes","source":"3dShapes"}},{"type":"Feature","geometry":{"type":"LineString","coordinates":[[4.8581913,52.3870655],[4.858124,52.3871105],[4.8581983,52.3871521],[4.8582657,52.3871074],[4.8581913,52.3870655]]},"properties":{"building":"yes","source":"3dShapes"}},{"type":"Feature","geometry":{"type":"LineString","coordinates":[[4.8523566,52.3869388],[4.8522871,52.3868941],[4.8522149,52.3869359],[4.8522843,52.3869809],[4.8523566,52.3869388]]},"properties":{"building":"yes","source":"3dShapes"}},{"type":"Feature","geometry":{"type":"LineString","coordinates":[[4.8543726,52.387675],[4.8543003,52.3877168],[4.8543698,52.3877615],[4.854442,52.3877197],[4.8543726,52.387675]]},"properties":{"building":"yes","source":"3dShapes"}},{"type":"Feature","geometry":{"type":"LineString","coordinates":[[4.853226,52.3878238],[4.8531538,52.3878656],[4.8532231,52.3879105],[4.8532955,52.3878687],[4.853226,52.3878238]]},"properties":{"building":"yes","source":"3dShapes"}},{"type":"Feature","geometry":{"type":"LineString","coordinates":[[4.8577265,52.3870052],[4.8576543,52.387047],[4.8577237,52.3870917],[4.8577959,52.3870499],[4.8577265,52.3870052]]},"properties":{"building":"yes","source":"3dShapes"}},{"type":"Feature","geometry":{"type":"LineString","coordinates":[[4.8619729,52.3870958],[4.861953,52.3871552],[4.862052,52.3871677],[4.8620719,52.387108],[4.8619729,52.3870958]]},"properties":{"building":"yes","source":"3dShapes"}},{"type":"Feature","geometry":{"type":"LineString","coordinates":[[4.8588211,52.3868191],[4.8587487,52.3868609],[4.8588183,52.3869058],[4.8588906,52.3868641],[4.8588211,52.3868191]]},"properties":{"building":"yes","source":"3dShapes"}},{"type":"Feature","geometry":{"type":"LineString","coordinates":[[4.8601364,52.3862557],[4.8601619,52.3862061],[4.860075,52.3861894],[4.8600494,52.386239],[4.8601364,52.3862557]]},"properties":{"building":"yes","building:levels":"1","source":"3dShapes"}},{"type":"Feature","geometry":{"type":"LineString","coordinates":[[4.8495935,52.3877502],[4.8495213,52.387792],[4.8495906,52.3878369],[4.8496629,52.3877951],[4.8495935,52.3877502]]},"properties":{"building":"yes","source":"3dShapes"}},{"type":"Feature","geometry":{"type":"LineString","coordinates":[[4.8516145,52.3879009],[4.8515422,52.3879427],[4.8516117,52.3879877],[4.8516839,52.3879459],[4.8516145,52.3879009]]},"properties":{"building":"yes","source":"3dShapes"}},{"type":"Feature","geometry":{"type":"LineString","coordinates":[[4.8549872,52.3877057],[4.854915,52.3877475],[4.8549845,52.3877925],[4.8550567,52.3877507],[4.8549872,52.3877057]]},"properties":{"building":"yes","source":"3dShapes"}},{"type":"Feature","geometry":{"type":"LineString","coordinates":[[4.859098,52.3880068],[4.8590505,52.3880602],[4.8591392,52.3880898],[4.8591867,52.3880364],[4.859098,52.3880068]]},"properties":{"building":"yes","source":"3dShapes"}},{"type":"Feature","geometry":{"type":"LineString","coordinates":[[4.8571091,52.3871551],[4.8570369,52.3871969],[4.8571063,52.3872416],[4.8571786,52.3871998],[4.8571091,52.3871551]]},"properties":{"building":"yes","source":"3dShapes"}},{"type":"Feature","geometry":{"type":"LineString","coordinates":[[4.8548773,52.3876269],[4.854805,52.3876687],[4.8548745,52.3877137],[4.8549467,52.3876719],[4.8548773,52.3876269]]},"properties":{"building":"yes","source":"3dShapes"}},{"type":"Feature","geometry":{"type":"LineString","coordinates":[[4.8579932,52.3883439],[4.8579042,52.3883166],[4.857859,52.388372],[4.857948,52.3883991],[4.8579932,52.3883439]]},"properties":{"building":"yes","source":"3dShapes"}},{"type":"Feature","geometry":{"type":"LineString","coordinates":[[4.8555982,52.3868813],[4.855526,52.3869231],[4.8555953,52.3869678],[4.8556677,52.386926],[4.8555982,52.3868813]]},"properties":{"building":"yes","source":"3dShapes"}},{"type":"Feature","geometry":{"type":"LineString","coordinates":[[4.8552422,52.3875643],[4.8551699,52.3876061],[4.8552393,52.3876511],[4.8553115,52.3876093],[4.8552422,52.3875643]]},"properties":{"building":"yes","source":"3dShapes"}},{"type":"Feature","geometry":{"type":"LineString","coordinates":[[4.8564915,52.3880034],[4.8564413,52.3880405],[4.8565273,52.3880839],[4.8565775,52.3880468],[4.8564915,52.3880034]]},"properties":{"building":"yes","building:levels":"1","source":"3dShapes"}},{"type":"Feature","geometry":{"type":"LineString","coordinates":[[4.8562451,52.3879768],[4.8561922,52.3880203],[4.8562733,52.3880561],[4.8563284,52.3880143],[4.8562451,52.3879768]]},"properties":{"building":"yes","building:levels":"1","source":"3dShapes"}},{"type":"Feature","geometry":{"type":"LineString","coordinates":[[4.8615662,52.3880848],[4.8615462,52.3881442],[4.8616452,52.3881567],[4.8616652,52.388097],[4.8615662,52.3880848]]},"properties":{"building":"yes","source":"3dShapes"}},{"type":"Feature","geometry":{"type":"LineString","coordinates":[[4.8610002,52.3865952],[4.8609803,52.386655],[4.8610791,52.3866672],[4.8610991,52.3866077],[4.8610002,52.3865952]]},"properties":{"building":"yes","source":"3dShapes"}},{"type":"Feature","geometry":{"type":"LineString","coordinates":[[4.8538507,52.38841],[4.8537783,52.3884518],[4.8538478,52.3884968],[4.85392,52.388455],[4.8538507,52.38841]]},"properties":{"building":"yes","source":"3dShapes"}},{"type":"Feature","geometry":{"type":"LineString","coordinates":[[4.8555387,52.3881264],[4.8554665,52.3881682],[4.8555358,52.3882132],[4.8556081,52.3881714],[4.8555387,52.3881264]]},"properties":{"building":"yes","source":"3dShapes"}},{"type":"Feature","geometry":{"type":"LineString","coordinates":[[4.8602782,52.3881188],[4.8602582,52.3881783],[4.8603571,52.3881908],[4.8603771,52.388131],[4.8602782,52.3881188]]},"properties":{"building":"yes","source":"3dShapes"}},{"type":"Feature","geometry":{"type":"LineString","coordinates":[[4.8551221,52.3872291],[4.8550498,52.3872709],[4.8551192,52.3873159],[4.8551915,52.3872741],[4.8551221,52.3872291]]},"properties":{"building":"yes","source":"3dShapes"}},{"type":"Feature","geometry":{"type":"LineString","coordinates":[[4.8616846,52.3859825],[4.8616646,52.386042],[4.8617636,52.3860545],[4.8617836,52.3859948],[4.8616846,52.3859825]]},"properties":{"building":"yes","source":"3dShapes"}},{"type":"Feature","geometry":{"type":"LineString","coordinates":[[4.8607448,52.3873695],[4.8607248,52.387429],[4.8608238,52.3874415],[4.8608437,52.3873817],[4.8607448,52.3873695]]},"properties":{"building":"yes","source":"3dShapes"}},{"type":"Feature","geometry":{"type":"LineString","coordinates":[[4.8494588,52.3872196],[4.8493866,52.3872614],[4.8494559,52.3873061],[4.8495283,52.3872643],[4.8494588,52.3872196]]},"properties":{"building":"yes","source":"3dShapes"}},{"type":"Feature","geometry":{"type":"LineString","coordinates":[[4.8594357,52.386939],[4.8593683,52.3869839],[4.8594428,52.3870255],[4.8595101,52.3869809],[4.8594357,52.386939]]},"properties":{"building":"yes","source":"3dShapes"}},{"type":"Feature","geometry":{"type":"LineString","coordinates":[[4.8505222,52.3867362],[4.85045,52.386778],[4.8505195,52.386823],[4.8505917,52.3867812],[4.8505222,52.3867362]]},"properties":{"building":"yes","source":"3dShapes"}},{"type":"Feature","geometry":{"type":"LineString","coordinates":[[4.8605259,52.3864139],[4.8605273,52.3863611],[4.8604326,52.3863601],[4.8604312,52.3864129],[4.8605259,52.3864139]]},"properties":{"building":"yes","building:levels":"1","source":"3dShapes"}},{"type":"Feature","geometry":{"type":"LineString","coordinates":[[4.8569366,52.3882121],[4.8568644,52.388254],[4.8569337,52.3882989],[4.857006,52.3882568],[4.8569366,52.3882121]]},"properties":{"building":"yes","source":"3dShapes"}},{"type":"Feature","geometry":{"type":"LineString","coordinates":[[4.8601411,52.3865131],[4.8600736,52.3865579],[4.8601481,52.3865997],[4.8602156,52.3865549],[4.8601411,52.3865131]]},"properties":{"building":"yes","source":"3dShapes"}},{"type":"Feature","geometry":{"type":"LineString","coordinates":[[4.8582272,52.3862001],[4.858155,52.3862419],[4.8582245,52.3862868],[4.8582967,52.386245],[4.8582272,52.3862001]]},"properties":{"building":"yes","source":"3dShapes"}},{"type":"Feature","geometry":{"type":"LineString","coordinates":[[4.8538057,52.3872802],[4.8537335,52.387322],[4.8538028,52.387367],[4.8538751,52.3873252],[4.8538057,52.3872802]]},"properties":{"building":"yes","source":"3dShapes"}},{"type":"Feature","geometry":{"type":"LineString","coordinates":[[4.8499496,52.3874072],[4.8498501,52.3874055],[4.8498474,52.3874673],[4.8499468,52.387469],[4.8499496,52.3874072]]},"properties":{"building":"yes","source":"3dShapes"}},{"type":"Feature","geometry":{"type":"LineString","coordinates":[[4.8572761,52.3867825],[4.8572039,52.3868243],[4.8572732,52.3868693],[4.8573454,52.3868275],[4.8572761,52.3867825]]},"properties":{"building":"yes","source":"3dShapes"}},{"type":"Feature","geometry":{"type":"LineString","coordinates":[[4.8595867,52.3882139],[4.8595391,52.3882674],[4.8596278,52.388297],[4.8596754,52.3882435],[4.8595867,52.3882139]]},"properties":{"building":"yes","source":"3dShapes"}},{"type":"Feature","geometry":{"type":"LineString","coordinates":[[4.8631481,52.3883444],[4.8631281,52.3884038],[4.863227,52.3884163],[4.863247,52.3883566],[4.8631481,52.3883444]]},"properties":{"building":"yes","source":"3dShapes"}},{"type":"Feature","geometry":{"type":"LineString","coordinates":[[4.8593647,52.3882707],[4.8593172,52.3883242],[4.8594059,52.3883538],[4.8594534,52.3883003],[4.8593647,52.3882707]]},"properties":{"building":"yes","source":"3dShapes"}},{"type":"Feature","geometry":{"type":"LineString","coordinates":[[4.8573144,52.3865979],[4.857242,52.3866396],[4.8573116,52.3866846],[4.8573839,52.3866428],[4.8573144,52.3865979]]},"properties":{"building":"yes","source":"3dShapes"}},{"type":"Feature","geometry":{"type":"LineString","coordinates":[[4.8537847,52.3866215],[4.8537124,52.3866633],[4.8537818,52.3867083],[4.8538541,52.3866665],[4.8537847,52.3866215]]},"properties":{"building":"yes","source":"3dShapes"}},{"type":"Feature","geometry":{"type":"LineString","coordinates":[[4.864535,52.3858012],[4.8645381,52.3857235],[4.864432,52.385722],[4.8644288,52.3857996],[4.864535,52.3858012]]},"properties":{"building":"house","height":"12.4","heritage":"2","heritage:operator":"rce","historic":"yes","man_made":"pumping_station","name":"Polder gemaal Haarlemmerweg","operator":"Waterschap Amstel, Gooi en Vecht","pumping_station":"water","ref:bag":"0363100012163230","source":"BAG","source:date":"2021-01-08","source:height":"3DBAG","source:height:date":"2025-09-03","start_date":"2002"}},{"type":"Feature","geometry":{"type":"LineString","coordinates":[[4.8612023,52.3875392],[4.8611823,52.387599],[4.8612813,52.3876115],[4.8613013,52.3875518],[4.8612023,52.3875392]]},"properties":{"building":"yes","source":"3dShapes"}},{"type":"Feature","geometry":{"type":"LineString","coordinates":[[4.8546489,52.3869988],[4.8545767,52.3870406],[4.8546462,52.3870855],[4.8547184,52.3870437],[4.8546489,52.3869988]]},"properties":{"building":"yes","ref":"51","source":"3dShapes"}},{"type":"Feature","geometry":{"type":"LineString","coordinates":[[4.8525103,52.3882941],[4.8524381,52.3883362],[4.8525074,52.3883809],[4.8525798,52.3883391],[4.8525103,52.3882941]]},"properties":{"building":"yes","source":"3dShapes"}},{"type":"Feature","geometry":{"type":"LineString","coordinates":[[4.855758,52.3861054],[4.8556781,52.3860691],[4.855618,52.3861188],[4.8556977,52.3861551],[4.855758,52.3861054]]},"properties":{"building":"yes","ref":"30","source":"3dShapes"}},{"type":"Feature","geometry":{"type":"LineString","coordinates":[[4.8506497,52.3883226],[4.8505775,52.3883644],[4.8506469,52.3884094],[4.8507192,52.3883676],[4.8506497,52.3883226]]},"properties":{"building":"yes","source":"3dShapes"}},{"type":"Feature","geometry":{"type":"LineString","coordinates":[[4.8544381,52.3878667],[4.8543658,52.3879088],[4.8544352,52.3879535],[4.8545074,52.3879116],[4.8544381,52.3878667]]},"properties":{"building":"yes","source":"3dShapes"}},{"type":"Feature","geometry":{"type":"LineString","coordinates":[[4.8586723,52.386214],[4.8586001,52.3862558],[4.8586695,52.3863007],[4.8587417,52.3862589],[4.8586723,52.386214]]},"properties":{"building":"yes","source":"3dShapes"}},{"type":"Feature","geometry":{"type":"LineString","coordinates":[[4.8554973,52.3874151],[4.8554251,52.3874569],[4.8554946,52.3875019],[4.8555668,52.3874601],[4.8554973,52.3874151]]},"properties":{"building":"yes","ref":"34","source":"3dShapes"}},{"type":"Feature","geometry":{"type":"LineString","coordinates":[[4.8490229,52.3875571],[4.8489507,52.3875989],[4.8490201,52.3876436],[4.8490924,52.3876018],[4.8490229,52.3875571]]},"properties":{"building":"yes","source":"3dShapes"}},{"type":"Feature","geometry":{"type":"LineString","coordinates":[[4.859117,52.3869829],[4.8590497,52.3870279],[4.859124,52.3870698],[4.8591913,52.3870248],[4.859117,52.3869829]]},"properties":{"building":"yes","source":"3dShapes"}},{"type":"Feature","geometry":{"type":"LineString","coordinates":[[4.8610155,52.3884512],[4.8609955,52.3885106],[4.8610944,52.3885231],[4.8611144,52.3884634],[4.8610155,52.3884512]]},"properties":{"building":"yes","source":"3dShapes"}},{"type":"Feature","geometry":{"type":"LineString","coordinates":[[4.8605385,52.3865887],[4.8604865,52.3866404],[4.8605725,52.3866728],[4.8606245,52.3866211],[4.8605385,52.3865887]]},"properties":{"building":"yes","source":"3dShapes"}},{"type":"Feature","geometry":{"type":"LineString","coordinates":[[4.8477653,52.3875225],[4.847693,52.3875642],[4.8477624,52.3876091],[4.8478348,52.3875674],[4.8477653,52.3875225]]},"properties":{"building":"yes","source":"3dShapes"}},{"type":"Feature","geometry":{"type":"LineString","coordinates":[[4.8595518,52.3880032],[4.8595042,52.3880567],[4.8595929,52.3880863],[4.8596405,52.3880328],[4.8595518,52.3880032]]},"properties":{"building":"yes","source":"3dShapes"}},{"type":"Feature","geometry":{"type":"LineString","coordinates":[[4.8578407,52.3859872],[4.8577684,52.386029],[4.857838,52.3860738],[4.8579103,52.3860321],[4.8578407,52.3859872]]},"properties":{"building":"yes","source":"3dShapes"}},{"type":"Feature","geometry":{"type":"LineString","coordinates":[[4.8635619,52.3885077],[4.8635527,52.3885683],[4.8636532,52.388574],[4.8636624,52.3885134],[4.8635619,52.3885077]]},"properties":{"building":"yes","source":"3dShapes"}},{"type":"Feature","geometry":{"type":"LineString","coordinates":[[4.8567382,52.386661],[4.856666,52.3867028],[4.8567354,52.3867475],[4.8568077,52.3867057],[4.8567382,52.386661]]},"properties":{"building":"yes","source":"3dShapes"}},{"type":"Feature","geometry":{"type":"LineString","coordinates":[[4.8588941,52.3866284],[4.8588218,52.3866702],[4.8588912,52.3867152],[4.8589635,52.3866734],[4.8588941,52.3866284]]},"properties":{"building":"yes","source":"3dShapes"}},{"type":"Feature","geometry":{"type":"LineString","coordinates":[[4.8525184,52.3865144],[4.8524461,52.3865562],[4.8525155,52.3866012],[4.8525878,52.3865594],[4.8525184,52.3865144]]},"properties":{"building":"yes","source":"3dShapes"}},{"type":"Feature","geometry":{"type":"LineString","coordinates":[[4.8633498,52.3871608],[4.8633299,52.3872202],[4.8634287,52.3872328],[4.8634487,52.387173],[4.8633498,52.3871608]]},"properties":{"building":"yes","source":"3dShapes"}},{"type":"Feature","geometry":{"type":"LineString","coordinates":[[4.8577573,52.3876187],[4.8573941,52.3874212],[4.857343,52.3874564],[4.8572979,52.3874319],[4.857204,52.3874966],[4.857547,52.3876831],[4.8575774,52.3876622],[4.8576818,52.387719],[4.8577411,52.3876782],[4.8577019,52.3876568],[4.8577573,52.3876187]]},"properties":{"building":"yes","height":"5.3","ref:bag":"0363100012229574","source":"BAG","source:date":"2014-03-24","source:height":"3DBAG","source:height:date":"2025-09-03","start_date":"1963"}},{"type":"Feature","geometry":{"type":"LineString","coordinates":[[4.8626248,52.3876977],[4.8626048,52.3877574],[4.8627038,52.3877699],[4.8627238,52.3877102],[4.8626248,52.3876977]]},"properties":{"building":"yes","source":"3dShapes"}},{"type":"Feature","geometry":{"type":"LineString","coordinates":[[4.8509939,52.3881255],[4.8509216,52.3881673],[4.8509911,52.388212],[4.8510633,52.3881702],[4.8509939,52.3881255]]},"properties":{"building":"yes","source":"3dShapes"}},{"type":"Feature","geometry":{"type":"LineString","coordinates":[[4.8549077,52.388471],[4.8548355,52.3885128],[4.8549048,52.3885578],[4.8549772,52.388516],[4.8549077,52.388471]]},"properties":{"building":"yes","source":"3dShapes"}},{"type":"Feature","geometry":{"type":"LineString","coordinates":[[4.854435,52.3869594],[4.8543627,52.3870012],[4.8544322,52.387046],[4.8545045,52.3870041],[4.854435,52.3869594]]},"properties":{"building":"yes","source":"3dShapes"}},{"type":"Feature","geometry":{"type":"LineString","coordinates":[[4.8601238,52.3863332],[4.8600505,52.3863723],[4.860091,52.3864005],[4.8601189,52.3863856],[4.8601485,52.3864062],[4.8601939,52.386382],[4.8601238,52.3863332]]},"properties":{"building":"yes","building:levels":"1","source":"3dShapes"}},{"type":"Feature","geometry":{"type":"LineString","coordinates":[[4.8500741,52.3870173],[4.8500018,52.3870591],[4.8500712,52.3871041],[4.8501435,52.3870623],[4.8500741,52.3870173]]},"properties":{"building":"yes","source":"3dShapes"}},{"type":"Feature","geometry":{"type":"LineString","coordinates":[[4.8596368,52.3859673],[4.8596483,52.3859067],[4.8595479,52.3858998],[4.8595365,52.3859601],[4.8596368,52.3859673]]},"properties":{"building":"yes","source":"3dShapes"}},{"type":"Feature","geometry":{"type":"LineString","coordinates":[[4.850412,52.3877783],[4.8503397,52.3878201],[4.8504092,52.3878648],[4.8504814,52.387823],[4.850412,52.3877783]]},"properties":{"building":"yes","source":"3dShapes"}},{"type":"Feature","geometry":{"type":"LineString","coordinates":[[4.8472174,52.3873632],[4.8472444,52.387274],[4.8472446,52.3872163],[4.8471452,52.3872263],[4.8470693,52.3872404],[4.8469868,52.3872641],[4.8470101,52.3872945],[4.8468784,52.3873377],[4.8469623,52.3874335],[4.8471581,52.3873693],[4.8472174,52.3873632]]},"properties":{"building":"yes","height":"6.9","ref:bag":"0363100012203602","source":"BAG","source:date":"2014-03-24","source:height":"3DBAG","source:height:date":"2025-09-03","start_date":"1988"}},{"type":"Feature","geometry":{"type":"LineString","coordinates":[[4.8597696,52.3867384],[4.8597022,52.386783],[4.8597766,52.3868249],[4.8598439,52.38678],[4.8597696,52.3867384]]},"properties":{"building":"yes","source":"3dShapes"}},{"type":"Feature","geometry":{"type":"LineString","coordinates":[[4.8534267,52.3866861],[4.8533545,52.3867279],[4.8534238,52.3867725],[4.8534962,52.3867307],[4.8534267,52.3866861]]},"properties":{"building":"yes","source":"3dShapes"}},{"type":"Feature","geometry":{"type":"LineString","coordinates":[[4.8621977,52.3883404],[4.8621777,52.3883998],[4.8622766,52.3884123],[4.8622965,52.3883526],[4.8621977,52.3883404]]},"properties":{"building":"yes","source":"3dShapes"}},{"type":"Feature","geometry":{"type":"LineString","coordinates":[[4.8520745,52.3871018],[4.8520051,52.3870568],[4.8519328,52.3870986],[4.8520022,52.3871436],[4.8520745,52.3871018]]},"properties":{"building":"yes","source":"3dShapes"}},{"type":"Feature","geometry":{"type":"LineString","coordinates":[[4.8600427,52.3859805],[4.8600413,52.3859264],[4.8599993,52.3859268],[4.8599983,52.3858886],[4.8599198,52.3858894],[4.859921,52.3859376],[4.859939,52.3859374],[4.8599401,52.3859815],[4.8600427,52.3859805]]},"properties":{"building":"yes","building:levels":"1","source":"3dShapes"}},{"type":"Feature","geometry":{"type":"LineString","coordinates":[[4.8486781,52.3873536],[4.8486058,52.3873957],[4.8486753,52.3874404],[4.8487475,52.3873986],[4.8486781,52.3873536]]},"properties":{"building":"yes","source":"3dShapes"}},{"type":"Feature","geometry":{"type":"LineString","coordinates":[[4.8611245,52.3881759],[4.8611045,52.3882353],[4.8612034,52.3882478],[4.8612234,52.3881881],[4.8611245,52.3881759]]},"properties":{"building":"yes","source":"3dShapes"}},{"type":"Feature","geometry":{"type":"LineString","coordinates":[[4.8582609,52.3866826],[4.8581886,52.3867243],[4.8582581,52.3867692],[4.8583304,52.3867274],[4.8582609,52.3866826]]},"properties":{"building":"yes","source":"3dShapes"}},{"type":"Feature","geometry":{"type":"LineString","coordinates":[[4.8612162,52.3879232],[4.8611962,52.3879829],[4.8612952,52.3879952],[4.8613152,52.3879357],[4.8612162,52.3879232]]},"properties":{"building":"yes","source":"3dShapes"}},{"type":"Feature","geometry":{"type":"LineString","coordinates":[[4.8554573,52.3883573],[4.8554009,52.3883988],[4.8554747,52.3884361],[4.8555311,52.3883946],[4.8554573,52.3883573]]},"properties":{"building":"yes","building:levels":"1","source":"3dShapes"}},{"type":"Feature","geometry":{"type":"LineString","coordinates":[[4.8604719,52.3860867],[4.860454,52.3861249],[4.8605403,52.38614],[4.8605582,52.3861018],[4.8604719,52.3860867]]},"properties":{"building":"yes","building:levels":"1","source":"3dShapes"}},{"type":"Feature","geometry":{"type":"LineString","coordinates":[[4.8587759,52.3871984],[4.8587085,52.3872431],[4.8587829,52.387285],[4.8588502,52.3872403],[4.8587759,52.3871984]]},"properties":{"building":"yes","source":"3dShapes"}},{"type":"Feature","geometry":{"type":"LineString","coordinates":[[4.8487798,52.3880657],[4.8487075,52.3881075],[4.8487769,52.3881525],[4.8488492,52.3881107],[4.8487798,52.3880657]]},"properties":{"building":"yes","source":"3dShapes"}},{"type":"Feature","geometry":{"type":"LineString","coordinates":[[4.8628849,52.3869332],[4.862865,52.3869926],[4.8629639,52.3870051],[4.8629839,52.3869454],[4.8628849,52.3869332]]},"properties":{"building":"yes","source":"3dShapes"}},{"type":"Feature","geometry":{"type":"LineString","coordinates":[[4.8632134,52.3880525],[4.8631934,52.3881119],[4.8632924,52.3881244],[4.8633124,52.3880647],[4.8632134,52.3880525]]},"properties":{"building":"yes","source":"3dShapes"}},{"type":"Feature","geometry":{"type":"LineString","coordinates":[[4.8505019,52.3876592],[4.8504294,52.3877009],[4.850499,52.3877459],[4.8505714,52.3877042],[4.8505019,52.3876592]]},"properties":{"building":"yes","source":"3dShapes"}},{"type":"Feature","geometry":{"type":"LineString","coordinates":[[4.8579113,52.3863911],[4.857839,52.3864328],[4.8579085,52.3864777],[4.8579808,52.3864359],[4.8579113,52.3863911]]},"properties":{"building":"yes","source":"3dShapes"}},{"type":"Feature","geometry":{"type":"LineString","coordinates":[[4.8572641,52.3880527],[4.8571842,52.3880164],[4.857124,52.3880661],[4.8572038,52.3881024],[4.8572641,52.3880527]]},"properties":{"building":"yes","source":"3dShapes"}},{"type":"Feature","geometry":{"type":"LineString","coordinates":[[4.8544552,52.3862346],[4.8543829,52.3862764],[4.8544523,52.3863214],[4.8545246,52.3862796],[4.8544552,52.3862346]]},"properties":{"building":"yes","source":"3dShapes"}},{"type":"Feature","geometry":{"type":"LineString","coordinates":[[4.8542115,52.388022],[4.8541393,52.3880638],[4.8542087,52.3881087],[4.854281,52.3880669],[4.8542115,52.388022]]},"properties":{"building":"yes","source":"3dShapes"}},{"type":"Feature","geometry":{"type":"LineString","coordinates":[[4.8575817,52.3873497],[4.8575094,52.3873915],[4.8575788,52.3874365],[4.857651,52.3873947],[4.8575817,52.3873497]]},"properties":{"building":"yes","source":"3dShapes"}},{"type":"Feature","geometry":{"type":"LineString","coordinates":[[4.862743,52.386764],[4.862723,52.3868235],[4.862822,52.386836],[4.862842,52.3867763],[4.862743,52.386764]]},"properties":{"building":"yes","source":"3dShapes"}},{"type":"Feature","geometry":{"type":"LineString","coordinates":[[4.862386,52.3878505],[4.862366,52.38791],[4.862465,52.3879225],[4.862485,52.3878627],[4.862386,52.3878505]]},"properties":{"building":"yes","source":"3dShapes"}},{"type":"Feature","geometry":{"type":"LineString","coordinates":[[4.8632718,52.3862563],[4.8632518,52.386316],[4.8633508,52.3863285],[4.8633708,52.3862688],[4.8632718,52.3862563]]},"properties":{"building":"yes","source":"3dShapes"}},{"type":"Feature","geometry":{"type":"LineString","coordinates":[[4.8540831,52.3864449],[4.8540108,52.3864867],[4.8540802,52.3865317],[4.8541525,52.3864899],[4.8540831,52.3864449]]},"properties":{"building":"yes","source":"3dShapes"}},{"type":"Feature","geometry":{"type":"LineString","coordinates":[[4.8582868,52.3859801],[4.8582145,52.3860222],[4.8582839,52.3860669],[4.8583562,52.3860251],[4.8582868,52.3859801]]},"properties":{"building":"yes","source":"3dShapes"}},{"type":"Feature","geometry":{"type":"LineString","coordinates":[[4.8534402,52.3868283],[4.8533679,52.3868701],[4.8534373,52.3869151],[4.8535095,52.3868733],[4.8534402,52.3868283]]},"properties":{"building":"yes","source":"3dShapes"}},{"type":"Feature","geometry":{"type":"LineString","coordinates":[[4.8498734,52.3881025],[4.8498011,52.3881443],[4.8498706,52.388189],[4.8499428,52.3881472],[4.8498734,52.3881025]]},"properties":{"building":"yes","source":"3dShapes"}},{"type":"Feature","geometry":{"type":"LineString","coordinates":[[4.8578693,52.3876231],[4.8579388,52.387668],[4.8580112,52.3876263],[4.8579416,52.3875814],[4.8578693,52.3876231]]},"properties":{"building":"yes","source":"3dShapes"}},{"type":"Feature","geometry":{"type":"LineString","coordinates":[[4.8602337,52.3860236],[4.8602137,52.3860831],[4.8603126,52.3860956],[4.8603326,52.3860359],[4.8602337,52.3860236]]},"properties":{"building":"yes","source":"3dShapes"}},{"type":"Feature","geometry":{"type":"LineString","coordinates":[[4.8498533,52.3860945],[4.8498553,52.3860648],[4.849861,52.3859789],[4.8496898,52.3859745],[4.8496878,52.3860015],[4.8496217,52.3859999],[4.8496282,52.3859002],[4.8494305,52.3858952],[4.849426,52.3859673],[4.8493828,52.3859666],[4.8493829,52.3859626],[4.8491648,52.3859571],[4.8491645,52.385961],[4.8491216,52.38596],[4.8491265,52.3858874],[4.8489287,52.3858824],[4.8489236,52.3859548],[4.8488229,52.3859523],[4.8488243,52.3859507],[4.8488254,52.3859489],[4.8488263,52.3859471],[4.8488268,52.3859453],[4.848827,52.3859434],[4.8488269,52.3859416],[4.8488265,52.3859397],[4.8488258,52.3859379],[4.8488248,52.3859362],[4.8488235,52.3859345],[4.8488219,52.3859329],[4.8488201,52.3859314],[4.848818,52.38593],[4.8488157,52.3859288],[4.8488131,52.3859277],[4.8488102,52.3859268],[4.8488073,52.3859262],[4.8488042,52.3859257],[4.8488011,52.3859254],[4.8487979,52.3859254],[4.8487951,52.3859255],[4.8487923,52.3859257],[4.8487895,52.3859262],[4.8487869,52.3859268],[4.8487843,52.3859276],[4.848782,52.3859285],[4.8487797,52.3859296],[4.8487777,52.3859308],[4.8487759,52.3859321],[4.8487743,52.3859336],[4.848773,52.3859351],[4.8487718,52.3859368],[4.8487708,52.3859385],[4.8487702,52.3859403],[4.8487699,52.3859421],[4.8487699,52.385944],[4.8487703,52.3859458],[4.8487709,52.3859476],[4.8487718,52.3859493],[4.8487731,52.385951],[4.8487453,52.3859504],[4.8486725,52.3859483],[4.8486769,52.3858759],[4.8484794,52.3858709],[4.8484706,52.3859998],[4.8484279,52.3859989],[4.8484275,52.3859924],[4.848426,52.3859869],[4.8484173,52.3859699],[4.8484132,52.3859651],[4.8483954,52.385951],[4.8483889,52.3859475],[4.8483642,52.3859378],[4.8483561,52.3859358],[4.8483276,52.3859319],[4.8483189,52.3859317],[4.8482899,52.385934],[4.8482816,52.3859356],[4.8482556,52.3859439],[4.8482486,52.3859472],[4.8482289,52.3859605],[4.8482242,52.385965],[4.848213,52.3859817],[4.848211,52.385987],[4.8482098,52.3859933],[4.8481669,52.3859921],[4.8481755,52.3858632],[4.8479778,52.385858],[4.847966,52.3860274],[4.8478792,52.3860252],[4.8478825,52.3859772],[4.8477505,52.3859737],[4.8477514,52.3859626],[4.8476857,52.3859609],[4.8476848,52.385972],[4.8476515,52.3859712],[4.8476462,52.385971],[4.8476322,52.3859706],[4.8476323,52.3859713],[4.8475939,52.3859706],[4.847592,52.3859947],[4.8475525,52.3859938],[4.8475503,52.3860171],[4.8475495,52.3860171],[4.8475471,52.3860493],[4.8475346,52.3860489],[4.8475317,52.3860896],[4.8475444,52.3860901],[4.8475423,52.386122],[4.8475433,52.3861219],[4.8475394,52.3861801],[4.8475383,52.3861974],[4.8475428,52.3861975],[4.8476171,52.3861994],[4.8476151,52.3862379],[4.8477767,52.3862419],[4.8477764,52.3862472],[4.8478698,52.3862495],[4.8478834,52.3862499],[4.8479509,52.3862516],[4.8479509,52.3862523],[4.8480106,52.3862539],[4.8480101,52.3862643],[4.848088,52.3862664],[4.8480884,52.3862602],[4.8480886,52.3862559],[4.8481485,52.3862575],[4.8481487,52.3862569],[4.8483069,52.3862606],[4.8483092,52.3862221],[4.8484553,52.3862256],[4.8484551,52.3862263],[4.8484721,52.3862267],[4.8484801,52.3862269],[4.8484938,52.3862272],[4.8485124,52.3862277],[4.8485147,52.3862278],[4.8485143,52.3862381],[4.8485922,52.3862401],[4.8485926,52.3862342],[4.8485929,52.3862298],[4.8486529,52.3862312],[4.8486549,52.3862068],[4.8489063,52.3862133],[4.8489662,52.386215],[4.8489654,52.3862253],[4.8490434,52.3862276],[4.8490442,52.3862169],[4.849104,52.3862185],[4.8491041,52.3862178],[4.8491559,52.3862189],[4.8491572,52.3861975],[4.8493691,52.3862029],[4.8493709,52.386176],[4.8494113,52.3861771],[4.8494112,52.3861778],[4.8494711,52.3861794],[4.8494703,52.3861898],[4.8495484,52.3861917],[4.8495492,52.3861813],[4.8496091,52.3861828],[4.8496091,52.3861825],[4.8498476,52.3861657],[4.8498487,52.3861462],[4.8498492,52.3861384],[4.8498497,52.3861327],[4.8498497,52.3861324],[4.8498508,52.3861323],[4.8498518,52.3861163],[4.8498533,52.3860945]]},"properties":{"building":"office","ref:bag":"0363100012119260","source":"BAG","source:date":"2017-06-10","start_date":"1992"}},{"type":"Feature","geometry":{"type":"LineString","coordinates":[[4.8639576,52.3861149],[4.8635744,52.3860322],[4.8634344,52.386],[4.8631957,52.3859499],[4.8629637,52.38591],[4.8627876,52.3858829],[4.862413,52.3858314],[4.8619968,52.3857894],[4.8615948,52.3857583],[4.8612114,52.3857387],[4.8601899,52.3857035],[4.859657,52.3856914],[4.8590053,52.3856892],[4.8580455,52.3856999],[4.8567524,52.3857507],[4.8561831,52.385778],[4.8555323,52.3858063],[4.8554596,52.3858098],[4.8553468,52.3858154],[4.8551436,52.3858272],[4.8547515,52.3858525],[4.8540625,52.3858961],[4.8535228,52.3859345],[4.8530645,52.3859743],[4.8517081,52.3860936],[4.8515703,52.3861073],[4.8512517,52.3861365]]},"properties":{"bicycle":"yes","foot":"yes","highway":"pedestrian","historic":"railway","lit":"yes","mofa":"no","moped":"no","name":"Brettenpad","oneway":"no","railway":"abandoned","ref":"G200","smoothness":"excellent","solitary":"yes","surface":"asphalt","surface:colour":"black","width":"3.50"}},{"type":"Feature","geometry":{"type":"LineString","coordinates":[[4.8635539,52.3860884],[4.8635744,52.3860322]]},"properties":{"highway":"footway","surface":"asphalt"}},{"type":"Feature","geometry":{"type":"LineString","coordinates":[[4.8579929,52.3858627],[4.8571104,52.3858772],[4.8560213,52.3859223],[4.8555829,52.3859504],[4.8547375,52.3860093],[4.8534959,52.3861026],[4.8521342,52.3862049],[4.8505872,52.3863583],[4.8500067,52.3864217],[4.8497507,52.3864471]]},"properties":{"waterway":"ditch"}},{"type":"Feature","geometry":{"type":"LineString","coordinates":[[4.8709475,52.3885209],[4.871033,52.3884743],[4.8710733,52.3884415],[4.8711054,52.3884098],[4.8711106,52.388377],[4.8710961,52.3883368],[4.8710694,52.3882888],[4.8710127,52.3882551],[4.8708779,52.3882104],[4.8698047,52.3879525],[4.8696486,52.387909],[4.869282,52.3878067],[4.8688963,52.387695],[4.8686237,52.3876092],[4.8683314,52.3875038],[4.8679365,52.3873527],[4.8677294,52.38728],[4.8674698,52.387183],[4.8671868,52.3870952],[4.8670886,52.3870712],[4.8663992,52.3868635],[4.8657667,52.3866681],[4.8654228,52.3865649],[4.8652678,52.3865167],[4.8648794,52.3864157],[4.8642895,52.3862955],[4.8639572,52.3862211],[4.8638871,52.386203],[4.8636152,52.3861051],[4.8635539,52.3860884],[4.8634118,52.3860645],[4.863023,52.3860031],[4.862477,52.3859326],[4.8616977,52.3858637],[4.8612443,52.3858359],[4.860526,52.3858027],[4.8600822,52.3857914],[4.859426,52.3857963],[4.8581617,52.3858051],[4.8571726,52.3858116],[4.8564799,52.3858359],[4.8556466,52.3858854],[4.855317,52.3858973],[4.8544358,52.385954],[4.8538121,52.3860019],[4.8530929,52.3860666],[4.8526327,52.3861055],[4.8515952,52.3861903],[4.8514591,52.386196],[4.8513989,52.3861938],[4.8513414,52.3861804],[4.8512517,52.3861365]]},"properties":{"highway":"footway","surface":"compacted"}},{"type":"Feature","geometry":{"type":"LineString","coordinates":[[4.8556466,52.3858854],[4.855495,52.3858223],[4.8554596,52.3858098]]},"properties":{"highway":"footway","surface":"asphalt"}},{"type":"Feature","geometry":{"type":"LineString","coordinates":[[4.8524189,52.3881488],[4.8520888,52.3879408],[4.8517946,52.3877554],[4.8515596,52.387599],[4.8515321,52.3875646],[4.8510148,52.387227],[4.8507335,52.3870462],[4.8506747,52.3870049],[4.8502128,52.3867264]]},"properties":{"foot":"yes","highway":"footway","name":"Nachtegaallaan"}},{"type":"Feature","geometry":{"type":"LineString","coordinates":[[4.8527831,52.3885564],[4.8527832,52.3885404],[4.8527907,52.3884995],[4.8528395,52.3884212],[4.8524189,52.3881488]]},"properties":{"foot":"yes","highway":"service"}},{"type":"Feature","geometry":{"type":"LineString","coordinates":[[4.8550938,52.3869928],[4.8551135,52.386955],[4.8551141,52.3869219],[4.8551009,52.3868694],[4.8550799,52.3868172],[4.8550383,52.3867754],[4.8550162,52.3867504],[4.854982,52.3867311],[4.8549394,52.3867196],[4.8547715,52.386697],[4.8547241,52.3867008],[4.8546772,52.386695],[4.8546359,52.3866802],[4.8543768,52.3865207]]},"properties":{"foot":"yes","highway":"footway"}},{"type":"Feature","geometry":{"type":"LineString","coordinates":[[4.8550913,52.3871546],[4.8554502,52.3873969],[4.8555709,52.38733],[4.8563225,52.3877834],[4.8563187,52.3877941],[4.8550623,52.3885236],[4.8550614,52.3885817],[4.8550618,52.3885965]]},"properties":{"boat":"no","waterway":"ditch"}},{"type":"Feature","geometry":{"type":"LineString","coordinates":[[4.8550913,52.3871546],[4.8549288,52.3872546],[4.8529225,52.3884398]]},"properties":{"boat":"no","waterway":"ditch"}},{"type":"Feature","geometry":{"type":"LineString","coordinates":[[4.8646159,52.3854867],[4.8646305,52.3854318],[4.8646311,52.3854201],[4.8645759,52.3854186],[4.8645777,52.3853991],[4.8645127,52.3853551],[4.8619545,52.3853209],[4.8611077,52.3853096],[4.8583256,52.3852637],[4.8574987,52.3852482],[4.856536,52.3852278],[4.8556212,52.3852143],[4.8556044,52.3852267],[4.8555602,52.3852881],[4.8555599,52.3853028],[4.8555596,52.3853232],[4.8555756,52.3853624],[4.8556134,52.3853844],[4.8562937,52.3853922],[4.8564152,52.3853936],[4.8567,52.3854137],[4.8585681,52.3854327],[4.8604451,52.3854557],[4.8612933,52.385469],[4.8620136,52.3854882],[4.8632274,52.3855011],[4.8642479,52.385517],[4.8643182,52.3855211],[4.864459,52.3856529],[4.864459,52.3856938],[4.8644912,52.385693],[4.8644939,52.3856529],[4.864526,52.3856169],[4.8645073,52.3855424],[4.8645597,52.3854922],[4.8645944,52.385481],[4.8646159,52.3854867]]},"properties":{"natural":"water","source":"3dShapes"}},{"type":"Feature","geometry":{"type":"LineString","coordinates":[[4.8477682,52.3863586],[4.847641,52.3863341],[4.8474496,52.3862749]]},"properties":{"bicycle":"yes","foot":"yes","highway":"pedestrian","lit":"yes","name":"Brettenpad","oneway":"no","ref":"G200","segregated":"no","smoothness":"excellent","solitary":"yes","surface":"asphalt","surface:colour":"black","width":"3.50"}},{"type":"Feature","geometry":{"type":"LineString","coordinates":[[4.8473669,52.3887342],[4.8473619,52.3886374],[4.8473612,52.3885732],[4.8473594,52.3884891]]},"properties":{"highway":"cycleway","lit":"yes","moped":"designated","oneway":"no","smoothness":"good","surface":"asphalt","surface:colour":"black","width":"4.00"}},{"type":"Feature","geometry":{"type":"LineString","coordinates":[[4.8673152,52.3870191],[4.8661102,52.3866438],[4.8658543,52.3865679],[4.8654049,52.3864336],[4.8651718,52.3863673],[4.8648831,52.3862996],[4.8645811,52.3862331],[4.8639576,52.3861149]]},"properties":{"bicycle":"yes","foot":"yes","highway":"pedestrian","historic":"railway","lit":"yes","mofa":"no","moped":"no","name":"Brettenpad","oneway":"no","railway":"abandoned","segregated":"yes","smoothness":"excellent","solitary":"yes","surface":"asphalt","surface:colour":"black","width":"3.50"}},{"type":"Feature","geometry":{"type":"LineString","coordinates":[[4.845671,52.386743],[4.8457892,52.3868774],[4.8458633,52.3869934],[4.8458959,52.3870677],[4.845935,52.3872214],[4.8459515,52.3872737],[4.8460913,52.3875408],[4.8461727,52.3877199],[4.8461851,52.3877629],[4.8461978,52.3878754],[4.8462056,52.3879217],[4.8462199,52.3879781],[4.8462387,52.388035],[4.84627,52.3881013],[4.8463071,52.3881586],[4.8463565,52.388218],[4.8464182,52.3882746],[4.8465221,52.3883373],[4.846624,52.3883865],[4.8467354,52.3884271],[4.8468455,52.3884571],[4.8469509,52.3884721],[4.8470631,52.3884808],[4.8473594,52.3884891]]},"properties":{"highway":"cycleway","lit:indirect":"yes","moped":"designated","oneway":"no","smoothness":"good","surface":"asphalt","surface:colour":"red","width":"3.00"}},{"type":"Feature","geometry":{"type":"LineString","coordinates":[[4.8471015,52.3861407],[4.8469722,52.3861081],[4.8468639,52.3860892],[4.8467586,52.3860804],[4.8466562,52.3860757],[4.8465292,52.3860811],[4.8464311,52.3860887],[4.8457959,52.3861747],[4.8456948,52.3861885],[4.8454221,52.3862194]]},"properties":{"foot":"yes","highway":"cycleway","lit":"yes","moped":"designated","name":"Brettenpad","oneway":"no","segregated":"no","smoothness":"excellent","surface":"asphalt","surface:colour":"red","width":"3.50"}},{"type":"Feature","geometry":{"type":"LineString","coordinates":[[4.8525739,52.385919],[4.8525769,52.3858146],[4.8525798,52.3857137],[4.852586,52.3855839],[4.8525891,52.3853909],[4.8518805,52.3853801],[4.8518468,52.3853778],[4.8518131,52.3853683],[4.8517926,52.385357],[4.8516828,52.3852542]]},"properties":{"highway":"residential","name":"Haarlemmerweg","surface":"concrete:plates"}},{"type":"Feature","geometry":{"type":"LineString","coordinates":[[4.8478505,52.3858228],[4.8479741,52.3858254],[4.8480102,52.385826],[4.848778,52.3858389],[4.8496956,52.3858543],[4.8496999,52.3857879],[4.8496999,52.3857282],[4.8487865,52.3857093],[4.8480018,52.3856968],[4.8479349,52.3856952]]},"properties":{"access":"private","highway":"service","maxspeed":"5","oneway":"yes"}},{"type":"Feature","geometry":{"type":"LineString","coordinates":[[4.8479349,52.3856952],[4.8477917,52.3857066],[4.8477909,52.3857577],[4.8477899,52.385822]]},"properties":{"access":"private","highway":"service","maxspeed":"30"}},{"type":"Feature","geometry":{"type":"LineString","coordinates":[[4.8477917,52.3857066],[4.8477226,52.3856623],[4.847716,52.3856249],[4.8477308,52.3853845],[4.8477387,52.3853616],[4.8477946,52.3853269],[4.8478204,52.385321],[4.8499191,52.3853732],[4.8500109,52.3853774]]},"properties":{"access":"private","highway":"service"}},{"type":"Feature","geometry":{"type":"LineString","coordinates":[[4.847522,52.3857575],[4.847611,52.3857599],[4.8477909,52.3857577],[4.8479812,52.385758],[4.8487042,52.3857722]]},"properties":{"highway":"footway","source":"Bing","surface":"paving_stones"}},{"type":"Feature","geometry":{"type":"LineString","coordinates":[[4.8499367,52.3856898],[4.8498745,52.3856884]]},"properties":{"highway":"steps"}},{"type":"Feature","geometry":{"type":"LineString","coordinates":[[4.8488611,52.3857737],[4.8496382,52.3857879]]},"properties":{"highway":"footway"}},{"type":"Feature","geometry":{"type":"LineString","coordinates":[[4.8487042,52.3857722],[4.8487814,52.3857737],[4.8488611,52.3857737]]},"properties":{"highway":"steps"}},{"type":"Feature","geometry":{"type":"LineString","coordinates":[[4.8496382,52.3857879],[4.8496999,52.3857879]]},"properties":{"highway":"steps"}},{"type":"Feature","geometry":{"type":"LineString","coordinates":[[4.8478505,52.3858228],[4.847915,52.3858872],[4.8479106,52.3859854]]},"properties":{"access":"private","highway":"service","maxspeed":"5"}},{"type":"Feature","geometry":{"type":"LineString","coordinates":[[4.8498745,52.3856884],[4.8498028,52.3857031],[4.8496999,52.3857879]]},"properties":{"highway":"footway"}},{"type":"Feature","geometry":{"type":"LineString","coordinates":[[4.8567524,52.3857507],[4.8566531,52.3855309],[4.8566611,52.3854949],[4.8567014,52.3854687],[4.8567416,52.3854572],[4.8568087,52.3854491],[4.8641096,52.3855506],[4.8642303,52.3855849],[4.8642947,52.3856406],[4.8643409,52.3857057]]},"properties":{"foot":"yes","highway":"footway","surface":"dirt"}},{"type":"Feature","geometry":{"type":"LineString","coordinates":[[4.8646481,52.3857065],[4.8646475,52.3855579],[4.8646396,52.3855054]]},"properties":{"highway":"footway","surface":"asphalt"}},{"type":"Feature","geometry":{"type":"LineString","coordinates":[[4.8646475,52.3855579],[4.8650692,52.3855574],[4.8651792,52.3855573],[4.8653119,52.3855571]]},"properties":{"highway":"footway","surface":"asphalt"}},{"type":"Feature","geometry":{"type":"LineString","coordinates":[[4.8653119,52.3855571],[4.8653898,52.385558]]},"properties":{"handrail":"no","highway":"steps","incline":"up","ramp":"separate","ramp:wheelchair":"separate","step_count":"12","surface":"concrete","tactile_paving":"no"}},{"type":"Feature","geometry":{"type":"LineString","coordinates":[[4.8650639,52.3857121],[4.8650692,52.3855574]]},"properties":{"highway":"footway","surface":"asphalt"}},{"type":"Feature","geometry":{"type":"LineString","coordinates":[[4.8651635,52.3857152],[4.8651792,52.3855573]]},"properties":{"highway":"footway","surface":"asphalt"}},{"type":"Feature","geometry":{"type":"LineString","coordinates":[[4.8644056,52.3857965],[4.8644074,52.3857714],[4.8643577,52.3857703],[4.8643602,52.3857277],[4.864294,52.3857263],[4.8642899,52.3857942],[4.8642865,52.3858207],[4.8643639,52.3858242],[4.8643958,52.3858139],[4.8644056,52.3857965]]},"properties":{"building":"garage","height":"6.2","ref:bag":"0363100012207564","source":"BAG","source:date":"2014-03-24","source:height":"3DBAG","source:height:date":"2025-09-03","start_date":"2002"}},{"type":"Feature","geometry":{"type":"LineString","coordinates":[[4.8653938,52.3884602],[4.8654575,52.3884968],[4.8655261,52.3885507],[4.8655623,52.3885877],[4.8656124,52.3886306],[4.8656662,52.3886677],[4.8657423,52.3887043],[4.8658229,52.3887264]]},"properties":{"highway":"footway","surface":"compacted"}},{"type":"Feature","geometry":{"type":"LineString","coordinates":[[4.8646396,52.3855054],[4.8646451,52.385367]]},"properties":{"bridge":"yes","bridge:ref":"182","highway":"footway","layer":"1","lit":"yes","surface":"wood"}},{"type":"Feature","geometry":{"type":"LineString","coordinates":[[4.8645407,52.3858041],[4.8645503,52.3858087],[4.8645571,52.3858578],[4.8652221,52.385887],[4.8654658,52.3862245],[4.8654191,52.3862325],[4.8653808,52.3862351],[4.8653037,52.3862219],[4.8640768,52.3859484],[4.8640188,52.3859317],[4.8640677,52.3857993],[4.8642015,52.3858125],[4.8642082,52.3857748],[4.8642364,52.3857781],[4.8642364,52.3858166],[4.8643898,52.3858331],[4.8644367,52.3858257],[4.8644474,52.3858035],[4.8645407,52.3858041]]},"properties":{"natural":"water","source":"3dShapes"}},{"type":"Feature","geometry":{"type":"LineString","coordinates":[[4.8633632,52.3876976],[4.8638212,52.3863123],[4.8634618,52.3862255],[4.8629839,52.386116]]},"properties":{"waterway":"ditch"}},{"type":"Feature","geometry":{"type":"LineString","coordinates":[[4.8629839,52.386116],[4.8625124,52.3860162],[4.8623129,52.3859896],[4.8619306,52.385945],[4.8616833,52.3859186],[4.8612973,52.3858847],[4.8606204,52.3858466],[4.8593238,52.3858601],[4.8590395,52.3858729],[4.8587546,52.3858521],[4.8586446,52.3858607],[4.8579929,52.3858627]]},"properties":{"waterway":"ditch"}},{"type":"Feature","geometry":{"type":"LineString","coordinates":[[4.8636079,52.387883],[4.8635543,52.3878781],[4.863498,52.3878617],[4.8634685,52.3878306],[4.8634685,52.3878028],[4.8635033,52.3877864],[4.8635677,52.387793],[4.8636213,52.3878077],[4.8636535,52.3878306],[4.8636616,52.3878617],[4.8636079,52.387883]]},"properties":{"natural":"water"}},{"type":"Feature","geometry":{"type":"LineString","coordinates":[[4.8638784,52.3882929],[4.8639724,52.388303],[4.8639893,52.388245],[4.8638953,52.3882348],[4.8638784,52.3882929]]},"properties":{"building":"yes"}},{"type":"Feature","geometry":{"type":"LineString","coordinates":[[4.8636951,52.388172],[4.8637965,52.3881814],[4.8638117,52.388121],[4.8637102,52.3881116],[4.8636951,52.388172]]},"properties":{"building":"yes"}},{"type":"Feature","geometry":{"type":"LineString","coordinates":[[4.863787,52.3885737],[4.8638876,52.3885836],[4.8639049,52.3885181],[4.8638043,52.3885082],[4.863787,52.3885737]]},"properties":{"building":"yes"}},{"type":"Feature","geometry":{"type":"LineString","coordinates":[[4.8638359,52.3884248],[4.8639338,52.3884341],[4.8639499,52.3883709],[4.8638521,52.3883616],[4.8638359,52.3884248]]},"properties":{"building":"yes"}},{"type":"Feature","geometry":{"type":"LineString","coordinates":[[4.8636411,52.3884362],[4.8637079,52.3884414],[4.8637196,52.3883847],[4.8636528,52.3883796],[4.8636411,52.3884362]]},"properties":{"building":"yes"}},{"type":"Feature","geometry":{"type":"LineString","coordinates":[[4.8642543,52.3884478],[4.8643282,52.3884518],[4.8643373,52.3883903],[4.8642634,52.3883863],[4.8642543,52.3884478]]},"properties":{"building":"yes"}},{"type":"Feature","geometry":{"type":"LineString","coordinates":[[4.8630581,52.3885476],[4.863168,52.3885591],[4.8631868,52.3884969],[4.8630769,52.3884821],[4.8630581,52.3885476]]},"properties":{"building":"yes"}},{"type":"Feature","geometry":{"type":"LineString","coordinates":[[4.8631761,52.3882726],[4.8632599,52.3882792],[4.8632741,52.3882118],[4.8631903,52.3882052],[4.8631761,52.3882726]]},"properties":{"building":"yes"}},{"type":"Feature","geometry":{"type":"LineString","coordinates":[[4.8628703,52.3884838],[4.8629619,52.3884948],[4.8629785,52.3884436],[4.8628868,52.3884325],[4.8628703,52.3884838]]},"properties":{"building":"yes"}},{"type":"Feature","geometry":{"type":"LineString","coordinates":[[4.8629743,52.3882025],[4.8630656,52.3882133],[4.8630802,52.3881676],[4.8629888,52.3881567],[4.8629743,52.3882025]]},"properties":{"building":"yes"}},{"type":"Feature","geometry":{"type":"LineString","coordinates":[[4.8624599,52.3881318],[4.8625485,52.3881449],[4.8625672,52.3880811],[4.8624787,52.3880729],[4.8624599,52.3881318]]},"properties":{"building":"yes"}},{"type":"Feature","geometry":{"type":"LineString","coordinates":[[4.8623567,52.38842],[4.8624318,52.388429],[4.862453,52.3883633],[4.8623779,52.3883543],[4.8623567,52.38842]]},"properties":{"building":"yes"}},{"type":"Feature","geometry":{"type":"LineString","coordinates":[[4.8625431,52.3878797],[4.8626423,52.3878895],[4.8626584,52.3878224],[4.8625646,52.3878126],[4.8625431,52.3878797]]},"properties":{"building":"yes"}},{"type":"Feature","geometry":{"type":"LineString","coordinates":[[4.8630876,52.3879583],[4.8631594,52.3879652],[4.8631771,52.3878968],[4.8631054,52.3878899],[4.8630876,52.3879583]]},"properties":{"building":"yes"}},{"type":"Feature","geometry":{"type":"LineString","coordinates":[[4.8623312,52.3880303],[4.8624075,52.3880381],[4.8624219,52.3879854],[4.8623456,52.3879777],[4.8623312,52.3880303]]},"properties":{"building":"yes"}},{"type":"Feature","geometry":{"type":"LineString","coordinates":[[4.8653898,52.385558],[4.8654396,52.3855589]]},"properties":{"highway":"footway","surface":"concrete"}},{"type":"Feature","geometry":{"type":"LineString","coordinates":[[4.865395,52.3875574],[4.865322,52.3875113],[4.8652481,52.3875552],[4.8653211,52.3876013],[4.865395,52.3875574]]},"properties":{"building":"yes","height":"7.3","ref:bag":"0363100012225937","source":"BAG","source:date":"2014-03-24","source:height":"3DBAG","source:height:date":"2025-09-03","start_date":"2000"}},{"type":"Feature","geometry":{"type":"LineString","coordinates":[[4.8471664,52.3881137],[4.8471721,52.3880895],[4.8471416,52.3880868],[4.8471358,52.388111],[4.8471664,52.3881137]]},"properties":{"building":"yes","height":"3.6","ref:bag":"0363100012234758","source":"BAG","source:date":"2014-03-24","source:height":"3DBAG","source:height:date":"2025-09-03","start_date":"1988"}},{"type":"Feature","geometry":{"type":"LineString","coordinates":[[4.847156,52.3869592],[4.8471582,52.3869401],[4.8471113,52.3869381],[4.8471092,52.3869572],[4.847156,52.3869592]]},"properties":{"building":"yes","height":"3.6","ref:bag":"0363100012203601","source":"BAG","source:date":"2014-03-24","source:height":"3DBAG","source:height:date":"2025-09-03","start_date":"1850"}},{"type":"Feature","geometry":{"type":"LineString","coordinates":[[4.8639215,52.3879522],[4.8639226,52.3879244],[4.8638775,52.3879237],[4.8638763,52.3879516],[4.8639215,52.3879522]]},"properties":{"building":"yes","height":"3.1","ref:bag":"0363100012220384","source":"BAG","source:date":"2014-03-24","source:height":"3DBAG","source:height:date":"2025-09-03","start_date":"1963"}},{"type":"Feature","geometry":{"type":"LineString","coordinates":[[4.8471137,52.3874955],[4.8470897,52.3874651],[4.8470119,52.3874882],[4.8470359,52.3875186],[4.8471137,52.3874955]]},"properties":{"building":"yes","height":"3.7","ref:bag":"0363100012203604","source":"BAG","source:date":"2014-03-24","source:height":"3DBAG","source:height:date":"2025-09-03","start_date":"1988"}},{"type":"Feature","geometry":{"type":"LineString","coordinates":[[4.8471412,52.3876515],[4.8471278,52.387598],[4.8470897,52.3876016],[4.8471031,52.3876551],[4.8471412,52.3876515]]},"properties":{"building":"yes","ref:bag":"0363100012203606","source":"BAG","source:date":"2014-03-24","start_date":"1988"}},{"type":"Feature","geometry":{"type":"LineString","coordinates":[[4.8646894,52.3880141],[4.8646944,52.387923],[4.8646172,52.3879214],[4.8646122,52.3880125],[4.8646894,52.3880141]]},"properties":{"building":"yes","height":"4.4","ref:bag":"0363100012220382","source":"BAG","source:date":"2014-03-24","source:height":"3DBAG","source:height:date":"2025-09-03","start_date":"1963"}},{"type":"Feature","geometry":{"type":"LineString","coordinates":[[4.863917,52.3878191],[4.8639181,52.3877922],[4.8638741,52.3877915],[4.8638729,52.3878184],[4.863917,52.3878191]]},"properties":{"building":"yes","height":"3.1","ref:bag":"0363100012220385","source":"BAG","source:date":"2014-03-24","source:height":"3DBAG","source:height:date":"2025-09-03","start_date":"1963"}},{"type":"Feature","geometry":{"type":"LineString","coordinates":[[4.8470653,52.3880973],[4.8470796,52.3880744],[4.8470509,52.3880677],[4.8470365,52.3880905],[4.8470653,52.3880973]]},"properties":{"building":"yes","height":"3.6","ref:bag":"0363100012185363","source":"BAG","source:date":"2014-03-24","source:height":"3DBAG","source:height:date":"2025-09-03","start_date":"1988"}},{"type":"Feature","geometry":{"type":"LineString","coordinates":[[4.8470395,52.3882835],[4.8470728,52.3882071],[4.8470033,52.3881957],[4.8469565,52.38827],[4.8470395,52.3882835]]},"properties":{"building":"house","height":"8.8","ref:bag":"0363100012063679","source":"BAG","source:date":"2014-03-24","source:height":"3DBAG","source:height:date":"2025-09-03","start_date":"1988"}},{"type":"Feature","geometry":{"type":"LineString","coordinates":[[4.8472113,52.3882986],[4.8472152,52.3882195],[4.8471414,52.3882182],[4.8471226,52.388297],[4.8472113,52.3882986]]},"properties":{"building":"house","height":"8.9","ref:bag":"0363100012119443","source":"BAG","source:date":"2014-03-24","source:height":"3DBAG","source:height:date":"2025-09-03","start_date":"1988"}},{"type":"Feature","geometry":{"type":"LineString","coordinates":[[4.8471226,52.388297],[4.8471414,52.3882182],[4.8470728,52.3882071],[4.8470395,52.3882835],[4.8471226,52.388297]]},"properties":{"building":"house","height":"8.8","ref:bag":"0363100012074150","source":"BAG","source:date":"2014-03-24","source:height":"3DBAG","source:height:date":"2025-09-03","start_date":"1988"}},{"type":"Feature","geometry":{"type":"LineString","coordinates":[[4.8654354,52.3875914],[4.8654052,52.3875716],[4.8653733,52.3875908],[4.8654038,52.3876106],[4.8654354,52.3875914]]},"properties":{"building":"yes","ref:bag":"0363100012225936","source":"BAG","source:date":"2014-03-24","start_date":"1997"}},{"type":"Feature","geometry":{"type":"LineString","coordinates":[[4.8470054,52.3868661],[4.8469872,52.3868469],[4.8469427,52.3868627],[4.8469612,52.3868823],[4.8470054,52.3868661]]},"properties":{"building":"yes","height":"3.9","ref:bag":"0363100012210609","source":"BAG","source:date":"2014-03-24","source:height":"3DBAG","source:height:date":"2025-09-03","start_date":"1850"}},{"type":"Feature","geometry":{"type":"LineString","coordinates":[[4.8471969,52.3881164],[4.8472027,52.3880922],[4.8471721,52.3880895],[4.8471664,52.3881137],[4.8471969,52.3881164]]},"properties":{"building":"yes","height":"3.4","ref:bag":"0363100012197571","source":"BAG","source:date":"2014-03-24","source:height":"3DBAG","source:height:date":"2025-09-03","start_date":"1988"}},{"type":"Feature","geometry":{"type":"LineString","coordinates":[[4.8652635,52.3875208],[4.8651963,52.3874783],[4.8651594,52.3875002],[4.8652266,52.3875427],[4.8652635,52.3875208]]},"properties":{"building":"yes","height":"3.2","ref:bag":"0363100012225938","source":"BAG","source:date":"2014-03-24","source:height":"3DBAG","source:height:date":"2025-09-03","start_date":"1997"}},{"type":"Feature","geometry":{"type":"LineString","coordinates":[[4.8470941,52.388104],[4.8471084,52.3880812],[4.8470796,52.3880744],[4.8470653,52.3880973],[4.8470941,52.388104]]},"properties":{"building":"yes","height":"3.7","ref:bag":"0363100012212726","source":"BAG","source:date":"2014-03-24","source:height":"3DBAG","source:height:date":"2025-09-03","start_date":"1988"}},{"type":"Feature","geometry":{"type":"LineString","coordinates":[[4.8469565,52.38827],[4.8470033,52.3881957],[4.8469393,52.3881756],[4.8468801,52.3882459],[4.8469565,52.38827]]},"properties":{"building":"house","height":"8.7","ref:bag":"0363100012144212","source":"BAG","source:date":"2014-03-24","source:height":"3DBAG","source:height:date":"2025-09-03","start_date":"1988"}},{"type":"Feature","geometry":{"type":"LineString","coordinates":[[4.8469979,52.3880784],[4.8470201,52.3880581],[4.8469944,52.3880476],[4.8469722,52.3880679],[4.8469979,52.3880784]]},"properties":{"building":"yes","height":"3.7","ref:bag":"0363100012205594","source":"BAG","source:date":"2014-03-24","source:height":"3DBAG","source:height:date":"2025-09-03","start_date":"1988"}},{"type":"Feature","geometry":{"type":"LineString","coordinates":[[4.847205,52.3875204],[4.8472297,52.3875132],[4.8471984,52.3874734],[4.8470379,52.387521],[4.847069,52.3875604],[4.847205,52.3875204]]},"properties":{"building":"yes","height":"3.6","ref:bag":"0363100012203603","source":"BAG","source:date":"2014-03-24","source:height":"3DBAG","source:height:date":"2025-09-03","start_date":"1988"}},{"type":"Feature","geometry":{"type":"LineString","coordinates":[[4.8469427,52.3868627],[4.8469872,52.3868469],[4.8470002,52.3868423],[4.846966,52.3868061],[4.8469351,52.3867983],[4.8468837,52.3868164],[4.8468791,52.3868365],[4.8469136,52.386873],[4.8469427,52.3868627]]},"properties":{"building":"yes","height":"6.9","ref:bag":"0363100012155599","source":"BAG","source:date":"2014-03-24","source:height":"3DBAG","source:height:date":"2025-09-03","start_date":"1850"}},{"type":"Feature","geometry":{"type":"LineString","coordinates":[[4.8658346,52.3857858],[4.8658323,52.3858229],[4.8655413,52.3858204],[4.8654606,52.385821]]},"properties":{"highway":"service","living_street":"yes","surface":"concrete"}},{"type":"Feature","geometry":{"type":"LineString","coordinates":[[4.865574,52.3876184],[4.8653833,52.387511],[4.8652813,52.3874504]]},"properties":{"access":"private","bicycle":"yes","foot":"yes","highway":"service"}},{"type":"Feature","geometry":{"type":"LineString","coordinates":[[4.8648478,52.3877565],[4.8646901,52.3877532],[4.8646683,52.3877525],[4.8643096,52.387746],[4.8639224,52.3877389],[4.8633521,52.387723]]},"properties":{"access":"private","bicycle":"private","foot":"private","highway":"service"}},{"type":"Feature","geometry":{"type":"LineString","coordinates":[[4.8555691,52.3887582],[4.8538112,52.388751],[4.85278,52.3887348],[4.8515229,52.3887297],[4.8512033,52.3887338],[4.8509999,52.3887309],[4.8508175,52.3887213],[4.850804,52.38872],[4.8505707,52.3886969],[4.850499,52.3887002],[4.8504771,52.3887054],[4.8504273,52.3887173]]},"properties":{"bicycle":"yes","highway":"service","name":"Sloterdijkerweg","service":"parking_aisle","surface":"asphalt"}},{"type":"Feature","geometry":{"type":"LineString","coordinates":[[4.8670061,52.3888986],[4.8663058,52.3888557],[4.8658705,52.3888325],[4.8655783,52.3888123],[4.8653753,52.3887816]]},"properties":{"highway":"service","surface":"paving_stones"}},{"type":"Feature","geometry":{"type":"LineString","coordinates":[[4.8474739,52.3858278],[4.847437,52.3858635],[4.8473576,52.3859094],[4.8472564,52.3859447],[4.8471408,52.3859622],[4.8469645,52.3859636],[4.8465338,52.3859517],[4.8461957,52.3859375],[4.8458862,52.3859367],[4.8458513,52.3859392],[4.845777,52.3859609],[4.8455076,52.3860674]]},"properties":{"bicycle":"no","highway":"tertiary","lanes":"1","lit":"yes","maxspeed":"30","name":"Molenwerf","oneway":"yes","sidewalk:left":"no","sidewalk:right":"separate","surface":"asphalt"}},{"type":"Feature","geometry":{"type":"LineString","coordinates":[[4.8475647,52.3854063],[4.8475491,52.3856523],[4.8475402,52.3857044],[4.847522,52.3857575],[4.8475007,52.3857988],[4.8474739,52.3858278]]},"properties":{"bicycle":"use_sidepath","highway":"tertiary","lanes":"2","lit":"yes","maxspeed":"30","name":"Molenwerf","oneway":"yes","smoothness":"excellent","surface":"asphalt","turn:lanes":"through|right"}},{"type":"Feature","geometry":{"type":"LineString","coordinates":[[4.8455145,52.3858703],[4.8455057,52.3858423],[4.8455077,52.3858114],[4.8455333,52.3857783],[4.8455773,52.3857616],[4.8456183,52.3857562],[4.8458312,52.3857537],[4.8458636,52.3857543],[4.8460015,52.3857588],[4.8469868,52.3857909],[4.8471352,52.3857922],[4.8472004,52.3857845],[4.8472647,52.3857615],[4.8473215,52.3857319],[4.8473545,52.3856865],[4.8473736,52.3856477],[4.84738,52.3856],[4.8474018,52.3851894]]},"properties":{"bicycle":"use_sidepath","foot":"use_sidepath","highway":"tertiary","lanes":"1","lit":"yes","maxspeed":"30","name":"Molenwerf","oneway":"yes","surface":"asphalt"}},{"type":"Feature","geometry":{"type":"LineString","coordinates":[[4.84747,52.3859271],[4.8474496,52.3862749]]},"properties":{"bicycle":"yes","foot":"designated","highway":"pedestrian","lit:indirect":"yes","moped":"no","name":"Brettenpad","smoothness":"good","surface":"asphalt","surface:colour":"red","width":"2.70"}},{"type":"Feature","geometry":{"type":"LineString","coordinates":[[4.8469722,52.3861081],[4.8469645,52.3859636],[4.8469803,52.3859073],[4.8469828,52.3858736],[4.8469868,52.3857909],[4.846988,52.3857551],[4.8471078,52.3857441],[4.847204,52.3857056],[4.8472908,52.3856319],[4.847304,52.3853147],[4.8472568,52.3851872]]},"properties":{"foot":"yes","highway":"footway","lit":"yes","smoothness":"good","surface":"asphalt","surface:colour":"red"}},{"type":"Feature","geometry":{"type":"LineString","coordinates":[[4.8564341,52.3878309],[4.8564844,52.3878585],[4.8566108,52.3879278],[4.8567565,52.3880057],[4.8568099,52.3880342],[4.8568852,52.3880648],[4.8571609,52.3881766],[4.857189,52.388188],[4.8576141,52.3883414],[4.8576986,52.3883681],[4.8581959,52.388519],[4.8583743,52.3885308],[4.8587295,52.3885284],[4.8591192,52.3885358],[4.8597974,52.3885487],[4.8602591,52.3885545],[4.8606262,52.388559],[4.8612781,52.3885669],[4.8618976,52.3885798],[4.8626093,52.3885947],[4.8633499,52.3886081],[4.8640482,52.3886207]]},"properties":{"highway":"path","name":"Lupinelaan","smoothness":"intermediate","surface":"fine_gravel"}},{"type":"Feature","geometry":{"type":"LineString","coordinates":[[4.8633499,52.3886081],[4.8635285,52.3881142]]},"properties":{"highway":"path","name":"Asterlaan"}},{"type":"Feature","geometry":{"type":"LineString","coordinates":[[4.8575856,52.3859097],[4.8579166,52.3859152],[4.8580058,52.3859531],[4.8580346,52.3859708],[4.8580876,52.3860043],[4.8581609,52.3860502],[4.8584759,52.3862556],[4.8588508,52.3865001],[4.8588962,52.3865297],[4.8591771,52.3867129],[4.8592602,52.3867656],[4.8593787,52.3868408],[4.8596774,52.3869804],[4.8597921,52.3870265],[4.8599837,52.3871035],[4.8602901,52.3872029],[4.8604255,52.3872457],[4.8604996,52.3872692],[4.8609114,52.3873325],[4.8610688,52.387354],[4.8616989,52.3874401],[4.862297,52.3875166],[4.8629615,52.3875989]]},"properties":{"highway":"path","name":"Chrysantenlaan"}},{"type":"Feature","geometry":{"type":"LineString","coordinates":[[4.8651967,52.3854013],[4.865198,52.3854336],[4.8652111,52.3854858],[4.8652119,52.3855146],[4.8653841,52.3855235],[4.8653852,52.385497],[4.8653989,52.3854939],[4.8654014,52.3854397],[4.8653881,52.3854371],[4.8653895,52.3854027],[4.8651967,52.3854013]]},"properties":{"natural":"water"}},{"type":"Feature","geometry":{"type":"LineString","coordinates":[[4.864683,52.3853866],[4.8646311,52.3854201],[4.8646305,52.3854318],[4.8646159,52.3854867],[4.8646672,52.3854986],[4.8647192,52.3855113],[4.8647768,52.3855178],[4.8648385,52.3855219],[4.8649123,52.3855219],[4.864974,52.3855178],[4.8650464,52.3855055],[4.8650491,52.3854839],[4.8652111,52.3854858],[4.865198,52.3854336],[4.8650529,52.3854296],[4.8650507,52.3853865],[4.8648379,52.3853709],[4.864683,52.3853866]]},"properties":{"alt_name":"Het Sluisje","heritage":"2","heritage:operator":"rce","name":"Sluis Haarlemmervaart","natural":"water","wikidata":"Q18774957","wikimedia_commons":"Category:Sluis Haarlemmervaart","wikipedia":"nl:Schutsluis Haarlemmervaart"}},{"type":"Feature","geometry":{"type":"LineString","coordinates":[[4.8473342,52.3883977],[4.8473688,52.3883952]]},"properties":{"highway":"footway","name":"Spaarndammerdijk"}},{"type":"Feature","geometry":{"type":"LineString","coordinates":[[4.8471979,52.388373],[4.8472493,52.3883924]]},"properties":{"highway":"footway","name":"Spaarndammerdijk"}},{"type":"Feature","geometry":{"type":"LineString","coordinates":[[4.8473587,52.3889258],[4.8473639,52.3888431]]},"properties":{"highway":"cycleway","lit":"yes","moped":"designated","oneway":"no","smoothness":"intermediate","surface":"concrete","surface:colour":"grey","width":"4.00"}},{"type":"Feature","geometry":{"type":"LineString","coordinates":[[4.8473422,52.3891858],[4.8473587,52.3889258]]},"properties":{"highway":"cycleway","layer":"-1","lit":"yes","moped":"designated","oneway":"no","smoothness":"intermediate","surface":"concrete","surface:colour":"grey","tunnel":"yes","width":"4.00"}},{"type":"Feature","geometry":{"type":"LineString","coordinates":[[4.8639277,52.3871788],[4.8643034,52.3871835],[4.8646324,52.3871877]]},"properties":{"bicycle":"no","highway":"path"}},{"type":"Feature","geometry":{"type":"LineString","coordinates":[[4.8639256,52.3872655],[4.8643044,52.3872708],[4.8646323,52.3872754]]},"properties":{"bicycle":"no","highway":"path"}},{"type":"Feature","geometry":{"type":"LineString","coordinates":[[4.8639236,52.3873497],[4.8643053,52.3873548],[4.8646323,52.3873591]]},"properties":{"bicycle":"no","highway":"path"}},{"type":"Feature","geometry":{"type":"LineString","coordinates":[[4.8639215,52.387434],[4.8643062,52.3874401],[4.8646322,52.3874453]]},"properties":{"bicycle":"no","highway":"path"}},{"type":"Feature","geometry":{"type":"LineString","coordinates":[[4.8639194,52.3875197],[4.8643072,52.3875264],[4.8646321,52.3875321]]},"properties":{"bicycle":"no","highway":"path"}},{"type":"Feature","geometry":{"type":"LineString","coordinates":[[4.8639174,52.3876045],[4.8643081,52.3876094],[4.864632,52.3876135]]},"properties":{"bicycle":"no","highway":"path"}},{"type":"Feature","geometry":{"type":"LineString","coordinates":[[4.8639297,52.3870967],[4.8639277,52.3871788],[4.8639256,52.3872655],[4.8639236,52.3873497],[4.8639215,52.387434],[4.8639194,52.3875197],[4.8639174,52.3876045],[4.8639152,52.3876939],[4.864309,52.3876975],[4.8646741,52.3877008]]},"properties":{"bicycle":"no","highway":"path"}},{"type":"Feature","geometry":{"type":"LineString","coordinates":[[4.8646325,52.3871039],[4.8643025,52.3871005],[4.8639297,52.3870967],[4.8638627,52.387096],[4.8638868,52.3870101],[4.8639112,52.3869234],[4.8639355,52.386837],[4.8639474,52.3867945],[4.8642993,52.3868006],[4.8646328,52.3868063],[4.8646328,52.3868462],[4.8646327,52.3869325],[4.8646326,52.3870177],[4.8646325,52.3871039],[4.8646324,52.3871877],[4.8646323,52.3872754],[4.8646323,52.3873591],[4.8646322,52.3874453],[4.8646321,52.3875321],[4.864632,52.3876135],[4.864632,52.3876483],[4.8646741,52.3877008],[4.8646893,52.3877409],[4.8646901,52.3877532]]},"properties":{"bicycle":"no","highway":"path"}},{"type":"Feature","geometry":{"type":"LineString","coordinates":[[4.8638868,52.3870101],[4.8643016,52.3870143],[4.8646326,52.3870177]]},"properties":{"bicycle":"no","highway":"path"}},{"type":"Feature","geometry":{"type":"LineString","coordinates":[[4.8639112,52.3869234],[4.8643007,52.3869283],[4.8646327,52.3869325]]},"properties":{"bicycle":"no","highway":"path"}},{"type":"Feature","geometry":{"type":"LineString","coordinates":[[4.8639355,52.386837],[4.8642997,52.3868418],[4.8646328,52.3868462]]},"properties":{"bicycle":"no","highway":"path"}},{"type":"Feature","geometry":{"type":"LineString","coordinates":[[4.8643096,52.387746],[4.864309,52.3876975],[4.8643081,52.3876094],[4.8643072,52.3875264],[4.8643062,52.3874401],[4.8643053,52.3873548],[4.8643044,52.3872708],[4.8643034,52.3871835],[4.8643025,52.3871005],[4.8643016,52.3870143],[4.8643007,52.3869283],[4.8642997,52.3868418],[4.8642993,52.3868006]]},"properties":{"bicycle":"no","highway":"path"}},{"type":"Feature","geometry":{"type":"LineString","coordinates":[[4.8621573,52.3862123],[4.8616989,52.3874401],[4.8612781,52.3885669]]},"properties":{"highway":"path","name":"Dahlialaan","surface":"compacted"}},{"type":"Feature","geometry":{"type":"LineString","coordinates":[[4.8627518,52.3863041],[4.862297,52.3875166],[4.8618976,52.3885798]]},"properties":{"highway":"path","name":"Violenlaan","surface":"compacted"}},{"type":"Feature","geometry":{"type":"LineString","coordinates":[[4.8604996,52.3872692],[4.8597974,52.3885487]]},"properties":{"highway":"path","name":"Nemesialaan"}},{"type":"Feature","geometry":{"type":"LineString","coordinates":[[4.847758,52.3871771],[4.8477849,52.3871793],[4.8481703,52.3874165],[4.8482083,52.3874376],[4.8485224,52.3876421],[4.8498619,52.3884578]]},"properties":{"foot":"yes","highway":"footway","name":"Fazantenlaan"}},{"type":"Feature","geometry":{"type":"LineString","coordinates":[[4.8484656,52.3883808],[4.848769,52.3882038],[4.8494625,52.387799],[4.8497517,52.3876302],[4.8500025,52.3874739],[4.8503169,52.3872779],[4.8506071,52.3871203],[4.850676,52.3870835],[4.8507335,52.3870462],[4.8507755,52.38702],[4.8521342,52.3862049]]},"properties":{"boat":"no","waterway":"ditch"}},{"type":"Feature","geometry":{"type":"LineString","coordinates":[[4.8494804,52.3874608],[4.849876,52.3872194],[4.8501044,52.3873495],[4.8503083,52.3872284],[4.8506747,52.3870049]]},"properties":{"highway":"footway","name":"Karakietlaan"}},{"type":"Feature","geometry":{"type":"LineString","coordinates":[[4.8560936,52.3861151],[4.8559228,52.3860455],[4.8558342,52.3860229],[4.8557176,52.3860259],[4.8552946,52.3860348],[4.8552397,52.3860437],[4.8551606,52.3860397],[4.8540342,52.3861117],[4.8537996,52.3862402],[4.8534146,52.3862093],[4.8533833,52.3861978]]},"properties":{"highway":"footway"}},{"type":"Feature","geometry":{"type":"LineString","coordinates":[[4.8543768,52.3865207],[4.8547406,52.3863477],[4.8552397,52.3860437]]},"properties":{"foot":"yes","highway":"footway"}},{"type":"Feature","geometry":{"type":"LineString","coordinates":[[4.8497507,52.3864471],[4.8493363,52.3867084],[4.848603,52.3871343],[4.8481703,52.3874165],[4.8478256,52.3876248],[4.8481709,52.3878353],[4.848769,52.3882038],[4.8490747,52.3883862]]},"properties":{"boat":"no","waterway":"ditch"}},{"type":"Feature","geometry":{"type":"LineString","coordinates":[[4.8540426,52.3877143],[4.8536024,52.387445],[4.8532637,52.3872377],[4.8530127,52.3870841]]},"properties":{"foot":"yes","highway":"footway","name":"Eksterlaan"}},{"type":"Feature","geometry":{"type":"LineString","coordinates":[[4.8570031,52.3859515],[4.8569816,52.3859376],[4.8569374,52.3859327],[4.856413,52.3859581],[4.8563456,52.3859698],[4.8560936,52.3861151],[4.8550162,52.3867504]]},"properties":{"foot":"yes","highway":"footway","name":"Kievietslaan"}},{"type":"Feature","geometry":{"type":"LineString","coordinates":[[4.8579959,52.3875354],[4.8592602,52.3867656],[4.8597614,52.3864652],[4.8597864,52.3864116]]},"properties":{"highway":"path","name":"Gladiolenlaan"}},{"type":"Feature","geometry":{"type":"LineString","coordinates":[[4.8596009,52.3871849],[4.859912,52.3872941],[4.8599259,52.3873011],[4.8599357,52.3873104],[4.8599405,52.387321],[4.85994,52.387332],[4.8599341,52.3873424],[4.8599233,52.3873512],[4.8590322,52.3883105]]},"properties":{"highway":"path","name":"Ranonkullaan"}},{"type":"Feature","geometry":{"type":"LineString","coordinates":[[4.8584423,52.3878411],[4.8592856,52.3873158],[4.8593247,52.3872999],[4.8593696,52.3872918],[4.8594165,52.3872921],[4.8594612,52.3873007]]},"properties":{"highway":"path","name":"Mubretialaan"}},{"type":"Feature","geometry":{"type":"LineString","coordinates":[[4.8596296,52.3863156],[4.8598652,52.3861141]]},"properties":{"highway":"path"}},{"type":"Feature","geometry":{"type":"LineString","coordinates":[[4.8588508,52.3865001],[4.8592178,52.3862969],[4.8592845,52.3862772],[4.8593578,52.3862708],[4.8594309,52.3862782],[4.8596296,52.3863156],[4.8597586,52.3863536],[4.8597864,52.3864116]]},"properties":{"highway":"path"}},{"type":"Feature","geometry":{"type":"LineString","coordinates":[[4.8575949,52.3872974],[4.8588962,52.3865297]]},"properties":{"highway":"path","name":"Lathyruslaan"}},{"type":"Feature","geometry":{"type":"LineString","coordinates":[[4.8567651,52.3868125],[4.8580876,52.3860043]]},"properties":{"highway":"path","name":"Hoortensialaan"}},{"type":"Feature","geometry":{"type":"LineString","coordinates":[[4.8591192,52.3885358],[4.8590972,52.3883983],[4.8590322,52.3883105],[4.8590071,52.3882766],[4.8588755,52.3881701],[4.8587994,52.3881123],[4.8584423,52.3878411],[4.8582346,52.3876833],[4.8579959,52.3875354],[4.85781,52.3874202],[4.8575949,52.3872974],[4.8571734,52.3870568],[4.8571284,52.3870294],[4.8567651,52.3868125]]},"properties":{"highway":"path","name":"Irislaan"}},{"type":"Feature","geometry":{"type":"LineString","coordinates":[[4.8606785,52.3865688],[4.8606079,52.3865432],[4.8605207,52.3865088],[4.8604917,52.3865033],[4.8604613,52.386503],[4.860432,52.3865079],[4.8604061,52.3865176],[4.8602767,52.3866248],[4.8597921,52.3870265],[4.8596009,52.3871849],[4.8594612,52.3873007]]},"properties":{"highway":"path","name":"Lusthof"}},{"type":"Feature","geometry":{"type":"LineString","coordinates":[[4.8624146,52.3862498],[4.8621573,52.3862123],[4.8616161,52.3861287],[4.8615615,52.3861327],[4.8615233,52.386154],[4.8614373,52.3863527],[4.860796,52.3862545],[4.8598652,52.3861141],[4.859394,52.3860112],[4.8589376,52.3859456]]},"properties":{"highway":"path","name":"Tritomalaan"}},{"type":"Feature","geometry":{"type":"LineString","coordinates":[[4.8581959,52.388519],[4.8581554,52.3885598],[4.8580803,52.3885647],[4.857973,52.388568],[4.8577906,52.3885614],[4.8576994,52.3885532],[4.8576672,52.388514],[4.8576618,52.3884665],[4.8576672,52.388419],[4.8576986,52.3883681]]},"properties":{"highway":"path","name":"Moeraspad"}},{"type":"Feature","geometry":{"type":"LineString","coordinates":[[4.8503897,52.3891045],[4.8502953,52.3889941],[4.8502307,52.3889211]]},"properties":{"bicycle":"no","highway":"tertiary","lanes":"1","lit":"yes","maxheight":"default","maxspeed":"50","name":"Sloterdijkerweg","oneway":"yes","surface":"asphalt"}},{"type":"Feature","geometry":{"type":"LineString","coordinates":[[4.8504922,52.3889208],[4.8505715,52.3890039],[4.850659,52.3891039]]},"properties":{"bicycle":"no","highway":"tertiary","lanes":"1","lit":"yes","maxheight":"default","maxspeed":"50","name":"Sloterdijkerweg","oneway":"yes","surface":"asphalt"}},{"type":"Feature","geometry":{"type":"LineString","coordinates":[[4.8550616,52.3870616],[4.8550938,52.3869928]]},"properties":{"bridge":"yes","highway":"footway","layer":"1"}},{"type":"Feature","geometry":{"type":"LineString","coordinates":[[4.8528395,52.3884212],[4.8531026,52.3882666],[4.8535254,52.3880182],[4.8539737,52.3877548],[4.8540426,52.3877143],[4.8544312,52.3874905],[4.8548113,52.3872626],[4.8550258,52.3871287],[4.8550429,52.387099],[4.8550616,52.3870616]]},"properties":{"foot":"yes","highway":"footway","name":"Koekoekslaan"}},{"type":"Feature","geometry":{"type":"LineString","coordinates":[[4.8473854,52.3871748],[4.8472088,52.387176],[4.847072,52.3872236]]},"properties":{"foot":"designated","highway":"footway"}},{"type":"Feature","geometry":{"type":"LineString","coordinates":[[4.8717992,52.3883404],[4.8715763,52.388416],[4.8712794,52.3884667],[4.8709475,52.3885209],[4.870831,52.3885404],[4.8705308,52.3885638],[4.8702494,52.3885986],[4.8698115,52.3886206],[4.869246,52.3886616],[4.8690156,52.388671],[4.8678177,52.3886974],[4.8665311,52.3887124],[4.8658229,52.3887264],[4.8656774,52.3887515],[4.8655615,52.3887638],[4.8653753,52.3887816]]},"properties":{"highway":"footway","name":"Elzenlaantje","surface":"fine_gravel"}},{"type":"Feature","geometry":{"type":"LineString","coordinates":[[4.85593,52.3875632],[4.8559606,52.3875446]]},"properties":{"bridge":"yes","highway":"footway","layer":"1"}},{"type":"Feature","geometry":{"type":"LineString","coordinates":[[4.8559606,52.3875446],[4.8559817,52.3875318]]},"properties":{"highway":"footway"}},{"type":"Feature","geometry":{"type":"LineString","coordinates":[[4.8629282,52.3876926],[4.8633521,52.387723]]},"properties":{"highway":"path"}},{"type":"Feature","geometry":{"type":"LineString","coordinates":[[4.8566417,52.3887582],[4.8562313,52.3886834],[4.85557,52.3886809],[4.8527842,52.38866],[4.8523773,52.3886513],[4.8522301,52.3886727],[4.8519971,52.3886719],[4.8518417,52.3886569],[4.8514599,52.3886529],[4.8511889,52.3886435],[4.8510987,52.3886497],[4.8509529,52.3886509],[4.8505442,52.388645],[4.8504219,52.3886321]]},"properties":{"highway":"footway","surface":"gravel"}},{"type":"Feature","geometry":{"type":"LineString","coordinates":[[4.8571609,52.3881766],[4.8576052,52.3878766]]},"properties":{"highway":"path","name":"Piet Moespad"}},{"type":"Feature","geometry":{"type":"LineString","coordinates":[[4.8568852,52.3880648],[4.8573743,52.3877205],[4.8573686,52.3877137],[4.8571976,52.3876106],[4.8568234,52.387866],[4.856826,52.3879441],[4.856771,52.3879954],[4.8567565,52.3880057]]},"properties":{"highway":"path","name":"Hogenesplantsoen"}},{"type":"Feature","geometry":{"type":"LineString","coordinates":[[4.8568099,52.3880342],[4.8564178,52.3882545]]},"properties":{"highway":"path"}},{"type":"Feature","geometry":{"type":"LineString","coordinates":[[4.8550759,52.3874212],[4.8549089,52.3873181]]},"properties":{"highway":"footway"}},{"type":"Feature","geometry":{"type":"LineString","coordinates":[[4.8547138,52.3876622],[4.854522,52.3875443]]},"properties":{"highway":"footway"}},{"type":"Feature","geometry":{"type":"LineString","coordinates":[[4.8542511,52.3879315],[4.8540768,52.3878103]]},"properties":{"highway":"footway"}},{"type":"Feature","geometry":{"type":"LineString","coordinates":[[4.8538113,52.3881893],[4.8536275,52.3880821]]},"properties":{"highway":"footway"}},{"type":"Feature","geometry":{"type":"LineString","coordinates":[[4.8533767,52.3884283],[4.8532011,52.3883252]]},"properties":{"highway":"footway"}},{"type":"Feature","geometry":{"type":"LineString","coordinates":[[4.8548113,52.3872626],[4.8549089,52.3873181]]},"properties":{"bridge":"yes","highway":"footway","layer":"1"}},{"type":"Feature","geometry":{"type":"LineString","coordinates":[[4.8544312,52.3874905],[4.854522,52.3875443]]},"properties":{"bridge":"yes","highway":"footway","layer":"1"}},{"type":"Feature","geometry":{"type":"LineString","coordinates":[[4.8539737,52.3877548],[4.8540768,52.3878103]]},"properties":{"bridge":"yes","highway":"footway","layer":"1"}},{"type":"Feature","geometry":{"type":"LineString","coordinates":[[4.8535254,52.3880182],[4.8536275,52.3880821]]},"properties":{"bridge":"yes","highway":"footway","layer":"1"}},{"type":"Feature","geometry":{"type":"LineString","coordinates":[[4.8531026,52.3882666],[4.8532011,52.3883252]]},"properties":{"bridge":"yes","highway":"footway","layer":"1"}},{"type":"Feature","geometry":{"type":"LineString","coordinates":[[4.8528395,52.3884212],[4.8530428,52.3885473],[4.8536707,52.3885639],[4.8542,52.3885591],[4.8543115,52.3885461],[4.85593,52.3875632]]},"properties":{"foot":"yes","highway":"footway","name":"Vinkenlaan"}},{"type":"Feature","geometry":{"type":"LineString","coordinates":[[4.847758,52.3871771],[4.8477545,52.3872397],[4.8475937,52.3873387],[4.8475557,52.3878707],[4.8475939,52.387929],[4.8483801,52.388382],[4.8484398,52.3884054],[4.8485684,52.3883995],[4.8488467,52.3884229],[4.8498619,52.3884578]]},"properties":{"foot":"yes","highway":"footway","name":"Zwaluwlaan"}},{"type":"Feature","geometry":{"type":"LineString","coordinates":[[4.8486309,52.386786],[4.8487151,52.387009],[4.8488242,52.387071],[4.8494804,52.3874608],[4.8497517,52.3876302],[4.8506158,52.3881701]]},"properties":{"foot":"yes","highway":"footway","name":"Mezenlaan"}},{"type":"Feature","geometry":{"type":"LineString","coordinates":[[4.8474774,52.387176],[4.8475337,52.387176],[4.847594,52.3871763]]},"properties":{"bridge":"yes","highway":"footway","layer":"1"}},{"type":"Feature","geometry":{"type":"LineString","coordinates":[[4.8530958,52.3860786],[4.8531121,52.3861493],[4.8531183,52.3861762]]},"properties":{"bridge":"yes","highway":"footway","layer":"1","surface":"metal"}},{"type":"Feature","geometry":{"type":"LineString","coordinates":[[4.8479849,52.386685],[4.8480828,52.3866266],[4.848137,52.3866126],[4.8483031,52.3866041],[4.848344,52.3866093],[4.8486309,52.386786],[4.8486909,52.3867512],[4.8489855,52.3865972],[4.8490226,52.3865848],[4.8492945,52.3865549],[4.8493518,52.3865703],[4.8494412,52.3866183]]},"properties":{"foot":"yes","highway":"footway","name":"Adelaarsweg"}},{"type":"Feature","geometry":{"type":"LineString","coordinates":[[4.8580565,52.3859573],[4.8580843,52.3859381],[4.8581264,52.3859092],[4.8581127,52.3859001],[4.8581795,52.3858571],[4.858162,52.3858464]]},"properties":{"bridge":"movable","highway":"footway","layer":"1"}},{"type":"Feature","geometry":{"type":"LineString","coordinates":[[4.8524189,52.3881488],[4.8536024,52.387445]]},"properties":{"highway":"footway","name":"Arendlaan"}},{"type":"Feature","geometry":{"type":"LineString","coordinates":[[4.8520888,52.3879408],[4.8512819,52.3884316]]},"properties":{"highway":"footway","name":"Spreeuwenlaan"}},{"type":"Feature","geometry":{"type":"LineString","coordinates":[[4.8517271,52.3862976],[4.851419,52.386332],[4.8510634,52.3863718],[4.8506401,52.3864191],[4.8505617,52.386428],[4.8500448,52.3864868]]},"properties":{"foot":"yes","highway":"footway"}},{"type":"Feature","geometry":{"type":"LineString","coordinates":[[4.8498619,52.3884578],[4.8501326,52.388466],[4.8506158,52.3881701],[4.8515596,52.387599],[4.8527132,52.3869009],[4.8537996,52.3862402]]},"properties":{"foot":"yes","highway":"footway","name":"Leeuweriklaan"}},{"type":"Feature","geometry":{"type":"LineString","coordinates":[[4.8543768,52.3865207],[4.8541806,52.386624],[4.8532637,52.3872377]]},"properties":{"foot":"yes","highway":"footway","name":"Gruttolaan"}},{"type":"Feature","geometry":{"type":"LineString","coordinates":[[4.8564341,52.3878309],[4.8562609,52.3877195],[4.8559817,52.3875318],[4.8554729,52.38723],[4.8554203,52.3872049],[4.8554568,52.3871719],[4.8572523,52.3861065],[4.8575856,52.3859097]]},"properties":{"highway":"path","name":"Goudsbloemlaan"}},{"type":"Feature","geometry":{"type":"LineString","coordinates":[[4.8613025,52.3876475],[4.8618548,52.3861696]]},"properties":{"boat":"no","waterway":"ditch"}},{"type":"Feature","geometry":{"type":"LineString","coordinates":[[4.8610143,52.3876097],[4.8613025,52.3876475],[4.86158,52.3876828]]},"properties":{"boat":"no","waterway":"ditch"}},{"type":"Feature","geometry":{"type":"LineString","coordinates":[[4.8643057,52.3886654],[4.8644596,52.3882722]]},"properties":{"boat":"no","waterway":"ditch"}},{"type":"Feature","geometry":{"type":"LineString","coordinates":[[4.8638969,52.3880373],[4.863714,52.3885691]]},"properties":{"boat":"no","waterway":"ditch"}},{"type":"Feature","geometry":{"type":"LineString","coordinates":[[4.863211,52.3880156],[4.8629764,52.3885609]]},"properties":{"boat":"no","waterway":"ditch"}},{"type":"Feature","geometry":{"type":"LineString","coordinates":[[4.8626367,52.3875329],[4.863036,52.3864011],[4.8627701,52.3863524]]},"properties":{"boat":"no","waterway":"ditch"}},{"type":"Feature","geometry":{"type":"LineString","coordinates":[[4.8619715,52.3874456],[4.8624228,52.3862871],[4.8624284,52.3862346],[4.8625124,52.3860162]]},"properties":{"boat":"no","waterway":"ditch"}},{"type":"Feature","geometry":{"type":"LineString","coordinates":[[4.8640482,52.3886207],[4.8641715,52.388266],[4.8645391,52.3883168]]},"properties":{"highway":"path","name":"Tulpenlaan"}},{"type":"Feature","geometry":{"type":"LineString","coordinates":[[4.8645391,52.3883168],[4.8644485,52.3885373]]},"properties":{"highway":"path","name":"Hyacinthenlaan"}},{"type":"Feature","geometry":{"type":"LineString","coordinates":[[4.8634009,52.3864043],[4.8629615,52.3875989],[4.8629282,52.3876926],[4.8626093,52.3885947]]},"properties":{"highway":"path","name":"Pioenenlaan","surface":"compacted"}},{"type":"Feature","geometry":{"type":"LineString","coordinates":[[4.8606262,52.388559],[4.8610688,52.387354],[4.8614373,52.3863527]]},"properties":{"highway":"path","name":"Rozenlaan"}},{"type":"Feature","geometry":{"type":"LineString","coordinates":[[4.8591951,52.3886223],[4.8602653,52.3872325]]},"properties":{"boat":"no","waterway":"ditch"}},{"type":"Feature","geometry":{"type":"LineString","coordinates":[[4.8589454,52.3882649],[4.8590925,52.3881877],[4.8598942,52.3873187]]},"properties":{"boat":"no","waterway":"ditch"}},{"type":"Feature","geometry":{"type":"LineString","coordinates":[[4.860493,52.3865272],[4.8602395,52.3867448],[4.8602501,52.3867919],[4.860318,52.3868493],[4.8604229,52.3868969],[4.8604978,52.3869231],[4.8607634,52.3869856],[4.8608221,52.3869837]]},"properties":{"boat":"no","waterway":"ditch"}},{"type":"Feature","geometry":{"type":"LineString","coordinates":[[4.8602512,52.3886231],[4.8606321,52.3875485],[4.8608221,52.3869837],[4.8610864,52.3863238]]},"properties":{"boat":"no","waterway":"ditch"}},{"type":"Feature","geometry":{"type":"LineString","coordinates":[[4.8581112,52.3876718],[4.85944,52.3868929]]},"properties":{"boat":"no","waterway":"ditch"}},{"type":"Feature","geometry":{"type":"LineString","coordinates":[[4.8594612,52.3873007],[4.8594844,52.3873233],[4.8594973,52.3873488],[4.8594989,52.3873755],[4.8594891,52.3874015],[4.8587994,52.3881123]]},"properties":{"highway":"path","name":"Annemonenlaan"}},{"type":"Feature","geometry":{"type":"LineString","coordinates":[[4.8589376,52.3859456],[4.8584759,52.3862556],[4.8571734,52.3870568]]},"properties":{"highway":"path","name":"Zinnialaan"}},{"type":"Feature","geometry":{"type":"LineString","coordinates":[[4.8576363,52.387522],[4.85851,52.38699],[4.8590441,52.3866647]]},"properties":{"boat":"no","waterway":"ditch"}},{"type":"Feature","geometry":{"type":"LineString","coordinates":[[4.8589601,52.3860978],[4.8604474,52.386304],[4.860715,52.3863368]]},"properties":{"boat":"no","waterway":"ditch"}},{"type":"Feature","geometry":{"type":"LineString","coordinates":[[4.8590395,52.3858729],[4.8589601,52.3860978],[4.8589343,52.3861725],[4.8587639,52.3863591],[4.8571843,52.3872895]]},"properties":{"boat":"no","waterway":"ditch"}},{"type":"Feature","geometry":{"type":"LineString","coordinates":[[4.8569867,52.3869189],[4.8577957,52.3864148],[4.8585574,52.3859556],[4.8586446,52.3858607]]},"properties":{"boat":"no","waterway":"ditch"}},{"type":"Feature","geometry":{"type":"LineString","coordinates":[[4.8563582,52.3868603],[4.8567474,52.387068],[4.8570151,52.3872247],[4.8571843,52.3872895],[4.8576363,52.387522],[4.8577366,52.3875741]]},"properties":{"boat":"no","waterway":"ditch"}},{"type":"Feature","geometry":{"type":"LineString","coordinates":[[4.8550913,52.3871546],[4.8551661,52.3871098],[4.8552133,52.3870815],[4.8552496,52.3870592],[4.8570367,52.3859577],[4.8571104,52.3858772]]},"properties":{"boat":"no","waterway":"ditch"}},{"type":"Feature","geometry":{"type":"LineString","coordinates":[[4.8549689,52.3869924],[4.8551571,52.3870573],[4.8552133,52.3870815]]},"properties":{"boat":"no","waterway":"ditch"}},{"type":"Feature","geometry":{"type":"LineString","coordinates":[[4.8546061,52.3867106],[4.8555949,52.3860904],[4.8555829,52.3859504]]},"properties":{"boat":"no","waterway":"ditch"}},{"type":"Feature","geometry":{"type":"LineString","coordinates":[[4.8519284,52.3885789],[4.8519475,52.3885548],[4.8547075,52.3869116]]},"properties":{"boat":"no","waterway":"ditch"}},{"type":"Feature","geometry":{"type":"LineString","coordinates":[[4.8542067,52.386658],[4.8541573,52.3866505],[4.8539051,52.3865097]]},"properties":{"boat":"no","waterway":"ditch"}},{"type":"Feature","geometry":{"type":"LineString","coordinates":[[4.8504854,52.3885292],[4.8522506,52.3875023],[4.8524013,52.3874115],[4.8539051,52.3865097],[4.8547375,52.3860093]]},"properties":{"boat":"no","waterway":"ditch"}},{"type":"Feature","geometry":{"type":"LineString","coordinates":[[4.8533512,52.3861776],[4.853299,52.3861676],[4.8531195,52.3861867],[4.8526797,52.3862255],[4.8526369,52.3862348],[4.8521289,52.3865473],[4.8510148,52.387227]]},"properties":{"highway":"footway"}},{"type":"Feature","geometry":{"type":"LineString","coordinates":[[4.8500025,52.3874739],[4.850582,52.3878293]]},"properties":{"boat":"no","waterway":"ditch"}},{"type":"Feature","geometry":{"type":"LineString","coordinates":[[4.8488814,52.3874314],[4.8494625,52.387799],[4.8500857,52.3881876]]},"properties":{"boat":"no","waterway":"ditch"}},{"type":"Feature","geometry":{"type":"LineString","coordinates":[[4.8482083,52.3874376],[4.8487834,52.3870806],[4.8488242,52.387071],[4.8488852,52.3870656],[4.8493787,52.3867533]]},"properties":{"foot":"yes","highway":"footway","name":"Spechtlaan"}},{"type":"Feature","geometry":{"type":"LineString","coordinates":[[4.8503083,52.3872284],[4.8508099,52.3875378]]},"properties":{"highway":"footway","name":"Lijsterlaan"}},{"type":"Feature","geometry":{"type":"LineString","coordinates":[[4.8493363,52.3867084],[4.8497853,52.3869705],[4.8503169,52.3872779]]},"properties":{"boat":"no","waterway":"ditch"}},{"type":"Feature","geometry":{"type":"LineString","coordinates":[[4.848603,52.3871343],[4.8477793,52.3865971]]},"properties":{"boat":"no","waterway":"ditch"}},{"type":"Feature","geometry":{"type":"LineString","coordinates":[[4.8497507,52.3864471],[4.8486836,52.3865253],[4.8480519,52.3865531],[4.8478769,52.3865691],[4.8477793,52.3865971],[4.8476355,52.386687],[4.8475912,52.3867482],[4.8475542,52.3871319],[4.8475322,52.3872145],[4.84749,52.3879344],[4.8474655,52.3880838],[4.8474756,52.3881957],[4.8474922,52.388254],[4.8475586,52.3883636],[4.8476247,52.3883902],[4.8479099,52.388414],[4.8482873,52.3884328],[4.8504854,52.3885292],[4.850942,52.3885429],[4.8518787,52.3886014],[4.8519284,52.3885789],[4.8519793,52.388583],[4.8520095,52.3885928],[4.852263,52.3886047],[4.8526774,52.3886033]]},"properties":{"boat":"no","waterway":"ditch"}},{"type":"Feature","geometry":{"type":"LineString","coordinates":[[4.8500067,52.3864217],[4.8500371,52.3865084],[4.850082,52.3865903],[4.8502372,52.386689],[4.8507755,52.38702]]},"properties":{"boat":"no","waterway":"ditch"}},{"type":"Feature","geometry":{"type":"LineString","coordinates":[[4.8502372,52.386689],[4.8497853,52.3869705],[4.8492878,52.3872767],[4.8491335,52.3872939],[4.8488814,52.3874314],[4.8481709,52.3878353],[4.8474922,52.388254]]},"properties":{"boat":"no","waterway":"ditch"}},{"type":"Feature","geometry":{"type":"LineString","coordinates":[[4.8497774,52.3883755],[4.8500857,52.3881876],[4.850582,52.3878293],[4.8511756,52.3874683],[4.8512654,52.3874134],[4.8517328,52.3871682],[4.8518437,52.3871019],[4.8525198,52.3867095],[4.8533046,52.3862239],[4.8534959,52.3861026]]},"properties":{"boat":"no","waterway":"ditch"}},{"type":"Feature","geometry":{"type":"LineString","coordinates":[[4.8537346,52.3856712],[4.8537615,52.3856717],[4.8537608,52.3856878],[4.8538551,52.3856894],[4.8538558,52.3856732],[4.8539072,52.3856741],[4.8539065,52.3856903],[4.8541042,52.3856935],[4.8541049,52.3856774],[4.8541564,52.3856782],[4.8541557,52.3856946],[4.8542494,52.3856962],[4.8542501,52.3856795],[4.8542766,52.3856799],[4.8542784,52.3856386],[4.8542519,52.3856382],[4.8542533,52.3856099],[4.8542799,52.3856103],[4.8542831,52.3855375],[4.8542565,52.385537],[4.8542577,52.3855089],[4.8542842,52.3855094],[4.854286,52.3854674],[4.8542595,52.385467],[4.8542602,52.3854506],[4.8541788,52.3854493],[4.8541781,52.3854657],[4.8541382,52.3854648],[4.8541389,52.3854486],[4.8540832,52.3854477],[4.8540826,52.3854639],[4.8540651,52.3854636],[4.8540658,52.3854474],[4.8539638,52.3854458],[4.8539631,52.3854619],[4.8539464,52.3854616],[4.8539471,52.3854454],[4.8538931,52.3854446],[4.8538924,52.3854608],[4.8538528,52.3854601],[4.8538535,52.3854439],[4.8537712,52.3854426],[4.8537705,52.3854587],[4.8537439,52.3854583],[4.8537421,52.3855002],[4.8537687,52.3855006],[4.8537674,52.3855287],[4.8537411,52.3855282],[4.8537379,52.3856016],[4.8537642,52.385602],[4.853763,52.3856302],[4.8537364,52.3856297],[4.8537346,52.3856712]]},"properties":{"building":"apartments","building:levels":"12","name":"Blend","ref:bag":"0363100012250970","source":"BAG","source:date":"2026-01-10","start_date":"2023"}},{"type":"Feature","geometry":{"type":"LineString","coordinates":[[4.847594,52.3871763],[4.847758,52.3871771]]},"properties":{"foot":"designated","highway":"footway"}},{"type":"Feature","geometry":{"type":"LineString","coordinates":[[4.8473854,52.3871748],[4.8474774,52.387176]]},"properties":{"foot":"designated","highway":"footway"}},{"type":"Feature","geometry":{"type":"LineString","coordinates":[[4.8500109,52.3853774],[4.8500052,52.3854698],[4.8499965,52.3856478]]},"properties":{"access":"private","highway":"service"}},{"type":"Feature","geometry":{"type":"LineString","coordinates":[[4.8502218,52.3855459],[4.8502305,52.3854072],[4.8502226,52.3853999],[4.8502047,52.3853933],[4.8501628,52.3853875],[4.8500109,52.3853774]]},"properties":{"access":"private","highway":"service"}},{"type":"Feature","geometry":{"type":"LineString","coordinates":[[4.8555691,52.3887582],[4.85557,52.3886809],[4.8555727,52.3886198]]},"properties":{"bicycle":"yes","highway":"service"}},{"type":"Feature","geometry":{"type":"LineString","coordinates":[[4.8555727,52.3886198],[4.8555741,52.3885816]]},"properties":{"bicycle":"yes","bridge":"yes","highway":"service","layer":"1"}},{"type":"Feature","geometry":{"type":"LineString","coordinates":[[4.855587,52.3883393],[4.8556436,52.3883018],[4.8555751,52.3882633],[4.8555185,52.3883007],[4.855587,52.3883393]]},"properties":{"building":"yes","building:levels":"1"}},{"type":"Feature","geometry":{"type":"LineString","coordinates":[[4.8558601,52.3881809],[4.8559194,52.3881454],[4.8558636,52.3881063],[4.8558023,52.388145],[4.8558601,52.3881809]]},"properties":{"building":"yes","building:levels":"1"}},{"type":"Feature","geometry":{"type":"LineString","coordinates":[[4.8563517,52.3879904],[4.8564013,52.3879538],[4.8563235,52.387916],[4.856276,52.3879521],[4.8563517,52.3879904]]},"properties":{"building":"yes","building:levels":"1"}},{"type":"Feature","geometry":{"type":"LineString","coordinates":[[4.8567916,52.3882076],[4.8568501,52.3881706],[4.8567834,52.388129],[4.8567221,52.3881673],[4.8567916,52.3882076]]},"properties":{"building":"yes","building:levels":"3"}},{"type":"Feature","geometry":{"type":"LineString","coordinates":[[4.8568391,52.3883736],[4.8569107,52.3883332],[4.8568529,52.3882996],[4.8567799,52.3883408],[4.8568391,52.3883736]]},"properties":{"building":"yes","building:levels":"1"}},{"type":"Feature","geometry":{"type":"LineString","coordinates":[[4.8603618,52.3859747],[4.8603696,52.3859111],[4.8602931,52.3859076],[4.8602853,52.3859712],[4.8603618,52.3859747]]},"properties":{"building":"yes","building:levels":"1"}},{"type":"Feature","geometry":{"type":"LineString","coordinates":[[4.8600096,52.3863329],[4.8600576,52.386301],[4.8599716,52.3862558],[4.8599235,52.3862845],[4.8600096,52.3863329]]},"properties":{"building":"yes","building:levels":"1"}},{"type":"Feature","geometry":{"type":"LineString","coordinates":[[4.8595052,52.3862546],[4.8595291,52.3861971],[4.8596105,52.3862097],[4.8595866,52.3862672],[4.8595052,52.3862546]]},"properties":{"building":"yes","building:levels":"1"}},{"type":"Feature","geometry":{"type":"LineString","coordinates":[[4.859618,52.3861517],[4.8596631,52.3861576],[4.8596671,52.386146],[4.8597155,52.3861524],[4.8597302,52.3861106],[4.8596367,52.3860984],[4.859618,52.3861517]]},"properties":{"building":"yes","building:levels":"1"}},{"type":"Feature","geometry":{"type":"LineString","coordinates":[[4.8568094,52.3871207],[4.8567303,52.387162],[4.8570306,52.3873078],[4.8571164,52.3874305],[4.8571417,52.3875004],[4.8572543,52.3875722],[4.8571976,52.3876106]]},"properties":{"highway":"path","name":"Stintsepad"}},{"type":"Feature","geometry":{"type":"LineString","coordinates":[[4.8571284,52.3870294],[4.8569673,52.387141],[4.856868,52.3870845],[4.8568388,52.3871041]]},"properties":{"highway":"path"}},{"type":"Feature","geometry":{"type":"LineString","coordinates":[[4.8568388,52.3871041],[4.8568094,52.3871207]]},"properties":{"bridge":"yes","highway":"path","layer":"1"}},{"type":"Feature","geometry":{"type":"LineString","coordinates":[[4.8654344,52.3856811],[4.8655008,52.3857113],[4.8655154,52.3857349],[4.8655088,52.3857565],[4.8654606,52.385821]]},"properties":{"highway":"path","surface":"compacted","width":"1.5"}},{"type":"Feature","geometry":{"type":"LineString","coordinates":[[4.8654363,52.3856139],[4.8655292,52.3856153]]},"properties":{"highway":"pedestrian","surface":"concrete"}},{"type":"Feature","geometry":{"type":"LineString","coordinates":[[4.8503133,52.3886208],[4.8503657,52.3886562],[4.8504539,52.3886871],[4.8504771,52.3887054],[4.8505854,52.3888926],[4.8506167,52.3889256],[4.8508149,52.3891347],[4.8509164,52.3891836],[4.8510556,52.3892064],[4.8518834,52.3892103],[4.8524504,52.3892149],[4.8532111,52.3892204],[4.8538158,52.3892229],[4.8541731,52.3892142],[4.8547894,52.3892181],[4.8553024,52.3892219],[4.8556419,52.3892255],[4.8557366,52.3892505],[4.8558037,52.389281]]},"properties":{"highway":"footway"}},{"type":"Feature","geometry":{"type":"LineString","coordinates":[[4.8464775,52.3879844],[4.8465498,52.388075],[4.8466529,52.3881634],[4.8467941,52.3882353],[4.8469543,52.3882812],[4.8471297,52.3883054],[4.8471903,52.3883067]]},"properties":{"highway":"footway","surface":"paved"}},{"type":"Feature","geometry":{"type":"LineString","coordinates":[[4.8509529,52.3886509],[4.8508343,52.3886833],[4.850804,52.38872],[4.8506593,52.3888146],[4.8506254,52.3888752],[4.8506167,52.3889256]]},"properties":{"highway":"path","surface":"unpaved"}},{"type":"Feature","geometry":{"type":"LineString","coordinates":[[4.8473621,52.3884623],[4.8473688,52.3883952],[4.8473591,52.3883152],[4.84733,52.3881492],[4.847332,52.3880947],[4.8471544,52.3880773],[4.8470841,52.3880653],[4.8470215,52.3880467],[4.8469376,52.3880092],[4.8468838,52.387963],[4.846828,52.3878687],[4.8464666,52.3879171],[4.8464491,52.3879252]]},"properties":{"bicycle":"no","highway":"footway","surface":"paving_stones"}},{"type":"Feature","geometry":{"type":"LineString","coordinates":[[4.847332,52.3880947],[4.8473323,52.3880677],[4.8473508,52.3878034],[4.8473854,52.3871748],[4.8474042,52.3867802],[4.8474038,52.3866597],[4.8474007,52.3865931],[4.8473765,52.3865111],[4.8473451,52.3863781],[4.8473004,52.3862141]]},"properties":{"bicycle":"no","foot":"designated","highway":"footway","surface":"paving_stones"}},{"type":"Feature","geometry":{"type":"LineString","coordinates":[[4.8528929,52.3885986],[4.8530931,52.3886039],[4.8534445,52.3886001],[4.8549452,52.3885957],[4.8550618,52.3885965],[4.8555206,52.3885999],[4.8557983,52.3886005],[4.8561046,52.388599],[4.8570903,52.3886043],[4.8581692,52.388626],[4.8591951,52.3886223],[4.8602512,52.3886231],[4.8615059,52.388628],[4.8620456,52.3886292],[4.8622515,52.3886247],[4.8641793,52.3886653],[4.8643057,52.3886654],[4.8648278,52.388653],[4.8650242,52.3879323]]},"properties":{"boat":"no","waterway":"ditch"}},{"type":"Feature","geometry":{"type":"LineString","coordinates":[[4.8527209,52.3881618],[4.8527903,52.388201],[4.8527396,52.3882344],[4.8526702,52.3881952],[4.8527209,52.3881618]]},"properties":{"building":"yes"}},{"type":"Feature","geometry":{"type":"LineString","coordinates":[[4.8528937,52.3885838],[4.8528929,52.3885986],[4.8528926,52.3886121],[4.8531362,52.3886154],[4.8537014,52.3886112],[4.8543073,52.3886161],[4.8549026,52.3886141],[4.8551768,52.3886088],[4.8555251,52.3886113],[4.855615,52.3886157],[4.8556137,52.3885898],[4.8550614,52.3885817],[4.8542147,52.3885858],[4.8534107,52.3885857],[4.8530929,52.3885934],[4.8528937,52.3885838]]},"properties":{"natural":"water","source":"PDPDOK aerial imagery Beeldmateriaal.nl 25cm latest"}},{"type":"Feature","geometry":{"type":"LineString","coordinates":[[4.8526774,52.3886033],[4.8528929,52.3885986]]},"properties":{"boat":"no","layer":"-1","tunnel":"culvert","waterway":"ditch"}},{"type":"Feature","geometry":{"type":"LineString","coordinates":[[4.8639234,52.3890021],[4.863933,52.3890021],[4.8639332,52.388993],[4.8639235,52.388993],[4.8639234,52.3890021]]},"properties":{"building":"yes"}},{"type":"Feature","geometry":{"type":"LineString","coordinates":[[4.863966,52.3890022],[4.8639763,52.3890022],[4.8639763,52.388985],[4.863966,52.388985],[4.863966,52.3890022]]},"properties":{"building":"yes"}},{"type":"Feature","geometry":{"type":"LineString","coordinates":[[4.8640092,52.3890023],[4.8640195,52.3890023],[4.8640195,52.3889851],[4.8640092,52.3889851],[4.8640092,52.3890023]]},"properties":{"building":"yes"}},{"type":"Feature","geometry":{"type":"LineString","coordinates":[[4.8638324,52.3890019],[4.8638423,52.3890019],[4.8638422,52.3889906],[4.8638322,52.3889906],[4.8638324,52.3890019]]},"properties":{"building":"yes"}},{"type":"Feature","geometry":{"type":"LineString","coordinates":[[4.8638768,52.3890019],[4.8638865,52.3890019],[4.8638866,52.3889928],[4.863877,52.3889928],[4.8638768,52.3890019]]},"properties":{"building":"yes"}},{"type":"Feature","geometry":{"type":"LineString","coordinates":[[4.8474496,52.3862749],[4.8473004,52.3862141],[4.8472009,52.386175],[4.8471015,52.3861407]]},"properties":{"bicycle":"yes","foot":"yes","highway":"pedestrian","lit":"yes","moped":"no","name":"Brettenpad","oneway":"no","ref":"G200","segregated":"no","smoothness":"excellent","surface":"asphalt","surface:colour":"red","width":"3.50"}},{"type":"Feature","geometry":{"type":"LineString","coordinates":[[4.8515322,52.3858372],[4.8515335,52.3858462],[4.8515374,52.385846],[4.8515507,52.3859487],[4.851554,52.3859735],[4.8517741,52.3859629],[4.8517891,52.3859621],[4.8517885,52.3859568],[4.8518035,52.3859559],[4.8519423,52.3859493],[4.8519573,52.3859485],[4.8519566,52.3859432],[4.8519716,52.3859423],[4.8521216,52.385935],[4.8521038,52.3857984],[4.8520886,52.3857991],[4.851936,52.3858065],[4.8519368,52.3858118],[4.8517744,52.3858198],[4.8517804,52.3856689],[4.8517808,52.3856599],[4.851772,52.3856596],[4.8517723,52.3856503],[4.8517756,52.3855654],[4.851776,52.3855562],[4.8517676,52.3855562],[4.8517678,52.3855468],[4.8517712,52.3854548],[4.8515623,52.3854517],[4.8515475,52.3854513],[4.851547,52.3854607],[4.8515431,52.3855542],[4.8515519,52.3855544],[4.8515477,52.385658],[4.8515564,52.3856581],[4.851553,52.3857515],[4.8515523,52.385761],[4.8515495,52.3858364],[4.8515472,52.3858365],[4.8515322,52.3858372]]},"properties":{"building":"apartments","ref:bag":"0363100012570120","source":"BAG","source:date":"2026-01-10","start_date":"2024"}},{"type":"Feature","geometry":{"type":"LineString","coordinates":[[4.851896,52.3855455],[4.8519335,52.385546],[4.8519327,52.3855668],[4.8520466,52.3855683],[4.8520467,52.3855729],[4.8520613,52.3855731],[4.8520617,52.3855675],[4.852077,52.385568],[4.8520772,52.3855636],[4.852216,52.3855657],[4.8522158,52.3855699],[4.8522308,52.3855701],[4.852231,52.385565],[4.8522466,52.3855652],[4.8522468,52.3855608],[4.8523558,52.3855624],[4.8523566,52.3855417],[4.8523937,52.3855422],[4.8523973,52.3854561],[4.852398,52.3854393],[4.8524022,52.3854393],[4.8524026,52.3854302],[4.8523875,52.38543],[4.8523874,52.3854326],[4.8523426,52.3854318],[4.8522892,52.3854309],[4.8522883,52.3854547],[4.8522293,52.3854539],[4.8522291,52.3854594],[4.8521699,52.3854581],[4.8521708,52.3854342],[4.8521283,52.3854336],[4.8521274,52.3854575],[4.8520606,52.3854565],[4.8520604,52.3854619],[4.852008,52.385461],[4.852009,52.3854372],[4.851951,52.3854363],[4.8519115,52.3854356],[4.8519116,52.3854335],[4.8518965,52.3854333],[4.8518966,52.3854425],[4.8519004,52.3854426],[4.8518997,52.3854595],[4.851896,52.3855455]]},"properties":{"building":"apartments","height":"6.4","ref:bag":"0363100012570119","source":"BAG","source:date":"2026-01-10","source:height":"3DBAG","source:height:date":"2025-09-03","start_date":"2024"}},{"type":"Feature","geometry":{"type":"LineString","coordinates":[[4.853131,52.3858676],[4.8534509,52.3858727],[4.8534553,52.3857613],[4.8534634,52.3855638],[4.8534548,52.3855644],[4.8531432,52.385559],[4.8531336,52.3857943],[4.853131,52.3858676]]},"properties":{"building":"apartments","building:levels":"10","name":"Pepper","ref:bag":"0363100012250971","source":"BAG","source:date":"2026-01-10","start_date":"2023"}},{"type":"Feature","geometry":{"type":"LineString","coordinates":[[4.8522303,52.3859158],[4.8522453,52.3859161],[4.8522454,52.3859137],[4.852273,52.385914],[4.8524136,52.3859161],[4.8524146,52.3858933],[4.8524485,52.3858938],[4.8524489,52.385882],[4.8524511,52.3858278],[4.8524581,52.3858276],[4.8524585,52.3858185],[4.8524672,52.3858185],[4.8524677,52.3858092],[4.8524606,52.3858091],[4.852464,52.3857253],[4.852471,52.3857254],[4.8524714,52.3857161],[4.85248,52.3857162],[4.8524806,52.385707],[4.8524735,52.3857069],[4.8524763,52.3856377],[4.8524425,52.3856372],[4.8524433,52.3856142],[4.8523031,52.3856122],[4.8522752,52.3856118],[4.8522744,52.3856118],[4.8522745,52.3856091],[4.8522604,52.3856089],[4.85226,52.3856181],[4.8522637,52.3856181],[4.852263,52.3856435],[4.852262,52.3856779],[4.8523009,52.3856783],[4.8523,52.3857103],[4.8522908,52.3857102],[4.8522887,52.3857505],[4.8522498,52.3857497],[4.8522484,52.3857754],[4.8522871,52.385776],[4.8522856,52.3858124],[4.852277,52.3858122],[4.8522757,52.3858472],[4.8522368,52.3858468],[4.8522353,52.3858823],[4.8522343,52.3859066],[4.8522305,52.3859066],[4.8522303,52.3859158]]},"properties":{"building":"apartments","height":"3.6","ref:bag":"0363100012570124","source":"BAG","source:date":"2026-01-10","source:height":"3DBAG","source:height:date":"2025-09-03","start_date":"2024"}},{"type":"Feature","geometry":{"type":"LineString","coordinates":[[4.8526424,52.3856664],[4.8529744,52.3856714],[4.8529834,52.3854517],[4.8529874,52.3853517],[4.852656,52.3853465],[4.8526516,52.3854467],[4.8526424,52.3856664]]},"properties":{"building":"apartments","building:levels":"14","name":"Salt","ref:bag":"0363100012250972","source":"BAG","source:date":"2026-01-10","start_date":"2023"}},{"type":"Feature","geometry":{"type":"LineString","coordinates":[[4.8531183,52.3861762],[4.8531195,52.3861867]]},"properties":{"highway":"footway"}},{"type":"Feature","geometry":{"type":"LineString","coordinates":[[4.8530929,52.3860666],[4.8530958,52.3860786]]},"properties":{"check_date:surface":"2025-08-30","highway":"footway","surface":"unpaved"}},{"type":"Feature","geometry":{"type":"LineString","coordinates":[[4.8525798,52.3857137],[4.8530729,52.3857207]]},"properties":{"highway":"pedestrian","name":"Haarlemmerweg","surface":"paving_stones"}},{"type":"Feature","geometry":{"type":"LineString","coordinates":[[4.8525769,52.3858146],[4.8530101,52.3858235]]},"properties":{"access":"private","highway":"service","surface":"concrete"}},{"type":"Feature","geometry":{"type":"LineString","coordinates":[[4.8540668,52.385815],[4.8544699,52.385789],[4.8545522,52.3857837],[4.8547561,52.3857717],[4.8549874,52.3857575],[4.8553499,52.385737]]},"properties":{"highway":"living_street","maxspeed":"15","motor_vehicle":"destination","name":"Haarlemmerweg","surface":"paving_stones"}},{"type":"Feature","geometry":{"type":"LineString","coordinates":[[4.8540668,52.385815],[4.8536274,52.3858434],[4.8534824,52.3858528],[4.8534509,52.3858548]]},"properties":{"highway":"living_street","maxspeed":"15","motor_vehicle":"destination","name":"Haarlemmerweg","surface":"paving_stones"}},{"type":"Feature","geometry":{"type":"LineString","coordinates":[[4.8534509,52.3858548],[4.8532728,52.3858677]]},"properties":{"covered":"yes","highway":"living_street","layer":"-1","maxspeed":"15","motor_vehicle":"destination","name":"Haarlemmerweg","surface":"paving_stones"}},{"type":"Feature","geometry":{"type":"LineString","coordinates":[[4.855317,52.3858973],[4.855495,52.3858223],[4.8555323,52.3858063]]},"properties":{"highway":"footway","surface":"asphalt"}},{"type":"Feature","geometry":{"type":"LineString","coordinates":[[4.8532728,52.3858677],[4.853067,52.3858827],[4.8525739,52.385919]]},"properties":{"highway":"living_street","maxspeed":"15","motor_vehicle":"destination","name":"Haarlemmerweg","surface":"paving_stones"}},{"type":"Feature","geometry":{"type":"LineString","coordinates":[[4.8553499,52.385737],[4.8553622,52.385427]]},"properties":{"bicycle":"designated","foot":"designated","highway":"cycleway","motor_vehicle":"destination","sidewalk":"yes","surface":"paving_stones"}},{"type":"Feature","geometry":{"type":"LineString","coordinates":[[4.8580346,52.3859708],[4.8580565,52.3859573]]},"properties":{"highway":"footway"}},{"type":"Feature","geometry":{"type":"LineString","coordinates":[[4.858162,52.3858293],[4.8581617,52.3858051]]},"properties":{"highway":"footway"}},{"type":"Feature","geometry":{"type":"LineString","coordinates":[[4.858162,52.3858293],[4.858162,52.3858464]]},"properties":{"highway":"steps","incline":"down"}},{"type":"Feature","geometry":{"type":"LineString","coordinates":[[4.8551044,52.3871143],[4.8551818,52.3871359]]},"properties":{"bridge":"yes","highway":"path","layer":"1"}},{"type":"Feature","geometry":{"type":"LineString","coordinates":[[4.8551818,52.3871359],[4.8554203,52.3872049]]},"properties":{"highway":"path"}},{"type":"Feature","geometry":{"type":"LineString","coordinates":[[4.8564844,52.3878585],[4.8566437,52.387726],[4.8567416,52.3876548],[4.8567678,52.3876381],[4.8567795,52.3876307],[4.8569109,52.387599],[4.8569715,52.3875682],[4.8570092,52.3875341],[4.8570588,52.3875225],[4.8571417,52.3875004]]},"properties":{"highway":"path"}},{"type":"Feature","geometry":{"type":"LineString","coordinates":[[4.8534445,52.3886001],[4.8554502,52.3873969]]},"properties":{"boat":"no","waterway":"ditch"}},{"type":"Feature","geometry":{"type":"LineString","coordinates":[[4.8556224,52.3872988],[4.8563582,52.3868603],[4.8579929,52.3858627]]},"properties":{"boat":"no","waterway":"ditch"}},{"type":"Feature","geometry":{"type":"LineString","coordinates":[[4.8570601,52.3859896],[4.8570031,52.3859515]]},"properties":{"bridge":"yes","highway":"path","layer":"1"}},{"type":"Feature","geometry":{"type":"LineString","coordinates":[[4.8572523,52.3861065],[4.8570601,52.3859896]]},"properties":{"highway":"path"}},{"type":"Feature","geometry":{"type":"LineString","coordinates":[[4.863835,52.3863347],[4.8636673,52.3868516],[4.8635455,52.3872089],[4.8634121,52.3876751],[4.8634041,52.3876996],[4.8633632,52.3876976],[4.8633313,52.3876944],[4.8634686,52.3873037],[4.8637851,52.3863297],[4.863835,52.3863347]]},"properties":{"natural":"water"}},{"type":"Feature","geometry":{"type":"LineString","coordinates":[[4.8550429,52.387099],[4.8551044,52.3871143]]},"properties":{"highway":"path"}},{"type":"Feature","geometry":{"type":"LineString","coordinates":[[4.8573503,52.3884605],[4.8573546,52.3883995],[4.857427,52.3884014],[4.8574227,52.3884624],[4.8573503,52.3884605]]},"properties":{"building":"yes"}},{"type":"Feature","geometry":{"type":"LineString","coordinates":[[4.8527832,52.3885404],[4.8525318,52.388531],[4.8523702,52.3884226]]},"properties":{"foot":"private","highway":"service","tracktype":"grade1"}},{"type":"Feature","geometry":{"type":"LineString","coordinates":[[4.8475161,52.386608],[4.8475175,52.3865916],[4.8477213,52.3864709],[4.8477334,52.3865122],[4.847555,52.3866145],[4.8475295,52.3866202],[4.8475161,52.386608]]},"properties":{"natural":"water"}},{"type":"Feature","geometry":{"type":"LineString","coordinates":[[4.8470903,52.3870082],[4.8471037,52.386901],[4.8472221,52.3868351],[4.8472221,52.3867878],[4.8471386,52.3868306],[4.8469837,52.386885],[4.8470796,52.3870094],[4.8470903,52.3870082]]},"properties":{"natural":"water"}},{"type":"Feature","geometry":{"type":"LineString","coordinates":[[4.8468832,52.3872767],[4.8468342,52.3871977],[4.8468328,52.3871797],[4.8468429,52.3871502],[4.8468878,52.3871158],[4.8470011,52.3870802]]},"properties":{"access":"private","highway":"service","service":"driveway"}},{"type":"Feature","geometry":{"type":"LineString","coordinates":[[4.8478707,52.3884245],[4.847654,52.3884066],[4.8475852,52.3883862],[4.8475377,52.3883624],[4.8474652,52.3882373],[4.8474656,52.3882033],[4.84745,52.3881564],[4.8474504,52.3880796],[4.8474736,52.3879309],[4.8474913,52.3876372],[4.8474932,52.3873128],[4.8475144,52.3871956],[4.847557,52.3871967],[4.8475429,52.387271],[4.8475208,52.3878374],[4.8475007,52.3880072],[4.8474839,52.3880845],[4.8474866,52.3881357],[4.8474987,52.3882229],[4.8475154,52.3882765],[4.8475678,52.3883526],[4.8476234,52.3883817],[4.8476744,52.3883857],[4.8479012,52.3884056],[4.8478707,52.3884245]]},"properties":{"natural":"water"}},{"type":"Feature","geometry":{"type":"LineString","coordinates":[[4.8593272,52.3858782],[4.8597148,52.3858737],[4.8598563,52.3858754],[4.8599073,52.3858815],[4.8600608,52.3858791],[4.8602003,52.3858664],[4.8603196,52.3858627],[4.86038,52.3858574],[4.8606214,52.385857],[4.8609808,52.3858836],[4.8613691,52.3859122],[4.861825,52.3859585],[4.8622079,52.386001],[4.8624661,52.3860309],[4.8627752,52.3860853],[4.8631272,52.3861741],[4.8637851,52.3863297],[4.863835,52.3863347],[4.8639238,52.3863205],[4.8625075,52.3859864],[4.8623428,52.3859713],[4.8618914,52.3859229],[4.8615836,52.3858938],[4.8612899,52.3858701],[4.8608956,52.3858463],[4.8606179,52.3858357],[4.8603616,52.3858312],[4.8601185,52.3858295],[4.8599267,52.3858295],[4.8596229,52.3858451],[4.8593192,52.3858422],[4.8593238,52.3858601],[4.8593272,52.3858782]]},"properties":{"natural":"water"}},{"type":"Feature","geometry":{"type":"LineString","coordinates":[[4.8486591,52.3865067],[4.8480268,52.3865361],[4.847874,52.3865527],[4.8477881,52.3865695],[4.8476205,52.3866686],[4.8475677,52.3867426],[4.8475445,52.386905],[4.8475299,52.3870459],[4.8475257,52.387152],[4.8475144,52.3871956],[4.847557,52.3871967],[4.8475718,52.387151],[4.8476167,52.3867578],[4.8476388,52.3867226],[4.8477066,52.3866685],[4.847781,52.3866247],[4.8479044,52.3866923],[4.8479158,52.3866661],[4.8478997,52.3866366],[4.847899,52.3866092],[4.8479198,52.3865826],[4.847964,52.3865752],[4.8480324,52.3865687],[4.8486634,52.3865468],[4.8486591,52.3865067]]},"properties":{"natural":"water"}},{"type":"Feature","geometry":{"type":"LineString","coordinates":[[4.8544925,52.3857464],[4.854494,52.3857136],[4.8545328,52.3857143],[4.8545313,52.3857471],[4.8544925,52.3857464]]},"properties":{"building":"yes"}},{"type":"Feature","geometry":{"type":"LineString","coordinates":[[4.852784,52.3886523],[4.8527827,52.388612],[4.8527831,52.3885564]]},"properties":{"bridge":"yes","foot":"yes","highway":"service","layer":"1"}},{"type":"Feature","geometry":{"type":"LineString","coordinates":[[4.85278,52.3887348],[4.8527842,52.38866],[4.852784,52.3886523]]},"properties":{"foot":"yes","highway":"service"}},{"type":"Feature","geometry":{"type":"LineString","coordinates":[[4.8471783,52.3869073],[4.8473104,52.3869107],[4.8473031,52.3870184],[4.8471711,52.3870151],[4.8471783,52.3869073]]},"properties":{"building":"commercial","ref:bag":"0363100012254425","source":"BAG","source:date":"2023-12-24","start_date":"2023"}},{"type":"Feature","geometry":{"type":"LineString","coordinates":[[4.853659,52.385519],[4.853656,52.3856112],[4.8537325,52.3856122],[4.8537356,52.3855199],[4.853659,52.385519]]},"properties":{"natural":"water"}},{"type":"Feature","geometry":{"type":"LineString","coordinates":[[4.8536552,52.3856323],[4.8536509,52.3857236],[4.8537332,52.385725],[4.8539569,52.385729],[4.8539586,52.3856933],[4.853728,52.3856892],[4.8537307,52.3856336],[4.8536552,52.3856323]]},"properties":{"natural":"water"}},{"type":"Feature","geometry":{"type":"LineString","coordinates":[[4.8541592,52.3857327],[4.854161,52.3856955],[4.8542818,52.3856977],[4.8542845,52.3856698],[4.8543638,52.3856716],[4.8543579,52.3857363],[4.8541592,52.3857327]]},"properties":{"natural":"water"}},{"type":"Feature","geometry":{"type":"LineString","coordinates":[[4.8544945,52.385701],[4.8544993,52.3855928],[4.8545387,52.3855934],[4.8545338,52.3857017],[4.8544945,52.385701]]},"properties":{"building":"yes"}},{"type":"Feature","geometry":{"type":"LineString","coordinates":[[4.8540668,52.385815],[4.8540732,52.3857064]]},"properties":{"highway":"living_street","maxspeed":"15","motor_vehicle":"destination","name":"Haarlemmerweg","surface":"paving_stones"}},{"type":"Feature","geometry":{"type":"LineString","coordinates":[[4.8545522,52.3857837],[4.8545594,52.3855646],[4.8545643,52.3854163]]},"properties":{"highway":"footway","name":"Haarlemmerweg"}},{"type":"Feature","geometry":{"type":"LineString","coordinates":[[4.8530848,52.3853964],[4.8530813,52.3854913],[4.8530729,52.3857207],[4.853067,52.3858827]]},"properties":{"highway":"pedestrian","name":"Haarlemmerweg","surface":"paving_stones"}},{"type":"Feature","geometry":{"type":"LineString","coordinates":[[4.8534824,52.3858528],[4.8534955,52.385547],[4.8534977,52.3854952],[4.8535017,52.3854031]]},"properties":{"highway":"pedestrian","name":"Haarlemmerweg","surface":"paving_stones"}},{"type":"Feature","geometry":{"type":"LineString","coordinates":[[4.8525739,52.385919],[4.8525206,52.385937],[4.8524789,52.3859444],[4.8522142,52.3859643],[4.8521759,52.3859673],[4.8514841,52.3860196],[4.8514551,52.3860218]]},"properties":{"highway":"living_street","maxspeed":"15","motor_vehicle":"destination","name":"Haarlemmerweg","surface":"concrete:plates"}},{"type":"Feature","geometry":{"type":"LineString","coordinates":[[4.8521759,52.3859673],[4.8521521,52.3857985]]},"properties":{"highway":"path"}},{"type":"Feature","geometry":{"type":"LineString","coordinates":[[4.8514841,52.3860196],[4.851496,52.3858015],[4.8515193,52.3853741]]},"properties":{"highway":"service","name":"Haarlemmerweg"}},{"type":"Feature","geometry":{"type":"LineString","coordinates":[[4.851496,52.3858015],[4.8517908,52.3857813],[4.8518933,52.3857728],[4.8519432,52.3857639],[4.8519885,52.3857473],[4.8521357,52.385703]]},"properties":{"highway":"footway","name":"Haarlemmerweg"}},{"type":"Feature","geometry":{"type":"LineString","coordinates":[[4.8522142,52.3859643],[4.8521736,52.3857591],[4.8521681,52.3857399],[4.8521575,52.3857269],[4.8521357,52.385703],[4.8520643,52.3856146]]},"properties":{"highway":"footway","name":"Haarlemmerweg"}},{"type":"Feature","geometry":{"type":"LineString","coordinates":[[4.8519885,52.3857473],[4.8519171,52.3856589],[4.851892,52.3856252],[4.8518844,52.385612],[4.8518764,52.3855846],[4.8518672,52.385451],[4.8518547,52.3854207],[4.8518131,52.3853683]]},"properties":{"highway":"footway","name":"Haarlemmerweg"}},{"type":"Feature","geometry":{"type":"LineString","coordinates":[[4.8519171,52.3856589],[4.8520643,52.3856146],[4.8521044,52.3856047],[4.8521502,52.3855935],[4.8521967,52.3855887],[4.85227,52.3855844],[4.852586,52.3855839]]},"properties":{"highway":"footway","name":"Haarlemmerweg"}},{"type":"Feature","geometry":{"type":"LineString","coordinates":[[4.8549874,52.3857575],[4.8550048,52.3854215]]},"properties":{"highway":"pedestrian","name":"Haarlemmerweg","surface":"paving_stones"}},{"type":"Feature","geometry":{"type":"LineString","coordinates":[[4.8547561,52.3857717],[4.8547515,52.3858525]]},"properties":{"highway":"pedestrian","surface":"paving_stones"}},{"type":"Feature","geometry":{"type":"LineString","coordinates":[[4.8544699,52.385789],[4.8544778,52.3855635],[4.854483,52.3854163]]},"properties":{"highway":"footway","name":"Haarlemmerweg"}},{"type":"Feature","geometry":{"type":"LineString","coordinates":[[4.854293,52.3855855],[4.85429,52.3856479],[4.8543665,52.3856493],[4.8543695,52.3855868],[4.854293,52.3855855]]},"properties":{"natural":"water"}},{"type":"Feature","geometry":{"type":"LineString","coordinates":[[4.8542929,52.3855083],[4.8542964,52.3854458],[4.8543744,52.3854474],[4.8543709,52.3855099],[4.8542929,52.3855083]]},"properties":{"natural":"water"}},{"type":"Feature","geometry":{"type":"LineString","coordinates":[[4.8542939,52.3855645],[4.8542952,52.3855392],[4.8543718,52.3855408],[4.8543704,52.3855661],[4.8542939,52.3855645]]},"properties":{"natural":"water"}},{"type":"Feature","geometry":{"type":"LineString","coordinates":[[4.8536274,52.3858434],[4.853642,52.3855483],[4.8536492,52.3854049]]},"properties":{"highway":"footway","name":"Haarlemmerweg"}},{"type":"Feature","geometry":{"type":"LineString","coordinates":[[4.8474007,52.3865931],[4.8477132,52.3863923],[4.8477682,52.3863586]]},"properties":{"highway":"footway"}},{"type":"Feature","geometry":{"type":"LineString","coordinates":[[4.8475081,52.3863782],[4.8475177,52.386363],[4.8475464,52.3863698],[4.8475367,52.3863849],[4.8475081,52.3863782]]},"properties":{"building":"service"}},{"type":"Feature","geometry":{"type":"LineString","coordinates":[[4.847758,52.3871771],[4.847635,52.3870636],[4.8476317,52.3868957],[4.8479163,52.3867259]]},"properties":{"foot":"yes","highway":"footway","name":"Adelaarsweg"}},{"type":"Feature","geometry":{"type":"LineString","coordinates":[[4.8479163,52.3867259],[4.8479849,52.386685]]},"properties":{"bridge":"yes","highway":"footway","layer":"1","name":"Adelaarsweg"}},{"type":"Feature","geometry":{"type":"LineString","coordinates":[[4.8494796,52.3866406],[4.8495238,52.3866726]]},"properties":{"highway":"footway","name":"Adelaarsweg"}},{"type":"Feature","geometry":{"type":"LineString","coordinates":[[4.8494412,52.3866183],[4.8494796,52.3866406]]},"properties":{"bridge":"yes","highway":"footway","layer":"1","name":"Adelaarsweg"}},{"type":"Feature","geometry":{"type":"LineString","coordinates":[[4.8611019,52.3862843],[4.8611604,52.3861884],[4.8611949,52.3861322],[4.8612541,52.3860148],[4.8612973,52.3858847]]},"properties":{"boat":"no","waterway":"ditch"}},{"type":"Feature","geometry":{"type":"LineString","coordinates":[[4.8610864,52.3863238],[4.8611019,52.3862843]]},"properties":{"boat":"no","intermittent":"yes","layer":"-1","tunnel":"culvert","waterway":"ditch"}},{"type":"Feature","geometry":{"type":"LineString","coordinates":[[4.8611604,52.3861884],[4.8609926,52.3861497],[4.8608605,52.3862459]]},"properties":{"boat":"no","waterway":"ditch"}},{"type":"Feature","geometry":{"type":"LineString","coordinates":[[4.8608605,52.3862459],[4.8608258,52.3862801]]},"properties":{"boat":"no","layer":"-1","tunnel":"culvert","waterway":"ditch"}},{"type":"Feature","geometry":{"type":"LineString","coordinates":[[4.8618704,52.3861361],[4.8619306,52.385945]]},"properties":{"boat":"no","waterway":"ditch"}},{"type":"Feature","geometry":{"type":"LineString","coordinates":[[4.8618548,52.3861696],[4.8618704,52.3861361]]},"properties":{"boat":"no","layer":"-1","tunnel":"culvert","waterway":"ditch"}},{"type":"Feature","geometry":{"type":"LineString","coordinates":[[4.8634009,52.3864043],[4.8627518,52.3863041],[4.8624464,52.3862562]]},"properties":{"highway":"path","name":"Tritomalaan","surface":"compacted"}},{"type":"Feature","geometry":{"type":"LineString","coordinates":[[4.8624464,52.3862562],[4.8624146,52.3862498]]},"properties":{"bridge":"yes","highway":"path","layer":"1","name":"Tritomalaan"}},{"type":"Feature","geometry":{"type":"LineString","coordinates":[[4.8626981,52.3863372],[4.8624228,52.3862871]]},"properties":{"boat":"no","waterway":"ditch"}},{"type":"Feature","geometry":{"type":"LineString","coordinates":[[4.8627701,52.3863524],[4.8626981,52.3863372]]},"properties":{"boat":"no","layer":"-1","tunnel":"culvert","waterway":"ditch"}},{"type":"Feature","geometry":{"type":"LineString","coordinates":[[4.8622515,52.3886247],[4.8626203,52.3875794]]},"properties":{"boat":"no","waterway":"ditch"}},{"type":"Feature","geometry":{"type":"LineString","coordinates":[[4.8626203,52.3875794],[4.8626367,52.3875329]]},"properties":{"boat":"no","layer":"-1","tunnel":"culvert","waterway":"ditch"}},{"type":"Feature","geometry":{"type":"LineString","coordinates":[[4.8615059,52.388628],[4.8618694,52.3877234],[4.8619525,52.3874965]]},"properties":{"boat":"no","waterway":"ditch"}},{"type":"Feature","geometry":{"type":"LineString","coordinates":[[4.8619525,52.3874965],[4.8619715,52.3874456]]},"properties":{"boat":"no","layer":"-1","tunnel":"culvert","waterway":"ditch"}},{"type":"Feature","geometry":{"type":"LineString","coordinates":[[4.8616456,52.3876922],[4.8618694,52.3877234]]},"properties":{"boat":"no","waterway":"ditch"}},{"type":"Feature","geometry":{"type":"LineString","coordinates":[[4.86158,52.3876828],[4.8616456,52.3876922]]},"properties":{"boat":"no","layer":"-1","tunnel":"culvert","waterway":"ditch"}},{"type":"Feature","geometry":{"type":"LineString","coordinates":[[4.8606321,52.3875485],[4.8609354,52.3875933]]},"properties":{"boat":"no","waterway":"ditch"}},{"type":"Feature","geometry":{"type":"LineString","coordinates":[[4.8609354,52.3875933],[4.8610143,52.3876097]]},"properties":{"boat":"no","layer":"-1","tunnel":"culvert","waterway":"ditch"}},{"type":"Feature","geometry":{"type":"LineString","coordinates":[[4.860303,52.3871835],[4.8604978,52.3869231]]},"properties":{"boat":"no","waterway":"ditch"}},{"type":"Feature","geometry":{"type":"LineString","coordinates":[[4.8602653,52.3872325],[4.860303,52.3871835]]},"properties":{"boat":"no","layer":"-1","tunnel":"culvert","waterway":"ditch"}},{"type":"Feature","geometry":{"type":"LineString","coordinates":[[4.8608258,52.3862801],[4.860715,52.3863368],[4.8605297,52.3864958]]},"properties":{"boat":"no","waterway":"ditch"}},{"type":"Feature","geometry":{"type":"LineString","coordinates":[[4.8605297,52.3864958],[4.860493,52.3865272]]},"properties":{"boat":"no","layer":"-1","tunnel":"culvert","waterway":"ditch"}},{"type":"Feature","geometry":{"type":"LineString","coordinates":[[4.8600773,52.3871122],[4.860318,52.3868493]]},"properties":{"boat":"no","waterway":"ditch"}},{"type":"Feature","geometry":{"type":"LineString","coordinates":[[4.8600371,52.3871638],[4.8600773,52.3871122]]},"properties":{"boat":"no","layer":"-1","tunnel":"culvert","waterway":"ditch"}},{"type":"Feature","geometry":{"type":"LineString","coordinates":[[4.8599261,52.3872842],[4.8600371,52.3871638]]},"properties":{"boat":"no","waterway":"ditch"}},{"type":"Feature","geometry":{"type":"LineString","coordinates":[[4.8598942,52.3873187],[4.8599261,52.3872842]]},"properties":{"boat":"no","layer":"-1","tunnel":"culvert","waterway":"ditch"}},{"type":"Feature","geometry":{"type":"LineString","coordinates":[[4.8595015,52.3868663],[4.8604474,52.386304]]},"properties":{"boat":"no","waterway":"ditch"}},{"type":"Feature","geometry":{"type":"LineString","coordinates":[[4.85944,52.3868929],[4.8595015,52.3868663]]},"properties":{"boat":"no","layer":"-1","tunnel":"culvert","waterway":"ditch"}},{"type":"Feature","geometry":{"type":"LineString","coordinates":[[4.8592891,52.3865111],[4.8595456,52.3863593]]},"properties":{"boat":"no","waterway":"ditch"}},{"type":"Feature","geometry":{"type":"LineString","coordinates":[[4.8590441,52.3866647],[4.8592891,52.3865111]]},"properties":{"boat":"no","layer":"-1","tunnel":"culvert","waterway":"ditch"}},{"type":"Feature","geometry":{"type":"LineString","coordinates":[[4.8567474,52.387068],[4.8569478,52.3869431]]},"properties":{"boat":"no","waterway":"ditch"}},{"type":"Feature","geometry":{"type":"LineString","coordinates":[[4.8569478,52.3869431],[4.8569867,52.3869189]]},"properties":{"boat":"no","layer":"-1","tunnel":"culvert","waterway":"ditch"}},{"type":"Feature","geometry":{"type":"LineString","coordinates":[[4.8533833,52.3861978],[4.8533512,52.3861776]]},"properties":{"bridge":"yes","highway":"footway","layer":"1"}},{"type":"Feature","geometry":{"type":"LineString","coordinates":[[4.8518315,52.3863615],[4.8517271,52.3862976]]},"properties":{"highway":"footway","name":"Eksterlaan"}},{"type":"Feature","geometry":{"type":"LineString","coordinates":[[4.8518689,52.3863854],[4.8518315,52.3863615]]},"properties":{"bridge":"yes","highway":"footway","layer":"1","name":"Eksterlaan"}},{"type":"Feature","geometry":{"type":"LineString","coordinates":[[4.8501848,52.3867113],[4.8498659,52.386507]]},"properties":{"foot":"yes","highway":"footway","name":"Nachtegaallaan"}},{"type":"Feature","geometry":{"type":"LineString","coordinates":[[4.8502128,52.3867264],[4.8501848,52.3867113]]},"properties":{"bridge":"yes","foot":"yes","highway":"footway","layer":"1","name":"Nachtegaallaan"}},{"type":"Feature","geometry":{"type":"LineString","coordinates":[[4.8500051,52.3864909],[4.8498659,52.386507],[4.8498261,52.3865099]]},"properties":{"highway":"footway"}},{"type":"Feature","geometry":{"type":"LineString","coordinates":[[4.8500448,52.3864868],[4.8500051,52.3864909]]},"properties":{"bridge":"yes","highway":"footway","layer":"1"}},{"type":"Feature","geometry":{"type":"LineString","coordinates":[[4.8494096,52.3867372],[4.8495238,52.3866726],[4.8495627,52.3866692],[4.8498261,52.3865099]]},"properties":{"highway":"footway","name":"Spechtlaan"}},{"type":"Feature","geometry":{"type":"LineString","coordinates":[[4.8493787,52.3867533],[4.8494096,52.3867372]]},"properties":{"bridge":"yes","highway":"footway","layer":"1","name":"Spechtlaan"}},{"type":"Feature","geometry":{"type":"LineString","coordinates":[[4.8651444,52.3887157],[4.8653766,52.388761]]},"properties":{"highway":"path","informal":"yes","surface":"paving_stones"}},{"type":"Feature","geometry":{"type":"LineString","coordinates":[[4.853067,52.3858827],[4.8530645,52.3859743]]},"properties":{"highway":"pedestrian","noname":"yes","surface":"paving_stones"}},{"type":"Feature","geometry":{"type":"LineString","coordinates":[[4.8534955,52.385547],[4.853642,52.3855483]]},"properties":{"highway":"footway","name":"Haarlemmerweg"}},{"type":"Feature","geometry":{"type":"LineString","coordinates":[[4.8544778,52.3855635],[4.8545594,52.3855646]]},"properties":{"highway":"footway","name":"Haarlemmerweg"}},{"type":"Feature","geometry":{"type":"LineString","coordinates":[[4.8553468,52.3858154],[4.8553499,52.385737]]},"properties":{"bicycle":"designated","foot":"designated","highway":"cycleway","motor_vehicle":"no","sidewalk":"yes","surface":"paving_stones"}},{"type":"Feature","geometry":{"type":"LineString","coordinates":[[4.8540625,52.3858961],[4.8540668,52.385815]]},"properties":{"highway":"pedestrian","surface":"paving_stones"}},{"type":"Feature","geometry":{"type":"LineString","coordinates":[[4.8524947,52.3855221],[4.8524965,52.3854853],[4.8525608,52.3854864],[4.852559,52.3855232],[4.8524947,52.3855221]]},"properties":{"building":"yes"}},{"type":"Feature","geometry":{"type":"LineString","coordinates":[[4.8517908,52.3857813],[4.8517957,52.3857629],[4.8518028,52.3857539],[4.8518149,52.3857461],[4.8518262,52.38574],[4.8518333,52.3857314],[4.8518361,52.3857179],[4.8518347,52.3857071],[4.8518291,52.3856985],[4.8518206,52.3856885],[4.8518191,52.3856773],[4.8518206,52.3856647],[4.8518276,52.3856492],[4.8518411,52.3856336],[4.8518516,52.3856261],[4.8518633,52.3856204],[4.8518844,52.385612]]},"properties":{"highway":"path"}},{"type":"Feature","geometry":{"type":"LineString","coordinates":[[4.8510149,52.386724],[4.8505707,52.3864496],[4.8505617,52.386428]]},"properties":{"highway":"footway"}},{"type":"Feature","geometry":{"type":"LineString","coordinates":[[4.8509822,52.3864993],[4.8510822,52.3864372],[4.8510634,52.3863718]]},"properties":{"highway":"footway"}},{"type":"Feature","geometry":{"type":"LineString","coordinates":[[4.851429,52.3863713],[4.851419,52.386332]]},"properties":{"highway":"footway"}},{"type":"Feature","geometry":{"type":"LineString","coordinates":[[4.8567678,52.3876381],[4.8567687,52.3875983],[4.856786,52.3875661],[4.8568256,52.3875388],[4.8568602,52.3875233],[4.8569222,52.3875202],[4.856974,52.3875276],[4.8570092,52.3875341]]},"properties":{"highway":"path"}},{"type":"Feature","geometry":{"type":"LineString","coordinates":[[4.8568602,52.3875233],[4.856857,52.3874993],[4.8568581,52.3874697]]},"properties":{"highway":"path"}},{"type":"Feature","geometry":{"type":"LineString","coordinates":[[4.8608088,52.3867937],[4.8607214,52.3867742],[4.860603,52.3867441],[4.860481,52.3867084],[4.860385,52.3866771],[4.8603551,52.3866629]]},"properties":{"highway":"path"}},{"type":"Feature","geometry":{"type":"LineString","coordinates":[[4.8603317,52.3866519],[4.8603082,52.3866408],[4.8602767,52.3866248]]},"properties":{"highway":"path"}},{"type":"Feature","geometry":{"type":"LineString","coordinates":[[4.8603551,52.3866629],[4.8603317,52.3866519]]},"properties":{"bridge":"yes","highway":"path","layer":"1"}},{"type":"Feature","geometry":{"type":"LineString","coordinates":[[4.8655109,52.3878892],[4.8654294,52.3878564],[4.865241,52.3878001],[4.8650818,52.3877768],[4.8648478,52.3877565]]},"properties":{"bicycle":"yes","highway":"service","surface":"asphalt"}},{"type":"Feature","geometry":{"type":"LineString","coordinates":[[4.8499919,52.3861324],[4.850215,52.3861356],[4.8502174,52.3860743],[4.8507422,52.3860819],[4.8507458,52.3859876],[4.8513011,52.3859957],[4.851307,52.3858424],[4.8513979,52.3858437],[4.8514142,52.3854234],[4.8503911,52.3854085],[4.8503801,52.3856925],[4.8501064,52.3856886],[4.8501011,52.3858249],[4.8500038,52.3858235],[4.8499919,52.3861324]]},"properties":{"building":"apartments","ref:bag":"0363100012570893","source":"BAG","source:date":"2026-01-10","start_date":"2025"}},{"type":"Feature","geometry":{"type":"LineString","coordinates":[[4.8529406,52.38704],[4.8527132,52.3869009],[4.8521289,52.3865473],[4.8518689,52.3863854]]},"properties":{"foot":"yes","highway":"footway","name":"Eksterlaan"}},{"type":"Feature","geometry":{"type":"LineString","coordinates":[[4.8530127,52.3870841],[4.8529406,52.38704]]},"properties":{"bridge":"yes","foot":"yes","highway":"footway","layer":"1","name":"Eksterlaan"}},{"type":"Feature","geometry":{"type":"LineString","coordinates":[[4.8478505,52.3858228],[4.8477899,52.385822],[4.8475906,52.3858149],[4.8475007,52.3857988]]},"properties":{"access":"private","highway":"service","maxspeed":"30","oneway":"no"}},{"type":"Feature","geometry":{"type":"LineString","coordinates":[[4.8531401,52.3855233],[4.8531392,52.3855563],[4.8534574,52.3855624],[4.8534576,52.3855291],[4.8531401,52.3855233]]},"properties":{"building":"yes"}},{"type":"Feature","geometry":{"type":"MultiPolygon","coordinates":[[[[4.8654191,52.3862325],[4.8654658,52.3862245],[4.8654761,52.3862531],[4.8655503,52.3863369],[4.865632,52.3863972],[4.8657346,52.3864332],[4.8657916,52.3864382],[4.8659232,52.3864499],[4.8660529,52.3864585],[4.8660378,52.3864237],[4.8664093,52.3864808],[4.8666819,52.3865603],[4.8671425,52.3867198],[4.8672676,52.3867631],[4.867519,52.3868492],[4.8678125,52.3869513],[4.8678673,52.3869866],[4.8679601,52.3870154],[4.8680023,52.3869863],[4.8680924,52.387048],[4.8682009,52.3871114],[4.8683844,52.3871758],[4.8689056,52.3873296],[4.8690632,52.3873094],[4.8692066,52.3872911],[4.8694983,52.3872939],[4.8695826,52.3873511],[4.8696723,52.3873663],[4.8695486,52.3875436],[4.8689705,52.387396],[4.8688296,52.3873605],[4.8686843,52.387324],[4.8685168,52.3872705],[4.8682525,52.3871894],[4.8681651,52.3871622],[4.8679809,52.3871051],[4.8679098,52.3870714],[4.86793,52.3870408],[4.8678168,52.3870001],[4.8677394,52.3869958],[4.8674955,52.3868897],[4.8673982,52.3868422],[4.8673331,52.3868209],[4.8672135,52.3867912],[4.8670953,52.3867581],[4.8669777,52.3867252],[4.8668426,52.3866875],[4.8665884,52.3866164],[4.8663412,52.3865463],[4.8663251,52.3865449],[4.8660756,52.3865106],[4.8660668,52.386487],[4.865906,52.3864674],[4.8657922,52.3864573],[4.8657162,52.3864505],[4.8656359,52.386422],[4.8655465,52.3863683],[4.8654925,52.3863097],[4.8654559,52.3862546],[4.8654191,52.3862325]]]]},"properties":{"natural":"water"}},{"type":"Feature","geometry":{"type":"MultiPolygon","coordinates":[[[[4.8520744,52.3873579],[4.8520897,52.3873217],[4.8521237,52.3873076],[4.8521744,52.387307],[4.8522164,52.3873218],[4.852339,52.3873748],[4.8523592,52.387378],[4.8524013,52.3874115],[4.8522506,52.3875023],[4.8521982,52.3874627],[4.8521855,52.3874458],[4.8520981,52.3873822],[4.8520744,52.3873579]]]]},"properties":{"natural":"water","source":"3dShapes"}},{"type":"Feature","geometry":{"type":"MultiPolygon","coordinates":[[[[4.8542067,52.386658],[4.8542465,52.3866497],[4.8543094,52.3866379],[4.8543803,52.3866225],[4.8544393,52.3866253],[4.8546061,52.3867106],[4.8546561,52.386726],[4.854711,52.3867299],[4.854772,52.3867267],[4.8548203,52.3867302],[4.8548819,52.3867459],[4.8549456,52.38678],[4.8549992,52.3868413],[4.8550309,52.3868846],[4.8550422,52.3869235],[4.855029,52.3869448],[4.855029,52.3869771],[4.8550417,52.3869943],[4.8551276,52.3870229],[4.8552241,52.387045],[4.8552382,52.3870516],[4.8552496,52.3870592],[4.8552597,52.3870659],[4.8551765,52.3871154],[4.8551661,52.3871098],[4.855147,52.3870995],[4.8551457,52.3870745],[4.855095,52.3870554],[4.8550266,52.3870398],[4.8549699,52.3870225],[4.8549327,52.3869999],[4.8547577,52.3869193],[4.8547075,52.3869116],[4.8546447,52.386856],[4.8543912,52.386702],[4.8543618,52.3866946],[4.8543069,52.3866907],[4.854254,52.3866798],[4.8542067,52.386658]]]]},"properties":{"natural":"water","source":"3dShapes"}},{"type":"Feature","geometry":{"type":"MultiPolygon","coordinates":[[[[4.8572388,52.3881587],[4.8572773,52.3881171],[4.8575041,52.3879689],[4.8577242,52.3878681],[4.8577896,52.3878202],[4.8578192,52.387765],[4.8578275,52.3877201],[4.8578182,52.3876395],[4.857734,52.3875828],[4.8577366,52.3875741],[4.8577454,52.3875677],[4.8578579,52.3876337],[4.8579331,52.387676],[4.8579797,52.3876833],[4.8580094,52.3876795],[4.8580485,52.3876639],[4.8580926,52.3876589],[4.8581112,52.3876718],[4.8581289,52.3876851],[4.8579573,52.3877904],[4.857947,52.3878091],[4.8579467,52.3878308],[4.8579515,52.3878496],[4.8579614,52.3878657],[4.857984,52.387886],[4.8580793,52.3879544],[4.8581097,52.3879739],[4.8582405,52.3880323],[4.8583637,52.3880964],[4.8584339,52.3881444],[4.8584539,52.3881633],[4.8584991,52.3882138],[4.8585365,52.3882603],[4.858576,52.3883174],[4.8585936,52.3883429],[4.8586087,52.3883589],[4.8586337,52.3883734],[4.8586589,52.3883836],[4.8586867,52.3883865],[4.8587145,52.3883866],[4.8587474,52.3883812],[4.8587754,52.388374],[4.8588568,52.3883266],[4.8589323,52.3882581],[4.8589454,52.3882649],[4.8589534,52.3882723],[4.858923,52.3882893],[4.8588334,52.3883872],[4.858805,52.3884278],[4.8587869,52.3884636],[4.8587737,52.3885113],[4.8585074,52.3885074],[4.8584818,52.3884707],[4.8583951,52.3884369],[4.8583517,52.3884218],[4.858311,52.3884132],[4.8582792,52.3884097],[4.8582355,52.3884095],[4.8581859,52.3884211],[4.8581101,52.3884601],[4.8581899,52.3883433],[4.8582028,52.3883172],[4.8582056,52.3882928],[4.8582008,52.3882709],[4.8581884,52.388252],[4.8581634,52.3882317],[4.8580253,52.3881474],[4.8579323,52.388102],[4.8578299,52.3880577],[4.8577181,52.3880977],[4.857614,52.3881419],[4.8575554,52.3881764],[4.8574558,52.3882482],[4.8572388,52.3881587]]]]},"properties":{"natural":"water","source":"3dShapes"}},{"type":"Feature","geometry":{"type":"MultiPolygon","coordinates":[[[[4.8506071,52.3871203],[4.850676,52.3870835],[4.8512654,52.3874134],[4.8511756,52.3874683],[4.8506071,52.3871203]]]]},"properties":{"natural":"water","source":"3dShapes"}},{"type":"Feature","geometry":{"type":"MultiPolygon","coordinates":[[[[4.863835,52.3863347],[4.8639238,52.3863205],[4.8643457,52.38637],[4.8646541,52.3864242],[4.8647996,52.3864498],[4.8651137,52.3865313],[4.8652136,52.3865623],[4.8652731,52.3866155],[4.865373,52.386665],[4.8663399,52.3869312],[4.866444,52.3869767],[4.8665167,52.3870377],[4.8665467,52.3870828],[4.8665414,52.3871442],[4.866515,52.3871944],[4.8664514,52.3872316],[4.8661573,52.3873641],[4.8660087,52.3874645],[4.8657309,52.3876147],[4.8656964,52.3876196],[4.8656938,52.3876002],[4.8661282,52.387335],[4.8662342,52.3872795],[4.8663541,52.3872237],[4.8664057,52.3871977],[4.8664465,52.3871534],[4.8664612,52.3871186],[4.8664652,52.3870807],[4.8664268,52.3870269],[4.8663984,52.3869858],[4.8663242,52.3869551],[4.8653653,52.386711],[4.8652865,52.3867068],[4.8652437,52.386728],[4.8651731,52.3868037],[4.8650528,52.3869217],[4.8649889,52.3870363],[4.864956,52.387174],[4.8649485,52.3872774],[4.8649667,52.3873333],[4.8649908,52.3874079],[4.8650894,52.3875386],[4.865235,52.3876341],[4.8653396,52.3876832],[4.8654067,52.3877078],[4.8654868,52.3877273],[4.8655407,52.3876881],[4.8655675,52.3877078],[4.8654882,52.3877971],[4.8654051,52.3877639],[4.8653166,52.3877352],[4.8652171,52.3877221],[4.8650264,52.3877154],[4.8648145,52.3877159],[4.8648938,52.386603],[4.8646007,52.3865214],[4.863835,52.3863347]]]]},"properties":{"natural":"water","source":"3dShapes"}},{"type":"Feature","geometry":{"type":"MultiPolygon","coordinates":[[[[4.8556137,52.3885898],[4.8560086,52.3885858],[4.8571117,52.3885937],[4.8573913,52.3885957],[4.85819,52.3885912],[4.8587984,52.3885878],[4.8591854,52.388592],[4.8603726,52.388603],[4.8613993,52.3886059],[4.8618498,52.3886058],[4.8622992,52.3886079],[4.8642876,52.388656],[4.864755,52.3886473],[4.8648257,52.3880729],[4.8645601,52.3880647],[4.8645039,52.3882732],[4.8644596,52.3882722],[4.86443,52.3882488],[4.8644944,52.3880761],[4.8644796,52.3880557],[4.8638969,52.3880373],[4.863211,52.3880156],[4.8631856,52.3880076],[4.8632968,52.3877521],[4.8633692,52.3877549],[4.8632673,52.3879976],[4.8640986,52.3880188],[4.8648069,52.3880369],[4.8648009,52.3878381],[4.8649724,52.3878444],[4.8651043,52.3878593],[4.8652133,52.3879062],[4.8652951,52.3879731],[4.8652839,52.3880259],[4.8652834,52.3880641],[4.8652327,52.3881215],[4.8651002,52.3882164],[4.8650317,52.3882575],[4.8650177,52.3883118],[4.8650016,52.3883456],[4.8649619,52.3884249],[4.8649334,52.3885041],[4.8649152,52.3886402],[4.8648935,52.3886625],[4.864178,52.3886801],[4.8637142,52.3886674],[4.8637063,52.3887062],[4.8636374,52.3886787],[4.8635685,52.3886657],[4.8629648,52.3886561],[4.8622573,52.3886447],[4.8622414,52.3886803],[4.8621672,52.388656],[4.8620719,52.3886415],[4.859211,52.3886302],[4.8591713,52.388635],[4.8591448,52.388656],[4.8591262,52.3886819],[4.8590653,52.3886868],[4.8590282,52.3886706],[4.8589885,52.3886415],[4.8581565,52.3886393],[4.8570468,52.3886156],[4.857023,52.3886302],[4.8569859,52.3886366],[4.8569375,52.3886336],[4.8568892,52.3886231],[4.8561255,52.3886152],[4.855615,52.3886157],[4.8556137,52.3885898]]]]},"properties":{"natural":"water","source":"3dShapes"}},{"type":"Feature","geometry":{"type":"MultiPolygon","coordinates":[[[[4.8486591,52.3865067],[4.8491532,52.3864713],[4.8497061,52.3864202],[4.8499484,52.3864],[4.8505569,52.38633],[4.8510021,52.3862865],[4.8516026,52.3862308],[4.8520068,52.3861897],[4.8530763,52.3861029],[4.8531164,52.3860998],[4.8534612,52.3860735],[4.8543571,52.3860088],[4.8551443,52.3859581],[4.85589,52.3859122],[4.856474,52.3858795],[4.8571178,52.3858566],[4.8578762,52.3858433],[4.8580276,52.3858403],[4.8581397,52.3858405],[4.8581779,52.3858406],[4.8583376,52.3858409],[4.8585775,52.3858467],[4.8586832,52.38584],[4.8588206,52.3858398],[4.8589199,52.3858504],[4.8590335,52.3858471],[4.8593192,52.3858422],[4.8593238,52.3858601],[4.8593272,52.3858782],[4.859224,52.3858963],[4.8591375,52.3859032],[4.8589893,52.3858973],[4.8588867,52.3858899],[4.8587831,52.3858844],[4.8586835,52.3858946],[4.858593,52.3859441],[4.8585346,52.3859077],[4.8584528,52.3859024],[4.8583764,52.3858922],[4.8582547,52.3858949],[4.8581236,52.3859868],[4.8580089,52.3859229],[4.8579193,52.3858842],[4.8575509,52.3858832],[4.857211,52.3858971],[4.8570544,52.3859718],[4.8570367,52.3859577],[4.856984,52.385911],[4.856924,52.3858983],[4.8566631,52.3859118],[4.8559986,52.3859466],[4.8556173,52.3859698],[4.8553388,52.3859867],[4.8546803,52.386035],[4.8543146,52.3860567],[4.853472,52.3861177],[4.8532165,52.3861361],[4.8531642,52.386152],[4.853126,52.3861602],[4.8530562,52.3861627],[4.8529657,52.3861586],[4.8525634,52.386193],[4.8521235,52.3862286],[4.8520417,52.3862797],[4.851988,52.3862462],[4.8513409,52.3863092],[4.8504545,52.3864009],[4.8500629,52.3864492],[4.8499274,52.3864627],[4.8498832,52.3864717],[4.8498396,52.3864799],[4.8497886,52.3864754],[4.8497564,52.3864741],[4.8497289,52.3864786],[4.8496699,52.3865237],[4.8496015,52.3864868],[4.8494728,52.3864958],[4.8486634,52.3865468],[4.8486591,52.3865067]]]]},"properties":{"natural":"water","source":"3dShapes"}},{"type":"Feature","geometry":{"type":"MultiPolygon","coordinates":[[[[4.8517328,52.3871682],[4.8518437,52.3871019],[4.8518736,52.3871447],[4.8520456,52.3872536],[4.8519974,52.3872826],[4.8517734,52.3871715],[4.8517328,52.3871682]]]]},"properties":{"natural":"water","source":"3dShapes"}},{"type":"Feature","geometry":{"type":"MultiPolygon","coordinates":[[[[4.8478707,52.3884245],[4.8479012,52.3884056],[4.8480355,52.3884133],[4.8482978,52.388423],[4.8489834,52.3884519],[4.8496822,52.3884848],[4.8501299,52.3885015],[4.8505726,52.3885164],[4.8509581,52.3885331],[4.8516289,52.3885697],[4.8518726,52.3885868],[4.8519235,52.3885657],[4.8519821,52.3885695],[4.8520069,52.3885833],[4.8522448,52.3885924],[4.8526752,52.3885929],[4.8526774,52.3886033],[4.8526793,52.3886168],[4.8522689,52.3886176],[4.8520485,52.3886065],[4.8519311,52.3885927],[4.8518951,52.3886154],[4.8515951,52.3885976],[4.8509285,52.3885505],[4.8507259,52.388544],[4.8503929,52.3885357],[4.849998,52.3885212],[4.8498804,52.3885169],[4.8491818,52.3884819],[4.8488293,52.388469],[4.8485074,52.3884549],[4.8478707,52.3884245]]]]},"properties":{"natural":"water","source":"3dShapes"}},{"type":"Feature","geometry":{"type":"MultiPolygon","coordinates":[[[[4.8620505,52.3868851],[4.8620705,52.3868257],[4.8621695,52.3868379],[4.8621495,52.3868976],[4.8620505,52.3868851]]]]},"properties":{"building":"yes","source":"3dShapes"}},{"type":"Feature","geometry":{"type":"MultiPolygon","coordinates":[[[[4.8631743,52.387687],[4.8631942,52.3876275],[4.8632932,52.3876398],[4.8632732,52.3876995],[4.8631743,52.387687]]]]},"properties":{"building":"yes","source":"3dShapes"}},{"type":"Feature","geometry":{"type":"MultiPolygon","coordinates":[[[[4.8608976,52.3863769],[4.8609176,52.3863172],[4.8610166,52.3863297],[4.8609966,52.3863895],[4.8608976,52.3863769]]]]},"properties":{"building":"yes","source":"3dShapes"}},{"type":"Feature","geometry":{"type":"MultiPolygon","coordinates":[[[[4.8564183,52.3867155],[4.8564905,52.3866737],[4.85656,52.3867184],[4.8564878,52.3867602],[4.8564183,52.3867155]]]]},"properties":{"building":"yes","source":"3dShapes"}},{"type":"Feature","geometry":{"type":"MultiPolygon","coordinates":[[[[4.862972,52.3867549],[4.8629919,52.3866952],[4.8630909,52.3867077],[4.8630709,52.3867672],[4.862972,52.3867549]]]]},"properties":{"building":"yes","source":"3dShapes"}},{"type":"Feature","geometry":{"type":"MultiPolygon","coordinates":[[[[4.8574367,52.3862298],[4.8575091,52.386188],[4.8575784,52.3862326],[4.8575062,52.3862744],[4.8574367,52.3862298]]]]},"properties":{"building":"yes","source":"3dShapes"}},{"type":"Feature","geometry":{"type":"MultiPolygon","coordinates":[[[[4.8650639,52.3874014],[4.8650678,52.3873471],[4.8651126,52.3873483],[4.8651086,52.3874025],[4.8650639,52.3874014]]]]},"properties":{"building":"yes","height":"3.1","ref:bag":"0363100012225939","source":"BAG","source:date":"2014-03-24","source:height":"3DBAG","source:height:date":"2025-09-03","start_date":"1997"}},{"type":"Feature","geometry":{"type":"MultiPolygon","coordinates":[[[[4.8613648,52.3860107],[4.8613847,52.385951],[4.8614837,52.3859635],[4.8614638,52.3860232],[4.8613648,52.3860107]]]]},"properties":{"building":"yes","source":"3dShapes"}},{"type":"Feature","geometry":{"type":"MultiPolygon","coordinates":[[[[4.8522203,52.3867687],[4.8522925,52.3867269],[4.8523618,52.3867716],[4.8522896,52.3868134],[4.8522203,52.3867687]]]]},"properties":{"building":"yes","source":"3dShapes"}},{"type":"Feature","geometry":{"type":"MultiPolygon","coordinates":[[[[4.8484089,52.3869574],[4.8484812,52.3869156],[4.8485505,52.3869606],[4.8484783,52.3870024],[4.8484089,52.3869574]]]]},"properties":{"building":"yes","source":"3dShapes"}},{"type":"Feature","geometry":{"type":"MultiPolygon","coordinates":[[[[4.8541554,52.3881988],[4.8542276,52.388157],[4.8542971,52.388202],[4.8542247,52.3882438],[4.8541554,52.3881988]]]]},"properties":{"building":"yes","source":"3dShapes"}},{"type":"Feature","geometry":{"type":"MultiPolygon","coordinates":[[[[4.8591522,52.3866201],[4.8592244,52.386578],[4.8592939,52.386623],[4.8592217,52.3866648],[4.8591522,52.3866201]]]]},"properties":{"building":"yes","source":"3dShapes"}},{"type":"Feature","geometry":{"type":"MultiPolygon","coordinates":[[[[4.8592175,52.3874831],[4.8592848,52.3874381],[4.8593591,52.38748],[4.8592918,52.3875247],[4.8592175,52.3874831]]]]},"properties":{"building":"yes","source":"3dShapes"}},{"type":"Feature","geometry":{"type":"MultiPolygon","coordinates":[[[[4.8565143,52.3861377],[4.8565866,52.3860959],[4.856656,52.3861409],[4.8565838,52.3861827],[4.8565143,52.3861377]]]]},"properties":{"building":"yes","source":"3dShapes"}},{"type":"Feature","geometry":{"type":"MultiPolygon","coordinates":[[[[4.8639272,52.3881671],[4.8639471,52.3881076],[4.8640457,52.3881199],[4.8640258,52.3881794],[4.8639272,52.3881671]]]]},"properties":{"building":"yes","source":"3dShapes"}},{"type":"Feature","geometry":{"type":"MultiPolygon","coordinates":[[[[4.8575705,52.3864515],[4.8576427,52.3864097],[4.8577122,52.3864544],[4.8576399,52.3864962],[4.8575705,52.3864515]]]]},"properties":{"building":"yes","source":"3dShapes"}},{"type":"Feature","geometry":{"type":"MultiPolygon","coordinates":[[[[4.862174,52.387044],[4.862194,52.3869843],[4.862293,52.3869968],[4.862273,52.3870563],[4.862174,52.387044]]]]},"properties":{"building":"yes","source":"3dShapes"}},{"type":"Feature","geometry":{"type":"MultiPolygon","coordinates":[[[[4.8483529,52.3871145],[4.8484251,52.3870727],[4.8484946,52.3871176],[4.8484222,52.3871594],[4.8483529,52.3871145]]]]},"properties":{"building":"yes","source":"3dShapes"}},{"type":"Feature","geometry":{"type":"MultiPolygon","coordinates":[[[[4.8584799,52.3868985],[4.8585523,52.3868567],[4.8586218,52.3869017],[4.8585495,52.3869434],[4.8584799,52.3868985]]]]},"properties":{"building":"yes","source":"3dShapes"}},{"type":"Feature","geometry":{"type":"MultiPolygon","coordinates":[[[[4.8606066,52.3877742],[4.8606266,52.3877145],[4.8607256,52.387727],[4.8607057,52.3877864],[4.8606066,52.3877742]]]]},"properties":{"building":"yes","source":"3dShapes"}},{"type":"Feature","geometry":{"type":"MultiPolygon","coordinates":[[[[4.858558,52.3882218],[4.8586303,52.38818],[4.8586997,52.3882247],[4.8586274,52.3882665],[4.858558,52.3882218]]]]},"properties":{"building":"yes","source":"3dShapes"}},{"type":"Feature","geometry":{"type":"MultiPolygon","coordinates":[[[[4.8520752,52.3883482],[4.8521475,52.3883064],[4.8522169,52.3883514],[4.8521447,52.3883932],[4.8520752,52.3883482]]]]},"properties":{"building":"yes","source":"3dShapes"}},{"type":"Feature","geometry":{"type":"MultiPolygon","coordinates":[[[[4.8628362,52.3866065],[4.8628561,52.3865467],[4.8629551,52.3865593],[4.8629352,52.3866187],[4.8628362,52.3866065]]]]},"properties":{"building":"yes","source":"3dShapes"}},{"type":"Feature","geometry":{"type":"MultiPolygon","coordinates":[[[[4.8573778,52.3878063],[4.8574379,52.3877566],[4.8575178,52.3877929],[4.8574577,52.3878426],[4.8573778,52.3878063]]]]},"properties":{"building":"yes","source":"3dShapes"}},{"type":"Feature","geometry":{"type":"MultiPolygon","coordinates":[[[[4.8490442,52.3883265],[4.8491164,52.3882847],[4.8491859,52.3883297],[4.8491136,52.3883715],[4.8490442,52.3883265]]]]},"properties":{"building":"yes","source":"3dShapes"}},{"type":"Feature","geometry":{"type":"MultiPolygon","coordinates":[[[[4.8622476,52.3863801],[4.8622676,52.3863207],[4.8623665,52.3863329],[4.8623465,52.3863926],[4.8622476,52.3863801]]]]},"properties":{"building":"yes","source":"3dShapes"}},{"type":"Feature","geometry":{"type":"MultiPolygon","coordinates":[[[[4.8505888,52.3872219],[4.850661,52.3871801],[4.8507305,52.387225],[4.8506581,52.3872668],[4.8505888,52.3872219]]]]},"properties":{"building":"yes","source":"3dShapes"}},{"type":"Feature","geometry":{"type":"MultiPolygon","coordinates":[[[[4.8606115,52.3872349],[4.8606315,52.3871752],[4.8607305,52.3871877],[4.8607105,52.3872474],[4.8606115,52.3872349]]]]},"properties":{"building":"yes","source":"3dShapes"}},{"type":"Feature","geometry":{"type":"MultiPolygon","coordinates":[[[[4.8538048,52.3874995],[4.8538772,52.3874578],[4.8539468,52.3875027],[4.8538744,52.3875444],[4.8538048,52.3874995]]]]},"properties":{"building":"yes","source":"3dShapes"}},{"type":"Feature","geometry":{"type":"MultiPolygon","coordinates":[[[[4.8514317,52.3866771],[4.851504,52.3866353],[4.8515734,52.3866803],[4.8515012,52.3867221],[4.8514317,52.3866771]]]]},"properties":{"building":"yes","source":"3dShapes"}},{"type":"Feature","geometry":{"type":"MultiPolygon","coordinates":[[[[4.8626989,52.3875056],[4.8627188,52.3874459],[4.8628177,52.3874584],[4.8627979,52.3875179],[4.8626989,52.3875056]]]]},"properties":{"building":"yes","source":"3dShapes"}},{"type":"Feature","geometry":{"type":"MultiPolygon","coordinates":[[[[4.861014,52.3881035],[4.8610339,52.3880437],[4.8611329,52.3880562],[4.8611129,52.3881157],[4.861014,52.3881035]]]]},"properties":{"building":"yes","source":"3dShapes"}},{"type":"Feature","geometry":{"type":"MultiPolygon","coordinates":[[[[4.8622627,52.3861171],[4.8622827,52.3860576],[4.8623816,52.3860699],[4.8623616,52.3861296],[4.8622627,52.3861171]]]]},"properties":{"building":"yes","source":"3dShapes"}},{"type":"Feature","geometry":{"type":"MultiPolygon","coordinates":[[[[4.8599731,52.3876903],[4.8600207,52.3876369],[4.8601094,52.3876665],[4.8600618,52.3877199],[4.8599731,52.3876903]]]]},"properties":{"building":"yes","source":"3dShapes"}},{"type":"Feature","geometry":{"type":"MultiPolygon","coordinates":[[[[4.856761,52.3865047],[4.8568332,52.3864629],[4.8569027,52.3865079],[4.8568304,52.3865497],[4.856761,52.3865047]]]]},"properties":{"building":"yes","source":"3dShapes"}},{"type":"Feature","geometry":{"type":"MultiPolygon","coordinates":[[[[4.8499125,52.3883318],[4.8499848,52.3882901],[4.8500543,52.3883349],[4.8499819,52.3883767],[4.8499125,52.3883318]]]]},"properties":{"building":"yes","source":"3dShapes"}},{"type":"Feature","geometry":{"type":"MultiPolygon","coordinates":[[[[4.862949,52.3862361],[4.862969,52.3861764],[4.8630679,52.3861889],[4.8630479,52.3862486],[4.862949,52.3862361]]]]},"properties":{"building":"yes","source":"3dShapes"}},{"type":"Feature","geometry":{"type":"MultiPolygon","coordinates":[[[[4.8602059,52.387372],[4.8602425,52.3873155],[4.8603364,52.3873384],[4.8602998,52.3873949],[4.8602059,52.387372]]]]},"properties":{"building":"yes","source":"3dShapes"}},{"type":"Feature","geometry":{"type":"MultiPolygon","coordinates":[[[[4.8585887,52.3878165],[4.858649,52.387767],[4.8587288,52.3878034],[4.8586686,52.3878528],[4.8585887,52.3878165]]]]},"properties":{"building":"yes","source":"3dShapes"}},{"type":"Feature","geometry":{"type":"MultiPolygon","coordinates":[[[[4.854678,52.3879294],[4.8547502,52.3878876],[4.8548197,52.3879326],[4.8547474,52.3879744],[4.854678,52.3879294]]]]},"properties":{"building":"yes","source":"3dShapes"}},{"type":"Feature","geometry":{"type":"MultiPolygon","coordinates":[[[[4.8617329,52.3876437],[4.8617528,52.3875843],[4.8618518,52.3875965],[4.8618319,52.3876562],[4.8617329,52.3876437]]]]},"properties":{"building":"yes","source":"3dShapes"}},{"type":"Feature","geometry":{"type":"MultiPolygon","coordinates":[[[[4.858282,52.3865124],[4.8583542,52.3864706],[4.8584236,52.3865156],[4.8583513,52.3865574],[4.858282,52.3865124]]]]},"properties":{"building":"yes","source":"3dShapes"}},{"type":"Feature","geometry":{"type":"MultiPolygon","coordinates":[[[[4.8636488,52.3883157],[4.8636688,52.3882561],[4.8637678,52.3882685],[4.8637477,52.3883281],[4.8636488,52.3883157]]]]},"properties":{"building":"yes","source":"3dShapes"}},{"type":"Feature","geometry":{"type":"MultiPolygon","coordinates":[[[[4.849674,52.3868641],[4.8497464,52.3868223],[4.8498157,52.386867],[4.8497435,52.3869088],[4.849674,52.3868641]]]]},"properties":{"building":"yes","source":"3dShapes"}},{"type":"Feature","geometry":{"type":"MultiPolygon","coordinates":[[[[4.8552644,52.3882834],[4.8553366,52.3882416],[4.855406,52.3882866],[4.8553337,52.3883284],[4.8552644,52.3882834]]]]},"properties":{"building":"yes","source":"3dShapes"}},{"type":"Feature","geometry":{"type":"MultiPolygon","coordinates":[[[[4.8514184,52.387402],[4.8514906,52.3873599],[4.8515601,52.3874049],[4.8514877,52.3874467],[4.8514184,52.387402]]]]},"properties":{"building":"yes","source":"3dShapes"}},{"type":"Feature","geometry":{"type":"MultiPolygon","coordinates":[[[[4.8481151,52.3879451],[4.8481873,52.387903],[4.8482568,52.387948],[4.8481844,52.3879898],[4.8481151,52.3879451]]]]},"properties":{"building":"yes","source":"3dShapes"}},{"type":"Feature","geometry":{"type":"MultiPolygon","coordinates":[[[[4.8489483,52.3874276],[4.8490205,52.3873858],[4.8490899,52.3874305],[4.8490177,52.3874723],[4.8489483,52.3874276]]]]},"properties":{"building":"yes","source":"3dShapes"}},{"type":"Feature","geometry":{"type":"MultiPolygon","coordinates":[[[[4.8589177,52.3872409],[4.8589851,52.387196],[4.8590594,52.3872379],[4.8589921,52.3872826],[4.8589177,52.3872409]]]]},"properties":{"building":"yes","source":"3dShapes"}},{"type":"Feature","geometry":{"type":"MultiPolygon","coordinates":[[[[4.8536918,52.3882832],[4.853764,52.3882412],[4.8538334,52.3882861],[4.8537611,52.3883279],[4.8536918,52.3882832]]]]},"properties":{"building":"yes","source":"3dShapes"}},{"type":"Feature","geometry":{"type":"MultiPolygon","coordinates":[[[[4.8518114,52.3885127],[4.8518836,52.3884709],[4.8519531,52.3885159],[4.8518808,52.3885577],[4.8518114,52.3885127]]]]},"properties":{"building":"yes","source":"3dShapes"}},{"type":"Feature","geometry":{"type":"MultiPolygon","coordinates":[[[[4.8545527,52.3877689],[4.854625,52.3877271],[4.8546944,52.3877721],[4.8546222,52.3878139],[4.8545527,52.3877689]]]]},"properties":{"building":"yes","source":"3dShapes"}},{"type":"Feature","geometry":{"type":"MultiPolygon","coordinates":[[[[4.8603367,52.3878982],[4.8603567,52.3878384],[4.8604557,52.3878509],[4.8604358,52.3879104],[4.8603367,52.3878982]]]]},"properties":{"building":"yes","source":"3dShapes"}},{"type":"Feature","geometry":{"type":"MultiPolygon","coordinates":[[[[4.8475361,52.3881069],[4.8476085,52.3880651],[4.8476778,52.3881101],[4.8476056,52.3881519],[4.8475361,52.3881069]]]]},"properties":{"building":"yes","source":"3dShapes"}},{"type":"Feature","geometry":{"type":"MultiPolygon","coordinates":[[[[4.8508151,52.3877607],[4.8508873,52.3877189],[4.8509568,52.3877636],[4.8508845,52.3878054],[4.8508151,52.3877607]]]]},"properties":{"building":"yes","source":"3dShapes"}},{"type":"Feature","geometry":{"type":"MultiPolygon","coordinates":[[[[4.8540487,52.3871859],[4.8541209,52.3871441],[4.8541904,52.3871891],[4.8541181,52.3872309],[4.8540487,52.3871859]]]]},"properties":{"building":"yes","source":"3dShapes"}},{"type":"Feature","geometry":{"type":"MultiPolygon","coordinates":[[[[4.856413,52.3863637],[4.8564854,52.3863219],[4.8565547,52.3863666],[4.8564825,52.3864084],[4.856413,52.3863637]]]]},"properties":{"building":"yes","source":"3dShapes"}},{"type":"Feature","geometry":{"type":"MultiPolygon","coordinates":[[[[4.8619453,52.3875632],[4.8619653,52.3875035],[4.8620643,52.387516],[4.8620443,52.3875757],[4.8619453,52.3875632]]]]},"properties":{"building":"yes","source":"3dShapes"}},{"type":"Feature","geometry":{"type":"MultiPolygon","coordinates":[[[[4.8495479,52.3879848],[4.8496203,52.3879431],[4.8496898,52.387988],[4.8496174,52.3880297],[4.8495479,52.3879848]]]]},"properties":{"building":"yes","source":"3dShapes"}},{"type":"Feature","geometry":{"type":"MultiPolygon","coordinates":[[[[4.8477862,52.3877412],[4.8478584,52.3876994],[4.8479278,52.3877441],[4.8478556,52.3877859],[4.8477862,52.3877412]]]]},"properties":{"building":"yes","source":"3dShapes"}},{"type":"Feature","geometry":{"type":"MultiPolygon","coordinates":[[[[4.8566415,52.3882368],[4.8567078,52.3881988],[4.8567707,52.3882398],[4.8567045,52.3882777],[4.8566415,52.3882368]]]]},"properties":{"building":"yes","building:levels":"1","source":"3dShapes"}},{"type":"Feature","geometry":{"type":"MultiPolygon","coordinates":[[[[4.8543208,52.3871813],[4.8543932,52.3871396],[4.8544627,52.3871845],[4.8543903,52.3872263],[4.8543208,52.3871813]]]]},"properties":{"building":"yes","ref":"49","source":"3dShapes"}},{"type":"Feature","geometry":{"type":"MultiPolygon","coordinates":[[[[4.8512047,52.3879765],[4.8512769,52.3879344],[4.8513464,52.3879794],[4.8512742,52.3880212],[4.8512047,52.3879765]]]]},"properties":{"building":"yes","source":"3dShapes"}},{"type":"Feature","geometry":{"type":"MultiPolygon","coordinates":[[[[4.8571307,52.3859791],[4.8572029,52.3859373],[4.8572724,52.3859823],[4.8572001,52.3860241],[4.8571307,52.3859791]]]]},"properties":{"building":"yes","source":"3dShapes"}},{"type":"Feature","geometry":{"type":"MultiPolygon","coordinates":[[[[4.8616344,52.3878983],[4.8616543,52.3878386],[4.8617534,52.3878511],[4.8617334,52.3879105],[4.8616344,52.3878983]]]]},"properties":{"building":"yes","source":"3dShapes"}},{"type":"Feature","geometry":{"type":"MultiPolygon","coordinates":[[[[4.8605085,52.3880226],[4.8605285,52.3879631],[4.8606274,52.3879753],[4.8606074,52.3880351],[4.8605085,52.3880226]]]]},"properties":{"building":"yes","source":"3dShapes"}},{"type":"Feature","geometry":{"type":"MultiPolygon","coordinates":[[[[4.8643791,52.3878715],[4.8643818,52.3878022],[4.8645018,52.3878039],[4.8645028,52.3877782],[4.8646251,52.38778],[4.8646214,52.387875],[4.8643791,52.3878715]]]]},"properties":{"building":"yes","height":"5.2","ref:bag":"0363100012220383","source":"BAG","source:date":"2014-03-24","source:height":"3DBAG","source:height:date":"2025-09-03","start_date":"1963"}},{"type":"Feature","geometry":{"type":"MultiPolygon","coordinates":[[[[4.8516794,52.3872406],[4.8517516,52.3871988],[4.8518211,52.3872438],[4.8517488,52.3872856],[4.8516794,52.3872406]]]]},"properties":{"building":"yes","source":"3dShapes"}},{"type":"Feature","geometry":{"type":"MultiPolygon","coordinates":[[[[4.8569514,52.3868407],[4.8570237,52.3867989],[4.8570931,52.3868438],[4.8570208,52.3868856],[4.8569514,52.3868407]]]]},"properties":{"building":"yes","source":"3dShapes"}},{"type":"Feature","geometry":{"type":"MultiPolygon","coordinates":[[[[4.8514001,52.386532],[4.8514723,52.3864902],[4.8515418,52.3865351],[4.8514695,52.386577],[4.8514001,52.386532]]]]},"properties":{"building":"yes","source":"3dShapes"}},{"type":"Feature","geometry":{"type":"MultiPolygon","coordinates":[[[[4.8545228,52.3861879],[4.8545952,52.3861461],[4.8546645,52.3861908],[4.8545923,52.3862326],[4.8545228,52.3861879]]]]},"properties":{"building":"yes","ref":"17","source":"3dShapes"}},{"type":"Feature","geometry":{"type":"MultiPolygon","coordinates":[[[[4.8625007,52.3880191],[4.8625205,52.3879593],[4.8626195,52.3879718],[4.8625995,52.3880316],[4.8625007,52.3880191]]]]},"properties":{"building":"yes","source":"3dShapes"}},{"type":"Feature","geometry":{"type":"MultiPolygon","coordinates":[[[[4.8541016,52.3862467],[4.8541739,52.3862049],[4.8542433,52.3862498],[4.854171,52.3862916],[4.8541016,52.3862467]]]]},"properties":{"building":"yes","source":"3dShapes"}},{"type":"Feature","geometry":{"type":"MultiPolygon","coordinates":[[[[4.8553463,52.3870338],[4.8554186,52.386992],[4.8554879,52.387037],[4.8554157,52.3870788],[4.8553463,52.3870338]]]]},"properties":{"building":"yes","source":"3dShapes"}},{"type":"Feature","geometry":{"type":"MultiPolygon","coordinates":[[[[4.8509189,52.3874273],[4.8509911,52.3873855],[4.8510606,52.3874302],[4.8509882,52.387472],[4.8509189,52.3874273]]]]},"properties":{"building":"yes","source":"3dShapes"}},{"type":"Feature","geometry":{"type":"MultiPolygon","coordinates":[[[[4.8510886,52.386827],[4.8511609,52.3867852],[4.8512303,52.3868302],[4.8511581,52.386872],[4.8510886,52.386827]]]]},"properties":{"building":"yes","source":"3dShapes"}},{"type":"Feature","geometry":{"type":"MultiPolygon","coordinates":[[[[4.8552384,52.3869421],[4.8553107,52.3869003],[4.85538,52.3869453],[4.8553078,52.3869871],[4.8552384,52.3869421]]]]},"properties":{"building":"yes","ref":"2","source":"3dShapes"}},{"type":"Feature","geometry":{"type":"MultiPolygon","coordinates":[[[[4.8556792,52.3866806],[4.8557515,52.3866388],[4.8558209,52.3866838],[4.8557487,52.3867256],[4.8556792,52.3866806]]]]},"properties":{"building":"yes","source":"3dShapes"}},{"type":"Feature","geometry":{"type":"MultiPolygon","coordinates":[[[[4.8641792,52.3885678],[4.8641991,52.3885084],[4.8642981,52.3885206],[4.8642781,52.3885803],[4.8641792,52.3885678]]]]},"properties":{"building":"yes","source":"3dShapes"}},{"type":"Feature","geometry":{"type":"MultiPolygon","coordinates":[[[[4.8642002,52.3879514],[4.8642035,52.3878701],[4.8642998,52.3878716],[4.8642965,52.3879529],[4.8642002,52.3879514]]]]},"properties":{"building":"yes","height":"3.1","ref:bag":"0363100012154428","source":"BAG","source:date":"2014-03-24","source:height":"3DBAG","source:height:date":"2025-09-03","start_date":"1963"}},{"type":"Feature","geometry":{"type":"MultiPolygon","coordinates":[[[[4.8563189,52.3862817],[4.8563911,52.3862399],[4.8564606,52.3862849],[4.8563882,52.3863267],[4.8563189,52.3862817]]]]},"properties":{"building":"yes","ref":"20","source":"3dShapes"}},{"type":"Feature","geometry":{"type":"MultiPolygon","coordinates":[[[[4.8602945,52.3870089],[4.860342,52.3869554],[4.8604307,52.386985],[4.8603832,52.3870385],[4.8602945,52.3870089]]]]},"properties":{"building":"yes","source":"3dShapes"}},{"type":"Feature","geometry":{"type":"MultiPolygon","coordinates":[[[[4.8517869,52.3876485],[4.8518593,52.3876067],[4.8519286,52.3876514],[4.8518564,52.3876932],[4.8517869,52.3876485]]]]},"properties":{"building":"yes","source":"3dShapes"}},{"type":"Feature","geometry":{"type":"MultiPolygon","coordinates":[[[[4.8558968,52.3867011],[4.855969,52.3866593],[4.8560385,52.386704],[4.8559661,52.3867458],[4.8558968,52.3867011]]]]},"properties":{"building":"yes","source":"3dShapes"}},{"type":"Feature","geometry":{"type":"MultiPolygon","coordinates":[[[[4.8558963,52.3879039],[4.8559686,52.3878621],[4.8560379,52.3879071],[4.8559657,52.3879489],[4.8558963,52.3879039]]]]},"properties":{"building":"yes","ref":"39","source":"3dShapes"}},{"type":"Feature","geometry":{"type":"MultiPolygon","coordinates":[[[[4.8549192,52.3865899],[4.8549915,52.3865481],[4.8550608,52.3865931],[4.8549886,52.3866349],[4.8549192,52.3865899]]]]},"properties":{"building":"yes","ref":"1","source":"3dShapes"}},{"type":"Feature","geometry":{"type":"MultiPolygon","coordinates":[[[[4.8502259,52.3881357],[4.8502982,52.3880939],[4.8503675,52.3881388],[4.8502953,52.3881806],[4.8502259,52.3881357]]]]},"properties":{"building":"yes","source":"3dShapes"}},{"type":"Feature","geometry":{"type":"MultiPolygon","coordinates":[[[[4.8610828,52.3864],[4.8611027,52.3863402],[4.8612017,52.3863527],[4.8611817,52.3864122],[4.8610828,52.3864]]]]},"properties":{"building":"yes","source":"3dShapes"}},{"type":"Feature","geometry":{"type":"MultiPolygon","coordinates":[[[[4.8553175,52.386361],[4.8553898,52.3863192],[4.8554592,52.3863642],[4.855387,52.386406],[4.8553175,52.386361]]]]},"properties":{"building":"yes","source":"3dShapes"}},{"type":"Feature","geometry":{"type":"MultiPolygon","coordinates":[[[[4.8535368,52.3876505],[4.8536091,52.3876087],[4.8536785,52.3876537],[4.8536062,52.3876955],[4.8535368,52.3876505]]]]},"properties":{"building":"yes","source":"3dShapes"}},{"type":"Feature","geometry":{"type":"MultiPolygon","coordinates":[[[[4.8614308,52.3869642],[4.8614508,52.3869045],[4.8615496,52.386917],[4.8615297,52.3869768],[4.8614308,52.3869642]]]]},"properties":{"building":"yes","source":"3dShapes"}},{"type":"Feature","geometry":{"type":"MultiPolygon","coordinates":[[[[4.8614353,52.3873561],[4.8614553,52.3872966],[4.8615543,52.3873088],[4.8615343,52.3873686],[4.8614353,52.3873561]]]]},"properties":{"building":"yes","source":"3dShapes"}},{"type":"Feature","geometry":{"type":"MultiPolygon","coordinates":[[[[4.8614373,52.3884092],[4.8614573,52.3883494],[4.8615562,52.3883619],[4.8615362,52.3884217],[4.8614373,52.3884092]]]]},"properties":{"building":"yes","source":"3dShapes"}},{"type":"Feature","geometry":{"type":"MultiPolygon","coordinates":[[[[4.8607149,52.3869043],[4.8607349,52.3868445],[4.8608339,52.3868571],[4.8608139,52.3869165],[4.8607149,52.3869043]]]]},"properties":{"building":"yes","source":"3dShapes"}},{"type":"Feature","geometry":{"type":"MultiPolygon","coordinates":[[[[4.8549014,52.3864229],[4.8549737,52.3863811],[4.8550431,52.3864258],[4.8549709,52.3864676],[4.8549014,52.3864229]]]]},"properties":{"building":"yes","source":"3dShapes"}},{"type":"Feature","geometry":{"type":"MultiPolygon","coordinates":[[[[4.8519876,52.3863285],[4.8520598,52.3862867],[4.8521292,52.3863317],[4.852057,52.3863735],[4.8519876,52.3863285]]]]},"properties":{"building":"yes","source":"3dShapes"}},{"type":"Feature","geometry":{"type":"MultiPolygon","coordinates":[[[[4.8527878,52.3881014],[4.8528601,52.3880596],[4.8529295,52.3881046],[4.8528573,52.3881464],[4.8527878,52.3881014]]]]},"properties":{"building":"yes","source":"3dShapes"}},{"type":"Feature","geometry":{"type":"MultiPolygon","coordinates":[[[[4.8491045,52.3866778],[4.8491768,52.386636],[4.8492461,52.386681],[4.8491739,52.3867228],[4.8491045,52.3866778]]]]},"properties":{"building":"yes","source":"3dShapes"}},{"type":"Feature","geometry":{"type":"MultiPolygon","coordinates":[[[[4.8631075,52.3878096],[4.8631275,52.3877501],[4.8632265,52.3877623],[4.8632065,52.3878221],[4.8631075,52.3878096]]]]},"properties":{"building":"yes","source":"3dShapes"}},{"type":"Feature","geometry":{"type":"MultiPolygon","coordinates":[[[[4.8492237,52.3877797],[4.8492959,52.3877378],[4.8493653,52.3877828],[4.8492931,52.3878246],[4.8492237,52.3877797]]]]},"properties":{"building":"yes","source":"3dShapes"}},{"type":"Feature","geometry":{"type":"MultiPolygon","coordinates":[[[[4.850834,52.3870321],[4.8509064,52.3869903],[4.8509757,52.3870353],[4.8509035,52.3870771],[4.850834,52.3870321]]]]},"properties":{"building":"yes","source":"3dShapes"}},{"type":"Feature","geometry":{"type":"MultiPolygon","coordinates":[[[[4.8530644,52.3870574],[4.8531367,52.3870154],[4.8532061,52.3870603],[4.8531338,52.3871021],[4.8530644,52.3870574]]]]},"properties":{"building":"yes","source":"3dShapes"}},{"type":"Feature","geometry":{"type":"MultiPolygon","coordinates":[[[[4.8496851,52.3870767],[4.8497573,52.3870346],[4.8498268,52.3870795],[4.8497544,52.3871214],[4.8496851,52.3870767]]]]},"properties":{"building":"yes","source":"3dShapes"}},{"type":"Feature","geometry":{"type":"MultiPolygon","coordinates":[[[[4.8643064,52.3881883],[4.8643264,52.3881286],[4.8644254,52.3881411],[4.8644054,52.3882008],[4.8643064,52.3881883]]]]},"properties":{"building":"yes","source":"3dShapes"}},{"type":"Feature","geometry":{"type":"MultiPolygon","coordinates":[[[[4.8617183,52.3865887],[4.8617382,52.3865293],[4.8618371,52.3865415],[4.8618171,52.3866012],[4.8617183,52.3865887]]]]},"properties":{"building":"yes","source":"3dShapes"}},{"type":"Feature","geometry":{"type":"MultiPolygon","coordinates":[[[[4.8582774,52.3876484],[4.8583448,52.3876037],[4.8584191,52.3876454],[4.8583518,52.3876901],[4.8582774,52.3876484]]]]},"properties":{"building":"yes","source":"3dShapes"}},{"type":"Feature","geometry":{"type":"MultiPolygon","coordinates":[[[[4.854625,52.385697],[4.8546343,52.385495],[4.854929,52.3855001],[4.8549197,52.3857019],[4.854625,52.385697]]]]},"properties":{"building":"apartments","height":"13","name":"De Voortuinen","ref:bag":"0363100012116511","source":"BAG","source:date":"2026-01-10","start_date":"1970"}},{"type":"Feature","geometry":{"type":"MultiPolygon","coordinates":[[[[4.8593058,52.3859518],[4.8593173,52.3858904],[4.8594161,52.3858973],[4.8594046,52.3859587],[4.8593058,52.3859518]]]]},"properties":{"building":"yes","source":"3dShapes"}},{"type":"Feature","geometry":{"type":"MultiPolygon","coordinates":[[[[4.8479138,52.3874309],[4.8479831,52.3873892],[4.8480514,52.3874316],[4.8479821,52.3874733],[4.8479138,52.3874309]]]]},"properties":{"building":"yes","source":"3dShapes"}},{"type":"Feature","geometry":{"type":"MultiPolygon","coordinates":[[[[4.8570184,52.3864757],[4.8570906,52.3864339],[4.8571601,52.3864788],[4.8570877,52.3865206],[4.8570184,52.3864757]]]]},"properties":{"building":"yes","source":"3dShapes"}},{"type":"Feature","geometry":{"type":"MultiPolygon","coordinates":[[[[4.8635651,52.3865565],[4.8635851,52.386497],[4.8636841,52.3865092],[4.8636641,52.386569],[4.8635651,52.3865565]]]]},"properties":{"building":"yes","source":"3dShapes"}},{"type":"Feature","geometry":{"type":"MultiPolygon","coordinates":[[[[4.8615879,52.3865748],[4.8616078,52.3865153],[4.8617068,52.3865278],[4.8616869,52.3865873],[4.8615879,52.3865748]]]]},"properties":{"building":"yes","source":"3dShapes"}},{"type":"Feature","geometry":{"type":"MultiPolygon","coordinates":[[[[4.8607558,52.3860877],[4.8607758,52.3860282],[4.8608747,52.3860407],[4.8608547,52.3861002],[4.8607558,52.3860877]]]]},"properties":{"building":"yes","source":"3dShapes"}},{"type":"Feature","geometry":{"type":"MultiPolygon","coordinates":[[[[4.8487405,52.3882936],[4.8487994,52.3882589],[4.8489033,52.3883245],[4.8488124,52.3883781],[4.8487455,52.3883358],[4.8487774,52.3883169],[4.8487405,52.3882936]]]]},"properties":{"building":"yes","source":"3dShapes"}},{"type":"Feature","geometry":{"type":"MultiPolygon","coordinates":[[[[4.8624352,52.3876232],[4.8624552,52.3875635],[4.8625542,52.387576],[4.8625342,52.3876355],[4.8624352,52.3876232]]]]},"properties":{"building":"yes","source":"3dShapes"}},{"type":"Feature","geometry":{"type":"MultiPolygon","coordinates":[[[[4.8498123,52.387973],[4.8498845,52.3879312],[4.8499539,52.3879759],[4.8498816,52.388018],[4.8498123,52.387973]]]]},"properties":{"building":"yes","source":"3dShapes"}},{"type":"Feature","geometry":{"type":"MultiPolygon","coordinates":[[[[4.8498396,52.3869623],[4.8499118,52.3869205],[4.8499812,52.3869654],[4.849909,52.3870072],[4.8498396,52.3869623]]]]},"properties":{"building":"yes","source":"3dShapes"}},{"type":"Feature","geometry":{"type":"MultiPolygon","coordinates":[[[[4.8607677,52.3867332],[4.8607877,52.3866737],[4.8608867,52.386686],[4.8608668,52.3867457],[4.8607677,52.3867332]]]]},"properties":{"building":"yes","source":"3dShapes"}},{"type":"Feature","geometry":{"type":"MultiPolygon","coordinates":[[[[4.8545986,52.3866137],[4.8546708,52.3865719],[4.8547402,52.3866169],[4.8546679,52.3866587],[4.8545986,52.3866137]]]]},"properties":{"building":"yes","source":"3dShapes"}},{"type":"Feature","geometry":{"type":"MultiPolygon","coordinates":[[[[4.8630259,52.3880938],[4.863046,52.3880343],[4.8631451,52.3880468],[4.863125,52.3881063],[4.8630259,52.3880938]]]]},"properties":{"building":"yes","source":"3dShapes"}},{"type":"Feature","geometry":{"type":"MultiPolygon","coordinates":[[[[4.8604701,52.387612],[4.8604901,52.3875523],[4.860589,52.3875648],[4.860569,52.3876243],[4.8604701,52.387612]]]]},"properties":{"building":"yes","source":"3dShapes"}},{"type":"Feature","geometry":{"type":"MultiPolygon","coordinates":[[[[4.8627634,52.3872267],[4.8627834,52.3871672],[4.8628824,52.3871798],[4.8628624,52.3872392],[4.8627634,52.3872267]]]]},"properties":{"building":"yes","source":"3dShapes"}},{"type":"Feature","geometry":{"type":"MultiPolygon","coordinates":[[[[4.8600238,52.3870299],[4.8600714,52.3869765],[4.8601601,52.3870061],[4.8601124,52.3870595],[4.8600238,52.3870299]]]]},"properties":{"building":"yes","source":"3dShapes"}},{"type":"Feature","geometry":{"type":"MultiPolygon","coordinates":[[[[4.8540556,52.3872948],[4.8541278,52.387253],[4.8541973,52.3872977],[4.854125,52.3873395],[4.8540556,52.3872948]]]]},"properties":{"building":"yes","ref":"47","source":"3dShapes"}},{"type":"Feature","geometry":{"type":"MultiPolygon","coordinates":[[[[4.8567887,52.3859774],[4.856888,52.3859736],[4.856894,52.3860355],[4.8567947,52.3860389],[4.8567887,52.3859774]]]]},"properties":{"building":"yes","source":"3dShapes"}},{"type":"Feature","geometry":{"type":"MultiPolygon","coordinates":[[[[4.8586805,52.3873978],[4.8587478,52.3873529],[4.8588222,52.3873948],[4.8587549,52.3874394],[4.8586805,52.3873978]]]]},"properties":{"building":"yes","source":"3dShapes"}},{"type":"Feature","geometry":{"type":"MultiPolygon","coordinates":[[[[4.8531263,52.3884725],[4.8531985,52.3884307],[4.853268,52.3884756],[4.8531957,52.3885174],[4.8531263,52.3884725]]]]},"properties":{"building":"yes","source":"3dShapes"}},{"type":"Feature","geometry":{"type":"MultiPolygon","coordinates":[[[[4.8554705,52.3868076],[4.8555428,52.3867658],[4.8556121,52.3868107],[4.8555399,52.3868525],[4.8554705,52.3868076]]]]},"properties":{"building":"yes","source":"3dShapes"}},{"type":"Feature","geometry":{"type":"MultiPolygon","coordinates":[[[[4.8608982,52.3869069],[4.8609182,52.3868474],[4.8610171,52.3868596],[4.8609971,52.3869194],[4.8608982,52.3869069]]]]},"properties":{"building":"yes","source":"3dShapes"}},{"type":"Feature","geometry":{"type":"MultiPolygon","coordinates":[[[[4.8597128,52.3877754],[4.8597605,52.387722],[4.8598492,52.3877516],[4.8598015,52.387805],[4.8597128,52.3877754]]]]},"properties":{"building":"yes","source":"3dShapes"}},{"type":"Feature","geometry":{"type":"MultiPolygon","coordinates":[[[[4.8632387,52.3874407],[4.8632587,52.3873812],[4.8633577,52.3873935],[4.8633377,52.3874532],[4.8632387,52.3874407]]]]},"properties":{"building":"yes","source":"3dShapes"}},{"type":"Feature","geometry":{"type":"MultiPolygon","coordinates":[[[[4.8553529,52.3861188],[4.8554251,52.386077],[4.8554946,52.3861219],[4.8554223,52.3861637],[4.8553529,52.3861188]]]]},"properties":{"building":"yes","ref":"28","source":"3dShapes"}},{"type":"Feature","geometry":{"type":"MultiPolygon","coordinates":[[[[4.8507025,52.3869376],[4.8507747,52.3868958],[4.8508441,52.3869408],[4.8507718,52.3869826],[4.8507025,52.3869376]]]]},"properties":{"building":"yes","source":"3dShapes"}},{"type":"Feature","geometry":{"type":"MultiPolygon","coordinates":[[[[4.8625361,52.3873366],[4.862556,52.3872769],[4.862655,52.3872894],[4.862635,52.3873492],[4.8625361,52.3873366]]]]},"properties":{"building":"yes","source":"3dShapes"}},{"type":"Feature","geometry":{"type":"MultiPolygon","coordinates":[[[[4.8616515,52.3868454],[4.8616715,52.3867856],[4.8617704,52.3867981],[4.8617504,52.3868579],[4.8616515,52.3868454]]]]},"properties":{"building":"yes","source":"3dShapes"}},{"type":"Feature","geometry":{"type":"MultiPolygon","coordinates":[[[[4.8522392,52.3879514],[4.8523427,52.3878894],[4.8524127,52.3879331],[4.8526069,52.3878168],[4.8526565,52.387848],[4.8528708,52.3877196],[4.8529523,52.3877704],[4.8524404,52.3880772],[4.8522392,52.3879514]]]]},"properties":{"building":"yes","height":"5.2","name":"Kantine","ref:bag":"0363100012230952","source":"BAG","source:date":"2014-03-24","source:height":"3DBAG","source:height:date":"2025-09-03","start_date":"1982"}},{"type":"Feature","geometry":{"type":"MultiPolygon","coordinates":[[[[4.8603787,52.3883881],[4.8603987,52.3883283],[4.8604976,52.3883408],[4.8604776,52.3884003],[4.8603787,52.3883881]]]]},"properties":{"building":"yes","source":"3dShapes"}},{"type":"Feature","geometry":{"type":"MultiPolygon","coordinates":[[[[4.8521812,52.3882809],[4.8522534,52.3882391],[4.8523229,52.3882838],[4.8522505,52.3883256],[4.8521812,52.3882809]]]]},"properties":{"building":"yes","source":"3dShapes"}},{"type":"Feature","geometry":{"type":"MultiPolygon","coordinates":[[[[4.8626062,52.3861923],[4.8626262,52.3861326],[4.8627251,52.3861451],[4.8627051,52.3862046],[4.8626062,52.3861923]]]]},"properties":{"building":"yes","source":"3dShapes"}},{"type":"Feature","geometry":{"type":"MultiPolygon","coordinates":[[[[4.857766,52.387327],[4.8578333,52.3872821],[4.8579078,52.387324],[4.8578404,52.3873686],[4.857766,52.387327]]]]},"properties":{"building":"yes","source":"3dShapes"}},{"type":"Feature","geometry":{"type":"MultiPolygon","coordinates":[[[[4.8599646,52.3874509],[4.8600121,52.3873975],[4.8601009,52.3874271],[4.8600533,52.3874805],[4.8599646,52.3874509]]]]},"properties":{"building":"yes","source":"3dShapes"}},{"type":"Feature","geometry":{"type":"MultiPolygon","coordinates":[[[[4.8613752,52.387522],[4.8613952,52.3874622],[4.8614941,52.3874748],[4.8614741,52.3875345],[4.8613752,52.387522]]]]},"properties":{"building":"yes","source":"3dShapes"}},{"type":"Feature","geometry":{"type":"MultiPolygon","coordinates":[[[[4.8602655,52.3867362],[4.8603389,52.3866935],[4.8604072,52.3867379],[4.8603339,52.3867803],[4.8602655,52.3867362]]]]},"properties":{"building":"yes","source":"3dShapes"}},{"type":"Feature","geometry":{"type":"MultiPolygon","coordinates":[[[[4.8481312,52.3867546],[4.8482036,52.3867128],[4.8482729,52.3867575],[4.8482007,52.3867993],[4.8481312,52.3867546]]]]},"properties":{"building":"yes","source":"3dShapes"}},{"type":"Feature","geometry":{"type":"MultiPolygon","coordinates":[[[[4.8484374,52.3881379],[4.8485096,52.3880961],[4.8485791,52.3881411],[4.8485069,52.3881829],[4.8484374,52.3881379]]]]},"properties":{"building":"yes","source":"3dShapes"}},{"type":"Feature","geometry":{"type":"MultiPolygon","coordinates":[[[[4.8616567,52.3883183],[4.8616767,52.3882586],[4.8617756,52.3882711],[4.8617557,52.3883305],[4.8616567,52.3883183]]]]},"properties":{"building":"yes","source":"3dShapes"}},{"type":"Feature","geometry":{"type":"MultiPolygon","coordinates":[[[[4.8550502,52.3884155],[4.8551226,52.3883737],[4.8551919,52.3884187],[4.8551197,52.3884605],[4.8550502,52.3884155]]]]},"properties":{"building":"yes","source":"3dShapes"}},{"type":"Feature","geometry":{"type":"MultiPolygon","coordinates":[[[[4.8532176,52.3867933],[4.8532898,52.3867515],[4.8533592,52.3867964],[4.8532869,52.3868382],[4.8532176,52.3867933]]]]},"properties":{"building":"yes","source":"3dShapes"}},{"type":"Feature","geometry":{"type":"MultiPolygon","coordinates":[[[[4.8527851,52.3865787],[4.8528574,52.3865369],[4.8529268,52.3865819],[4.8528545,52.3866237],[4.8527851,52.3865787]]]]},"properties":{"building":"yes","source":"3dShapes"}},{"type":"Feature","geometry":{"type":"MultiPolygon","coordinates":[[[[4.8519853,52.3868994],[4.8520576,52.3868576],[4.852127,52.3869026],[4.8520548,52.3869444],[4.8519853,52.3868994]]]]},"properties":{"building":"yes","source":"3dShapes"}},{"type":"Feature","geometry":{"type":"MultiPolygon","coordinates":[[[[4.8607725,52.3859522],[4.8607876,52.3858918],[4.8608875,52.3859013],[4.8608724,52.3859613],[4.8607725,52.3859522]]]]},"properties":{"building":"yes","source":"3dShapes"}},{"type":"Feature","geometry":{"type":"MultiPolygon","coordinates":[[[[4.8597868,52.387951],[4.8598344,52.3878975],[4.8599231,52.3879271],[4.8598755,52.3879806],[4.8597868,52.387951]]]]},"properties":{"building":"yes","source":"3dShapes"}},{"type":"Feature","geometry":{"type":"MultiPolygon","coordinates":[[[[4.8571167,52.3862933],[4.8571889,52.3862514],[4.8572583,52.3862964],[4.857186,52.3863382],[4.8571167,52.3862933]]]]},"properties":{"building":"yes","source":"3dShapes"}},{"type":"Feature","geometry":{"type":"MultiPolygon","coordinates":[[[[4.8491027,52.3869529],[4.849175,52.3869111],[4.8492444,52.3869561],[4.8491721,52.3869979],[4.8491027,52.3869529]]]]},"properties":{"building":"yes","source":"3dShapes"}},{"type":"Feature","geometry":{"type":"MultiPolygon","coordinates":[[[[4.8500823,52.3876482],[4.8501546,52.3876064],[4.850224,52.3876513],[4.8501517,52.3876931],[4.8500823,52.3876482]]]]},"properties":{"building":"yes","source":"3dShapes"}},{"type":"Feature","geometry":{"type":"MultiPolygon","coordinates":[[[[4.8529159,52.3863469],[4.8529882,52.3863051],[4.8530576,52.3863498],[4.8529853,52.3863916],[4.8529159,52.3863469]]]]},"properties":{"building":"yes","source":"3dShapes"}},{"type":"Feature","geometry":{"type":"MultiPolygon","coordinates":[[[[4.8618319,52.3863296],[4.8618519,52.3862701],[4.8619507,52.3862823],[4.8619308,52.3863421],[4.8618319,52.3863296]]]]},"properties":{"building":"yes","source":"3dShapes"}},{"type":"Feature","geometry":{"type":"MultiPolygon","coordinates":[[[[4.8468091,52.3875976],[4.8468843,52.3875783],[4.8468714,52.3875652],[4.8469057,52.3875525],[4.8468406,52.3874866],[4.8469093,52.3874612],[4.8469802,52.3875331],[4.8469639,52.387539],[4.846988,52.3875496],[4.8470085,52.3875642],[4.8469531,52.3875827],[4.8469433,52.38757],[4.8468894,52.3875857],[4.8469286,52.3876428],[4.8468535,52.3876621],[4.8468091,52.3875976]]]]},"properties":{"building":"yes","height":"5.6","ref:bag":"0363100012203605","source":"BAG","source:date":"2014-03-24","source:height":"3DBAG","source:height:date":"2025-09-03","start_date":"1988"}},{"type":"Feature","geometry":{"type":"MultiPolygon","coordinates":[[[[4.8608151,52.3871492],[4.860835,52.3870894],[4.860934,52.3871019],[4.860914,52.3871614],[4.8608151,52.3871492]]]]},"properties":{"building":"yes","source":"3dShapes"}},{"type":"Feature","geometry":{"type":"MultiPolygon","coordinates":[[[[4.8583577,52.3861229],[4.8584284,52.3860805],[4.8584815,52.3861135],[4.8584108,52.3861559],[4.8583577,52.3861229]]]]},"properties":{"building":"yes","source":"3dShapes"}},{"type":"Feature","geometry":{"type":"MultiPolygon","coordinates":[[[[4.8559925,52.3864843],[4.8560649,52.3864423],[4.8561342,52.3864872],[4.856062,52.386529],[4.8559925,52.3864843]]]]},"properties":{"building":"yes","ref":"18","source":"3dShapes"}},{"type":"Feature","geometry":{"type":"MultiPolygon","coordinates":[[[[4.8556625,52.3882324],[4.855722,52.3881893],[4.8557897,52.3882252],[4.8557438,52.3882601],[4.8557032,52.3882377],[4.8556873,52.3882485],[4.8556625,52.3882324]]]]},"properties":{"building":"yes","building:levels":"1","source":"3dShapes"}},{"type":"Feature","geometry":{"type":"MultiPolygon","coordinates":[[[[4.8620587,52.3872528],[4.8620787,52.3871931],[4.8621776,52.3872056],[4.8621576,52.3872653],[4.8620587,52.3872528]]]]},"properties":{"building":"yes","source":"3dShapes"}},{"type":"Feature","geometry":{"type":"MultiPolygon","coordinates":[[[[4.8623777,52.3865161],[4.8623977,52.3864567],[4.8624966,52.3864689],[4.8624766,52.3865286],[4.8623777,52.3865161]]]]},"properties":{"building":"yes","source":"3dShapes"}},{"type":"Feature","geometry":{"type":"MultiPolygon","coordinates":[[[[4.858319,52.3874591],[4.8583863,52.3874144],[4.8584608,52.3874561],[4.8583935,52.3875009],[4.858319,52.3874591]]]]},"properties":{"building":"yes","source":"3dShapes"}},{"type":"Feature","geometry":{"type":"MultiPolygon","coordinates":[[[[4.8618399,52.3878343],[4.8618598,52.3877746],[4.8619587,52.3877871],[4.8619387,52.3878468],[4.8618399,52.3878343]]]]},"properties":{"building":"yes","source":"3dShapes"}},{"type":"Feature","geometry":{"type":"MultiPolygon","coordinates":[[[[4.8544719,52.3869362],[4.8545443,52.3868944],[4.8546138,52.3869393],[4.8545414,52.386981],[4.8544719,52.3869362]]]]},"properties":{"building":"yes","source":"3dShapes"}},{"type":"Feature","geometry":{"type":"MultiPolygon","coordinates":[[[[4.8622793,52.3881267],[4.8622992,52.3880672],[4.8623982,52.3880795],[4.8623783,52.3881392],[4.8622793,52.3881267]]]]},"properties":{"building":"yes","source":"3dShapes"}},{"type":"Feature","geometry":{"type":"MultiPolygon","coordinates":[[[[4.8512824,52.3867576],[4.8513547,52.3867158],[4.851424,52.3867608],[4.8513518,52.3868026],[4.8512824,52.3867576]]]]},"properties":{"building":"yes","source":"3dShapes"}},{"type":"Feature","geometry":{"type":"MultiPolygon","coordinates":[[[[4.8622869,52.3867836],[4.8623069,52.3867241],[4.8624058,52.3867364],[4.8623858,52.3867961],[4.8622869,52.3867836]]]]},"properties":{"building":"yes","source":"3dShapes"}},{"type":"Feature","geometry":{"type":"MultiPolygon","coordinates":[[[[4.8618688,52.3874016],[4.8618888,52.3873418],[4.8619878,52.3873544],[4.8619678,52.3874138],[4.8618688,52.3874016]]]]},"properties":{"building":"yes","source":"3dShapes"}},{"type":"Feature","geometry":{"type":"MultiPolygon","coordinates":[[[[4.8556829,52.3880149],[4.8557552,52.3879731],[4.8558246,52.3880181],[4.8557523,52.3880599],[4.8556829,52.3880149]]]]},"properties":{"building":"yes","source":"3dShapes"}},{"type":"Feature","geometry":{"type":"MultiPolygon","coordinates":[[[[4.8558997,52.3869751],[4.8559721,52.386933],[4.8560414,52.3869779],[4.8559692,52.3870197],[4.8558997,52.3869751]]]]},"properties":{"building":"yes","source":"3dShapes"}},{"type":"Feature","geometry":{"type":"MultiPolygon","coordinates":[[[[4.8630604,52.3865017],[4.8630804,52.3864423],[4.8631793,52.3864545],[4.8631593,52.3865143],[4.8630604,52.3865017]]]]},"properties":{"building":"yes","source":"3dShapes"}},{"type":"Feature","geometry":{"type":"MultiPolygon","coordinates":[[[[4.848576,52.387249],[4.8486484,52.3872072],[4.8487177,52.3872521],[4.8486455,52.3872939],[4.848576,52.387249]]]]},"properties":{"building":"yes","source":"3dShapes"}},{"type":"Feature","geometry":{"type":"MultiPolygon","coordinates":[[[[4.859483,52.3867817],[4.8595503,52.3867367],[4.8596248,52.3867786],[4.8595575,52.3868233],[4.859483,52.3867817]]]]},"properties":{"building":"yes","source":"3dShapes"}},{"type":"Feature","geometry":{"type":"MultiPolygon","coordinates":[[[[4.8479171,52.3868104],[4.8479893,52.3867686],[4.8480588,52.3868136],[4.8479864,52.3868554],[4.8479171,52.3868104]]]]},"properties":{"building":"yes","source":"3dShapes"}},{"type":"Feature","geometry":{"type":"MultiPolygon","coordinates":[[[[4.8504801,52.3879829],[4.8505524,52.3879412],[4.8506219,52.3879861],[4.8505495,52.3880278],[4.8504801,52.3879829]]]]},"properties":{"building":"yes","source":"3dShapes"}},{"type":"Feature","geometry":{"type":"MultiPolygon","coordinates":[[[[4.8602438,52.3862604],[4.8602683,52.3862057],[4.8602958,52.3862103],[4.8602892,52.3862249],[4.8603522,52.3862355],[4.8603343,52.3862755],[4.8602438,52.3862604]]]]},"properties":{"addr:housenumber":"256","addr:street":"Tritomalaan","building":"yes","building:levels":"1","source":"3dShapes"}},{"type":"Feature","geometry":{"type":"MultiPolygon","coordinates":[[[[4.8623984,52.3882802],[4.8624183,52.3882205],[4.8625172,52.388233],[4.8624973,52.3882925],[4.8623984,52.3882802]]]]},"properties":{"building":"yes","source":"3dShapes"}},{"type":"Feature","geometry":{"type":"MultiPolygon","coordinates":[[[[4.8634924,52.3868251],[4.8635124,52.3867653],[4.8636113,52.3867778],[4.8635913,52.3868373],[4.8634924,52.3868251]]]]},"properties":{"building":"yes","source":"3dShapes"}},{"type":"Feature","geometry":{"type":"MultiPolygon","coordinates":[[[[4.8516739,52.3870897],[4.8517463,52.3870479],[4.8518156,52.3870928],[4.8517434,52.3871346],[4.8516739,52.3870897]]]]},"properties":{"building":"yes","source":"3dShapes"}},{"type":"Feature","geometry":{"type":"MultiPolygon","coordinates":[[[[4.8612511,52.3878565],[4.861271,52.3877967],[4.86137,52.3878092],[4.86135,52.387869],[4.8612511,52.3878565]]]]},"properties":{"building":"yes","source":"3dShapes"}},{"type":"Feature","geometry":{"type":"MultiPolygon","coordinates":[[[[4.8578976,52.3862523],[4.85797,52.3862105],[4.8580394,52.3862554],[4.8579671,52.3862971],[4.8578976,52.3862523]]]]},"properties":{"building":"yes","source":"3dShapes"}},{"type":"Feature","geometry":{"type":"MultiPolygon","coordinates":[[[[4.8530323,52.3879517],[4.8531046,52.3879097],[4.853174,52.3879546],[4.8531018,52.3879964],[4.8530323,52.3879517]]]]},"properties":{"building":"yes","source":"3dShapes"}},{"type":"Feature","geometry":{"type":"MultiPolygon","coordinates":[[[[4.8547491,52.387467],[4.8548213,52.3874252],[4.8548908,52.3874702],[4.8548186,52.387512],[4.8547491,52.387467]]]]},"properties":{"building":"yes","source":"3dShapes"}},{"type":"Feature","geometry":{"type":"MultiPolygon","coordinates":[[[[4.8595481,52.387543],[4.8596002,52.3874913],[4.8596863,52.3875237],[4.8596342,52.3875754],[4.8595481,52.387543]]]]},"properties":{"building":"yes","source":"3dShapes"}},{"type":"Feature","geometry":{"type":"MultiPolygon","coordinates":[[[[4.8567654,52.3861568],[4.8568376,52.386115],[4.8569071,52.38616],[4.8568348,52.3862018],[4.8567654,52.3861568]]]]},"properties":{"building":"yes","source":"3dShapes"}},{"type":"Feature","geometry":{"type":"MultiPolygon","coordinates":[[[[4.8629083,52.3883512],[4.8629283,52.3882915],[4.8630273,52.388304],[4.8630073,52.3883638],[4.8629083,52.3883512]]]]},"properties":{"building":"yes","source":"3dShapes"}},{"type":"Feature","geometry":{"type":"MultiPolygon","coordinates":[[[[4.8589778,52.3862723],[4.8590062,52.386214],[4.859103,52.3862315],[4.8590746,52.3862898],[4.8589778,52.3862723]]]]},"properties":{"building":"yes","source":"3dShapes"}},{"type":"Feature","geometry":{"type":"MultiPolygon","coordinates":[[[[4.8645996,52.388589],[4.8646196,52.3885296],[4.8647185,52.3885421],[4.8646985,52.3886016],[4.8645996,52.388589]]]]},"properties":{"building":"yes","source":"3dShapes"}},{"type":"Feature","geometry":{"type":"MultiPolygon","coordinates":[[[[4.8487523,52.3868768],[4.8488246,52.386835],[4.848894,52.3868799],[4.8488217,52.3869217],[4.8487523,52.3868768]]]]},"properties":{"building":"yes","source":"3dShapes"}},{"type":"Feature","geometry":{"type":"MultiPolygon","coordinates":[[[[4.8538915,52.3879787],[4.8539638,52.3879369],[4.8540332,52.3879819],[4.853961,52.3880237],[4.8538915,52.3879787]]]]},"properties":{"building":"yes","source":"3dShapes"}},{"type":"Feature","geometry":{"type":"MultiPolygon","coordinates":[[[[4.8652098,52.3874106],[4.8652147,52.3873403],[4.8654626,52.3873463],[4.8654581,52.387417],[4.8652098,52.3874106]]]]},"properties":{"building":"house","height":"5.5","ref:bag":"0363100012084789","source":"BAG","source:date":"2014-03-24","source:height":"3DBAG","source:height:date":"2025-09-03","start_date":"1997"}},{"type":"Feature","geometry":{"type":"MultiPolygon","coordinates":[[[[4.8558304,52.3885256],[4.855831,52.3884807],[4.8559396,52.3884814],[4.855941,52.3884148],[4.8561037,52.3884151],[4.8561045,52.3884426],[4.8562637,52.3884432],[4.8562628,52.3884816],[4.8563717,52.3884821],[4.8563714,52.3885267],[4.8558304,52.3885256]]]]},"properties":{"building":"yes","height":"3.5","ref:bag":"0363100012110356","source":"BAG","source:date":"2014-03-24","source:height":"3DBAG","source:height:date":"2025-09-03","start_date":"1963"}},{"type":"Feature","geometry":{"type":"MultiPolygon","coordinates":[[[[4.8580567,52.3872834],[4.858124,52.3872385],[4.8581983,52.3872804],[4.858131,52.387325],[4.8580567,52.3872834]]]]},"properties":{"building":"yes","source":"3dShapes"}},{"type":"Feature","geometry":{"type":"MultiPolygon","coordinates":[[[[4.8495131,52.3867772],[4.8495854,52.3867354],[4.8496548,52.3867804],[4.8495825,52.3868222],[4.8495131,52.3867772]]]]},"properties":{"building":"yes","source":"3dShapes"}},{"type":"Feature","geometry":{"type":"MultiPolygon","coordinates":[[[[4.8612887,52.3877684],[4.8613085,52.3877087],[4.8614076,52.3877212],[4.8613876,52.3877807],[4.8612887,52.3877684]]]]},"properties":{"building":"yes","source":"3dShapes"}},{"type":"Feature","geometry":{"type":"MultiPolygon","coordinates":[[[[4.8592553,52.3864324],[4.8593277,52.3863906],[4.859397,52.3864356],[4.8593248,52.3864774],[4.8592553,52.3864324]]]]},"properties":{"building":"yes","source":"3dShapes"}},{"type":"Feature","geometry":{"type":"MultiPolygon","coordinates":[[[[4.849305,52.3871455],[4.8493772,52.3871037],[4.8494466,52.3871487],[4.8493743,52.3871905],[4.849305,52.3871455]]]]},"properties":{"building":"yes","source":"3dShapes"}},{"type":"Feature","geometry":{"type":"MultiPolygon","coordinates":[[[[4.8535247,52.3884276],[4.8535969,52.3883858],[4.8536662,52.3884307],[4.853594,52.3884725],[4.8535247,52.3884276]]]]},"properties":{"building":"yes","source":"3dShapes"}},{"type":"Feature","geometry":{"type":"MultiPolygon","coordinates":[[[[4.8587864,52.3877446],[4.8588385,52.3876926],[4.8589246,52.387725],[4.8588724,52.387777],[4.8587864,52.3877446]]]]},"properties":{"building":"yes","source":"3dShapes"}},{"type":"Feature","geometry":{"type":"MultiPolygon","coordinates":[[[[4.8597248,52.3873479],[4.8597769,52.3872959],[4.8598629,52.3873283],[4.8598108,52.38738],[4.8597248,52.3873479]]]]},"properties":{"building":"yes","source":"3dShapes"}},{"type":"Feature","geometry":{"type":"MultiPolygon","coordinates":[[[[4.8626442,52.387119],[4.8626642,52.3870595],[4.8627632,52.387072],[4.8627433,52.3871315],[4.8626442,52.387119]]]]},"properties":{"building":"yes","source":"3dShapes"}},{"type":"Feature","geometry":{"type":"MultiPolygon","coordinates":[[[[4.8595155,52.3864142],[4.8595877,52.3863724],[4.8596572,52.3864173],[4.8595848,52.3864592],[4.8595155,52.3864142]]]]},"properties":{"building":"yes","source":"3dShapes"}},{"type":"Feature","geometry":{"type":"MultiPolygon","coordinates":[[[[4.8573294,52.3870752],[4.8574016,52.3870334],[4.8574711,52.3870784],[4.8573988,52.3871202],[4.8573294,52.3870752]]]]},"properties":{"building":"yes","source":"3dShapes"}},{"type":"Feature","geometry":{"type":"MultiPolygon","coordinates":[[[[4.8597993,52.386589],[4.8598667,52.3865443],[4.859941,52.3865862],[4.8598737,52.3866308],[4.8597993,52.386589]]]]},"properties":{"building":"yes","source":"3dShapes"}},{"type":"Feature","geometry":{"type":"MultiPolygon","coordinates":[[[[4.8611798,52.386226],[4.8611998,52.3861662],[4.8612987,52.3861788],[4.8612787,52.3862382],[4.8611798,52.386226]]]]},"properties":{"building":"yes","source":"3dShapes"}},{"type":"Feature","geometry":{"type":"MultiPolygon","coordinates":[[[[4.8515319,52.387795],[4.8516041,52.3877532],[4.8516735,52.3877981],[4.8516013,52.38784],[4.8515319,52.387795]]]]},"properties":{"building":"yes","source":"3dShapes"}},{"type":"Feature","geometry":{"type":"MultiPolygon","coordinates":[[[[4.849488,52.3883823],[4.8495602,52.3883402],[4.8496296,52.3883851],[4.8495573,52.3884269],[4.849488,52.3883823]]]]},"properties":{"building":"bungalow","source":"3dShapes"}},{"type":"Feature","geometry":{"type":"MultiPolygon","coordinates":[[[[4.8615365,52.3871158],[4.8615565,52.3870561],[4.8616554,52.3870686],[4.8616354,52.3871281],[4.8615365,52.3871158]]]]},"properties":{"building":"yes","source":"3dShapes"}},{"type":"Feature","geometry":{"type":"MultiPolygon","coordinates":[[[[4.8613269,52.38721],[4.8613469,52.3871505],[4.8614458,52.3871628],[4.8614258,52.3872225],[4.8613269,52.38721]]]]},"properties":{"building":"yes","source":"3dShapes"}},{"type":"Feature","geometry":{"type":"MultiPolygon","coordinates":[[[[4.8517136,52.3865066],[4.8517858,52.3864647],[4.8518553,52.3865097],[4.851783,52.3865515],[4.8517136,52.3865066]]]]},"properties":{"building":"yes","source":"3dShapes"}},{"type":"Feature","geometry":{"type":"MultiPolygon","coordinates":[[[[4.851473,52.3884594],[4.8515453,52.3884176],[4.8516147,52.3884626],[4.8515424,52.3885044],[4.851473,52.3884594]]]]},"properties":{"building":"yes","source":"3dShapes"}},{"type":"Feature","geometry":{"type":"MultiPolygon","coordinates":[[[[4.8582083,52.387947],[4.8582805,52.3879052],[4.8583499,52.3879502],[4.8582776,52.387992],[4.8582083,52.387947]]]]},"properties":{"building":"yes","source":"3dShapes"}},{"type":"Feature","geometry":{"type":"MultiPolygon","coordinates":[[[[4.8519663,52.3877808],[4.852029,52.3877429],[4.8522491,52.3878795],[4.8521864,52.3879174],[4.8519663,52.3877808]]]]},"properties":{"building":"yes","height":"3.6","ref:bag":"0363100012230951","source":"BAG","source:date":"2014-03-24","source:height":"3DBAG","source:height:date":"2025-09-03","start_date":"1982"}},{"type":"Feature","geometry":{"type":"MultiPolygon","coordinates":[[[[4.8511023,52.3875374],[4.8511745,52.3874956],[4.851244,52.3875405],[4.8511718,52.3875823],[4.8511023,52.3875374]]]]},"properties":{"building":"yes","source":"3dShapes"}},{"type":"Feature","geometry":{"type":"MultiPolygon","coordinates":[[[[4.8479265,52.3883539],[4.8479989,52.3883121],[4.8480682,52.3883571],[4.847996,52.3883989],[4.8479265,52.3883539]]]]},"properties":{"building":"yes","source":"3dShapes"}},{"type":"Feature","geometry":{"type":"MultiPolygon","coordinates":[[[[4.8477592,52.3855977],[4.8477711,52.3854161],[4.8477744,52.3854161],[4.8477757,52.385397],[4.8477762,52.3853943],[4.8477779,52.3853891],[4.8477805,52.3853839],[4.8477821,52.3853814],[4.8477881,52.3853743],[4.8477959,52.3853678],[4.847802,52.3853639],[4.8478086,52.3853604],[4.8478197,52.385356],[4.8478317,52.3853527],[4.8478444,52.3853506],[4.8478574,52.3853497],[4.8487251,52.3853717],[4.8487173,52.3854861],[4.8489429,52.3854919],[4.8489507,52.3853776],[4.8496625,52.3853956],[4.8496595,52.3854438],[4.8497921,52.3854472],[4.8497878,52.3855121],[4.8498133,52.3855128],[4.8498115,52.3855451],[4.8498644,52.3855465],[4.8498592,52.3856191],[4.8498064,52.3856177],[4.8498043,52.3856502],[4.8497782,52.3856494],[4.8497761,52.385682],[4.8496438,52.3856786],[4.8496411,52.3857106],[4.8494438,52.3857056],[4.8494457,52.3856737],[4.8491418,52.3856661],[4.8491394,52.3856978],[4.8489415,52.3856928],[4.8489438,52.3856609],[4.8488452,52.3856584],[4.8488441,52.3856612],[4.8488421,52.3856638],[4.8488394,52.3856662],[4.8488361,52.3856682],[4.8488301,52.3856706],[4.8488278,52.3856711],[4.848823,52.3856719],[4.848818,52.3856721],[4.8488131,52.3856718],[4.8488084,52.3856709],[4.848804,52.3856695],[4.8488001,52.3856676],[4.8487968,52.3856654],[4.8487943,52.3856628],[4.8487926,52.3856599],[4.8487917,52.3856569],[4.8486926,52.3856546],[4.8486901,52.3856863],[4.8484925,52.3856815],[4.8484946,52.3856492],[4.8481907,52.3856415],[4.8481885,52.3856734],[4.8479909,52.3856685],[4.847993,52.3856365],[4.8478737,52.3856333],[4.8478757,52.3856008],[4.8477592,52.3855977]]]]},"properties":{"building":"commercial","ref:bag":"0363100012151539","source":"BAG","source:date":"2014-03-24","start_date":"2003"}},{"type":"Feature","geometry":{"type":"MultiPolygon","coordinates":[[[[4.8621394,52.3866514],[4.8621594,52.386592],[4.8622583,52.3866042],[4.8622383,52.3866639],[4.8621394,52.3866514]]]]},"properties":{"building":"yes","source":"3dShapes"}},{"type":"Feature","geometry":{"type":"MultiPolygon","coordinates":[[[[4.8544121,52.3880633],[4.8544844,52.3880215],[4.8545537,52.3880665],[4.8544815,52.3881083],[4.8544121,52.3880633]]]]},"properties":{"building":"yes","source":"3dShapes"}},{"type":"Feature","geometry":{"type":"MultiPolygon","coordinates":[[[[4.8493699,52.3868665],[4.8494421,52.3868247],[4.8495116,52.3868694],[4.8494394,52.3869112],[4.8493699,52.3868665]]]]},"properties":{"building":"yes","source":"3dShapes"}},{"type":"Feature","geometry":{"type":"MultiPolygon","coordinates":[[[[4.8586221,52.3859474],[4.8586956,52.3859049],[4.8587641,52.3859491],[4.8586905,52.3859915],[4.8586221,52.3859474]]]]},"properties":{"building":"yes","source":"3dShapes"}},{"type":"Feature","geometry":{"type":"MultiPolygon","coordinates":[[[[4.8617483,52.3880701],[4.8617683,52.3880104],[4.8618672,52.3880229],[4.8618472,52.3880824],[4.8617483,52.3880701]]]]},"properties":{"building":"yes","source":"3dShapes"}},{"type":"Feature","geometry":{"type":"MultiPolygon","coordinates":[[[[4.8469137,52.386677],[4.8469639,52.3866629],[4.8470485,52.386639],[4.8471563,52.3867824],[4.847104,52.3868113],[4.8471166,52.3868259],[4.8470243,52.3868592],[4.8469779,52.3868101],[4.8470073,52.3868015],[4.8469137,52.386677]]]]},"properties":{"building":"house","height":"10.8","ref:bag":"0363100012161289","source":"BAG","source:date":"2014-03-24","source:height":"3DBAG","source:height:date":"2025-09-03","start_date":"1850"}},{"type":"Feature","geometry":{"type":"MultiPolygon","coordinates":[[[[4.8592675,52.3860809],[4.8592877,52.3860437],[4.8593729,52.3860608],[4.8593527,52.3860981],[4.8592675,52.3860809]]]]},"properties":{"building":"yes","building:levels":"1","source":"3dShapes"}},{"type":"Feature","geometry":{"type":"MultiPolygon","coordinates":[[[[4.8483931,52.3879464],[4.8484589,52.3879109],[4.848515,52.3879496],[4.8484492,52.3879851],[4.8483931,52.3879464]]]]},"properties":{"building":"yes","source":"3dShapes"}},{"type":"Feature","geometry":{"type":"MultiPolygon","coordinates":[[[[4.8585554,52.3864988],[4.8586276,52.386457],[4.8586971,52.386502],[4.8586247,52.3865438],[4.8585554,52.3864988]]]]},"properties":{"building":"yes","source":"3dShapes"}},{"type":"Feature","geometry":{"type":"MultiPolygon","coordinates":[[[[4.8577585,52.3882657],[4.8578037,52.3882103],[4.8578927,52.3882377],[4.8578475,52.3882928],[4.8577585,52.3882657]]]]},"properties":{"building":"yes","source":"3dShapes"}},{"type":"Feature","geometry":{"type":"MultiPolygon","coordinates":[[[[4.8633803,52.3870764],[4.8634003,52.387017],[4.8634993,52.3870292],[4.8634793,52.3870889],[4.8633803,52.3870764]]]]},"properties":{"building":"yes","source":"3dShapes"}},{"type":"Feature","geometry":{"type":"MultiPolygon","coordinates":[[[[4.8492077,52.3876026],[4.8492801,52.3875608],[4.8493494,52.3876058],[4.8492772,52.3876476],[4.8492077,52.3876026]]]]},"properties":{"building":"yes","source":"3dShapes"}},{"type":"Feature","geometry":{"type":"MultiPolygon","coordinates":[[[[4.8638687,52.3879236],[4.8638729,52.3878184],[4.863917,52.3878191],[4.8640059,52.3878205],[4.8640045,52.3878537],[4.8639671,52.3878531],[4.8639642,52.387925],[4.8639226,52.3879244],[4.8638775,52.3879237],[4.8638687,52.3879236]]]]},"properties":{"building":"yes","height":"3.3","ref:bag":"0363100012137367","source":"BAG","source:date":"2014-03-24","source:height":"3DBAG","source:height:date":"2025-09-03","start_date":"1963"}},{"type":"Feature","geometry":{"type":"MultiPolygon","coordinates":[[[[4.856072,52.3868722],[4.8561442,52.3868304],[4.8562137,52.3868751],[4.8561414,52.3869169],[4.856072,52.3868722]]]]},"properties":{"building":"yes","source":"3dShapes"}},{"type":"Feature","geometry":{"type":"MultiPolygon","coordinates":[[[[4.8534768,52.3882381],[4.853549,52.3881963],[4.8536185,52.3882413],[4.8535461,52.3882831],[4.8534768,52.3882381]]]]},"properties":{"building":"yes","source":"3dShapes"}},{"type":"Feature","geometry":{"type":"MultiPolygon","coordinates":[[[[4.8465645,52.3870489],[4.8466229,52.3870338],[4.8465918,52.3869887],[4.8466692,52.3869687],[4.8466727,52.3869737],[4.8469714,52.3868964],[4.8470557,52.3870184],[4.8468273,52.3870775],[4.84678,52.3870091],[4.8467097,52.3870273],[4.8467621,52.3871031],[4.8466263,52.3871383],[4.8465645,52.3870489]]]]},"properties":{"building":"industrial","height":"6.5","ref:bag":"0363100012156765","source":"BAG","source:date":"2014-03-24","source:height":"3DBAG","source:height:date":"2025-09-03","start_date":"1850"}},{"type":"Feature","geometry":{"type":"MultiPolygon","coordinates":[[[[4.8578345,52.3868045],[4.8579067,52.3867627],[4.8579762,52.3868077],[4.8579038,52.3868495],[4.8578345,52.3868045]]]]},"properties":{"building":"yes","source":"3dShapes"}},{"type":"Feature","geometry":{"type":"MultiPolygon","coordinates":[[[[4.8530741,52.386859],[4.8531463,52.3868172],[4.8532158,52.3868619],[4.8531436,52.3869037],[4.8530741,52.386859]]]]},"properties":{"building":"yes","source":"3dShapes"}},{"type":"Feature","geometry":{"type":"MultiPolygon","coordinates":[[[[4.8601791,52.3884046],[4.8601991,52.3883449],[4.860298,52.3883574],[4.8602781,52.3884169],[4.8601791,52.3884046]]]]},"properties":{"building":"yes","source":"3dShapes"}},{"type":"Feature","geometry":{"type":"MultiPolygon","coordinates":[[[[4.8574045,52.3861034],[4.8574767,52.3860616],[4.8575462,52.3861063],[4.8574739,52.3861481],[4.8574045,52.3861034]]]]},"properties":{"building":"yes","source":"3dShapes"}},{"type":"Feature","geometry":{"type":"MultiPolygon","coordinates":[[[[4.8551604,52.387409],[4.8552328,52.3873672],[4.8553021,52.3874122],[4.8552299,52.387454],[4.8551604,52.387409]]]]},"properties":{"building":"yes","source":"3dShapes"}},{"type":"Feature","geometry":{"type":"MultiPolygon","coordinates":[[[[4.848059,52.3877404],[4.8481188,52.3877044],[4.8482057,52.3877582],[4.8481458,52.3877942],[4.848059,52.3877404]]]]},"properties":{"building":"yes","source":"3dShapes"}},{"type":"Feature","geometry":{"type":"MultiPolygon","coordinates":[[[[4.8564381,52.3868794],[4.8565104,52.3868377],[4.8565799,52.3868825],[4.8565076,52.3869243],[4.8564381,52.3868794]]]]},"properties":{"building":"yes","source":"3dShapes"}},{"type":"Feature","geometry":{"type":"MultiPolygon","coordinates":[[[[4.8645883,52.3882191],[4.864664,52.3881789],[4.8647344,52.3882283],[4.8646586,52.3882685],[4.8645883,52.3882191]]]]},"properties":{"building":"yes","source":"3dShapes"}},{"type":"Feature","geometry":{"type":"MultiPolygon","coordinates":[[[[4.8635622,52.3863874],[4.8635821,52.3863276],[4.8636811,52.3863401],[4.8636611,52.3863996],[4.8635622,52.3863874]]]]},"properties":{"building":"yes","source":"3dShapes"}},{"type":"Feature","geometry":{"type":"MultiPolygon","coordinates":[[[[4.8501763,52.3866235],[4.8502485,52.3865817],[4.850318,52.3866264],[4.8502456,52.3866682],[4.8501763,52.3866235]]]]},"properties":{"building":"yes","source":"3dShapes"}},{"type":"Feature","geometry":{"type":"MultiPolygon","coordinates":[[[[4.8570823,52.3884061],[4.8571424,52.3883567],[4.8572223,52.388393],[4.8571622,52.3884424],[4.8570823,52.3884061]]]]},"properties":{"building":"yes","source":"3dShapes"}},{"type":"Feature","geometry":{"type":"MultiPolygon","coordinates":[[[[4.8590631,52.3875712],[4.8591305,52.3875263],[4.8592048,52.3875682],[4.8591376,52.3876131],[4.8590631,52.3875712]]]]},"properties":{"building":"yes","source":"3dShapes"}},{"type":"Feature","geometry":{"type":"MultiPolygon","coordinates":[[[[4.8500575,52.3874602],[4.8501298,52.3874184],[4.8501992,52.3874633],[4.8501269,52.3875051],[4.8500575,52.3874602]]]]},"properties":{"building":"yes","source":"3dShapes"}},{"type":"Feature","geometry":{"type":"MultiPolygon","coordinates":[[[[4.8555632,52.3871805],[4.8556354,52.3871387],[4.8557049,52.3871837],[4.8556327,52.3872255],[4.8555632,52.3871805]]]]},"properties":{"building":"yes","source":"3dShapes"}},{"type":"Feature","geometry":{"type":"MultiPolygon","coordinates":[[[[4.8480678,52.3869284],[4.84814,52.3868866],[4.8482094,52.3869316],[4.8481371,52.3869734],[4.8480678,52.3869284]]]]},"properties":{"building":"yes","source":"3dShapes"}},{"type":"Feature","geometry":{"type":"MultiPolygon","coordinates":[[[[4.8575338,52.3866286],[4.857606,52.3865865],[4.8576753,52.3866315],[4.8576031,52.3866733],[4.8575338,52.3866286]]]]},"properties":{"building":"yes","source":"3dShapes"}},{"type":"Feature","geometry":{"type":"MultiPolygon","coordinates":[[[[4.8530545,52.3864204],[4.8531267,52.3863786],[4.8531962,52.3864235],[4.8531238,52.3864654],[4.8530545,52.3864204]]]]},"properties":{"building":"yes","source":"3dShapes"}},{"type":"Feature","geometry":{"type":"MultiPolygon","coordinates":[[[[4.8515433,52.3873188],[4.8516155,52.387277],[4.851685,52.3873219],[4.8516127,52.3873638],[4.8515433,52.3873188]]]]},"properties":{"building":"yes","source":"3dShapes"}},{"type":"Feature","geometry":{"type":"MultiPolygon","coordinates":[[[[4.8592918,52.3878093],[4.8593394,52.3877559],[4.8594281,52.3877855],[4.8593805,52.3878389],[4.8592918,52.3878093]]]]},"properties":{"building":"yes","source":"3dShapes"}},{"type":"Feature","geometry":{"type":"MultiPolygon","coordinates":[[[[4.8609053,52.3883473],[4.8609253,52.3882876],[4.8610242,52.3883001],[4.8610043,52.3883598],[4.8609053,52.3883473]]]]},"properties":{"building":"yes","source":"3dShapes"}},{"type":"Feature","geometry":{"type":"MultiPolygon","coordinates":[[[[4.8525364,52.3867308],[4.8526087,52.386689],[4.852678,52.386734],[4.8526058,52.3867758],[4.8525364,52.3867308]]]]},"properties":{"building":"yes","source":"3dShapes"}},{"type":"Feature","geometry":{"type":"MultiPolygon","coordinates":[[[[4.8584085,52.387076],[4.8584758,52.3870313],[4.8585501,52.387073],[4.8584829,52.3871179],[4.8584085,52.387076]]]]},"properties":{"building":"yes","source":"3dShapes"}},{"type":"Feature","geometry":{"type":"MultiPolygon","coordinates":[[[[4.8598247,52.3871667],[4.8598767,52.387115],[4.8599628,52.3871474],[4.8599107,52.3871991],[4.8598247,52.3871667]]]]},"properties":{"building":"yes","source":"3dShapes"}},{"type":"Feature","geometry":{"type":"MultiPolygon","coordinates":[[[[4.8509187,52.3883315],[4.8509909,52.3882894],[4.8510602,52.3883343],[4.850988,52.3883762],[4.8509187,52.3883315]]]]},"properties":{"building":"yes","source":"3dShapes"}},{"type":"Feature","geometry":{"type":"MultiPolygon","coordinates":[[[[4.8538158,52.38637],[4.853888,52.3863282],[4.8539575,52.3863731],[4.8538851,52.3864149],[4.8538158,52.38637]]]]},"properties":{"building":"yes","source":"3dShapes"}},{"type":"Feature","geometry":{"type":"MultiPolygon","coordinates":[[[[4.8616312,52.3864386],[4.8616512,52.3863792],[4.8617501,52.3863914],[4.8617301,52.3864512],[4.8616312,52.3864386]]]]},"properties":{"building":"yes","source":"3dShapes"}},{"type":"Feature","geometry":{"type":"MultiPolygon","coordinates":[[[[4.8562372,52.3865021],[4.8563094,52.3864603],[4.8563789,52.3865052],[4.8563065,52.386547],[4.8562372,52.3865021]]]]},"properties":{"building":"yes","source":"3dShapes"}},{"type":"Feature","geometry":{"type":"MultiPolygon","coordinates":[[[[4.8604675,52.3859779],[4.8604792,52.3859174],[4.8605796,52.3859249],[4.8605677,52.3859852],[4.8604675,52.3859779]]]]},"properties":{"building":"yes","source":"3dShapes"}},{"type":"Feature","geometry":{"type":"MultiPolygon","coordinates":[[[[4.8512363,52.3881333],[4.8513087,52.3880915],[4.851378,52.3881364],[4.8513058,52.3881783],[4.8512363,52.3881333]]]]},"properties":{"building":"yes","source":"3dShapes"}},{"type":"Feature","geometry":{"type":"MultiPolygon","coordinates":[[[[4.858124,52.3871105],[4.8581913,52.3870655],[4.8582657,52.3871074],[4.8581983,52.3871521],[4.858124,52.3871105]]]]},"properties":{"building":"yes","source":"3dShapes"}},{"type":"Feature","geometry":{"type":"MultiPolygon","coordinates":[[[[4.8522149,52.3869359],[4.8522871,52.3868941],[4.8523566,52.3869388],[4.8522843,52.3869809],[4.8522149,52.3869359]]]]},"properties":{"building":"yes","source":"3dShapes"}},{"type":"Feature","geometry":{"type":"MultiPolygon","coordinates":[[[[4.8543003,52.3877168],[4.8543726,52.387675],[4.854442,52.3877197],[4.8543698,52.3877615],[4.8543003,52.3877168]]]]},"properties":{"building":"yes","source":"3dShapes"}},{"type":"Feature","geometry":{"type":"MultiPolygon","coordinates":[[[[4.8531538,52.3878656],[4.853226,52.3878238],[4.8532955,52.3878687],[4.8532231,52.3879105],[4.8531538,52.3878656]]]]},"properties":{"building":"yes","source":"3dShapes"}},{"type":"Feature","geometry":{"type":"MultiPolygon","coordinates":[[[[4.8576543,52.387047],[4.8577265,52.3870052],[4.8577959,52.3870499],[4.8577237,52.3870917],[4.8576543,52.387047]]]]},"properties":{"building":"yes","source":"3dShapes"}},{"type":"Feature","geometry":{"type":"MultiPolygon","coordinates":[[[[4.861953,52.3871552],[4.8619729,52.3870958],[4.8620719,52.387108],[4.862052,52.3871677],[4.861953,52.3871552]]]]},"properties":{"building":"yes","source":"3dShapes"}},{"type":"Feature","geometry":{"type":"MultiPolygon","coordinates":[[[[4.8587487,52.3868609],[4.8588211,52.3868191],[4.8588906,52.3868641],[4.8588183,52.3869058],[4.8587487,52.3868609]]]]},"properties":{"building":"yes","source":"3dShapes"}},{"type":"Feature","geometry":{"type":"MultiPolygon","coordinates":[[[[4.8600494,52.386239],[4.860075,52.3861894],[4.8601619,52.3862061],[4.8601364,52.3862557],[4.8600494,52.386239]]]]},"properties":{"building":"yes","building:levels":"1","source":"3dShapes"}},{"type":"Feature","geometry":{"type":"MultiPolygon","coordinates":[[[[4.8495213,52.387792],[4.8495935,52.3877502],[4.8496629,52.3877951],[4.8495906,52.3878369],[4.8495213,52.387792]]]]},"properties":{"building":"yes","source":"3dShapes"}},{"type":"Feature","geometry":{"type":"MultiPolygon","coordinates":[[[[4.8515422,52.3879427],[4.8516145,52.3879009],[4.8516839,52.3879459],[4.8516117,52.3879877],[4.8515422,52.3879427]]]]},"properties":{"building":"yes","source":"3dShapes"}},{"type":"Feature","geometry":{"type":"MultiPolygon","coordinates":[[[[4.854915,52.3877475],[4.8549872,52.3877057],[4.8550567,52.3877507],[4.8549845,52.3877925],[4.854915,52.3877475]]]]},"properties":{"building":"yes","source":"3dShapes"}},{"type":"Feature","geometry":{"type":"MultiPolygon","coordinates":[[[[4.8590505,52.3880602],[4.859098,52.3880068],[4.8591867,52.3880364],[4.8591392,52.3880898],[4.8590505,52.3880602]]]]},"properties":{"building":"yes","source":"3dShapes"}},{"type":"Feature","geometry":{"type":"MultiPolygon","coordinates":[[[[4.8570369,52.3871969],[4.8571091,52.3871551],[4.8571786,52.3871998],[4.8571063,52.3872416],[4.8570369,52.3871969]]]]},"properties":{"building":"yes","source":"3dShapes"}},{"type":"Feature","geometry":{"type":"MultiPolygon","coordinates":[[[[4.854805,52.3876687],[4.8548773,52.3876269],[4.8549467,52.3876719],[4.8548745,52.3877137],[4.854805,52.3876687]]]]},"properties":{"building":"yes","source":"3dShapes"}},{"type":"Feature","geometry":{"type":"MultiPolygon","coordinates":[[[[4.857859,52.388372],[4.8579042,52.3883166],[4.8579932,52.3883439],[4.857948,52.3883991],[4.857859,52.388372]]]]},"properties":{"building":"yes","source":"3dShapes"}},{"type":"Feature","geometry":{"type":"MultiPolygon","coordinates":[[[[4.855526,52.3869231],[4.8555982,52.3868813],[4.8556677,52.386926],[4.8555953,52.3869678],[4.855526,52.3869231]]]]},"properties":{"building":"yes","source":"3dShapes"}},{"type":"Feature","geometry":{"type":"MultiPolygon","coordinates":[[[[4.8551699,52.3876061],[4.8552422,52.3875643],[4.8553115,52.3876093],[4.8552393,52.3876511],[4.8551699,52.3876061]]]]},"properties":{"building":"yes","source":"3dShapes"}},{"type":"Feature","geometry":{"type":"MultiPolygon","coordinates":[[[[4.8564413,52.3880405],[4.8564915,52.3880034],[4.8565775,52.3880468],[4.8565273,52.3880839],[4.8564413,52.3880405]]]]},"properties":{"building":"yes","building:levels":"1","source":"3dShapes"}},{"type":"Feature","geometry":{"type":"MultiPolygon","coordinates":[[[[4.8561922,52.3880203],[4.8562451,52.3879768],[4.8563284,52.3880143],[4.8562733,52.3880561],[4.8561922,52.3880203]]]]},"properties":{"building":"yes","building:levels":"1","source":"3dShapes"}},{"type":"Feature","geometry":{"type":"MultiPolygon","coordinates":[[[[4.8615462,52.3881442],[4.8615662,52.3880848],[4.8616652,52.388097],[4.8616452,52.3881567],[4.8615462,52.3881442]]]]},"properties":{"building":"yes","source":"3dShapes"}},{"type":"Feature","geometry":{"type":"MultiPolygon","coordinates":[[[[4.8609803,52.386655],[4.8610002,52.3865952],[4.8610991,52.3866077],[4.8610791,52.3866672],[4.8609803,52.386655]]]]},"properties":{"building":"yes","source":"3dShapes"}},{"type":"Feature","geometry":{"type":"MultiPolygon","coordinates":[[[[4.8537783,52.3884518],[4.8538507,52.38841],[4.85392,52.388455],[4.8538478,52.3884968],[4.8537783,52.3884518]]]]},"properties":{"building":"yes","source":"3dShapes"}},{"type":"Feature","geometry":{"type":"MultiPolygon","coordinates":[[[[4.8554665,52.3881682],[4.8555387,52.3881264],[4.8556081,52.3881714],[4.8555358,52.3882132],[4.8554665,52.3881682]]]]},"properties":{"building":"yes","source":"3dShapes"}},{"type":"Feature","geometry":{"type":"MultiPolygon","coordinates":[[[[4.8602582,52.3881783],[4.8602782,52.3881188],[4.8603771,52.388131],[4.8603571,52.3881908],[4.8602582,52.3881783]]]]},"properties":{"building":"yes","source":"3dShapes"}},{"type":"Feature","geometry":{"type":"MultiPolygon","coordinates":[[[[4.8550498,52.3872709],[4.8551221,52.3872291],[4.8551915,52.3872741],[4.8551192,52.3873159],[4.8550498,52.3872709]]]]},"properties":{"building":"yes","source":"3dShapes"}},{"type":"Feature","geometry":{"type":"MultiPolygon","coordinates":[[[[4.8616646,52.386042],[4.8616846,52.3859825],[4.8617836,52.3859948],[4.8617636,52.3860545],[4.8616646,52.386042]]]]},"properties":{"building":"yes","source":"3dShapes"}},{"type":"Feature","geometry":{"type":"MultiPolygon","coordinates":[[[[4.8607248,52.387429],[4.8607448,52.3873695],[4.8608437,52.3873817],[4.8608238,52.3874415],[4.8607248,52.387429]]]]},"properties":{"building":"yes","source":"3dShapes"}},{"type":"Feature","geometry":{"type":"MultiPolygon","coordinates":[[[[4.8493866,52.3872614],[4.8494588,52.3872196],[4.8495283,52.3872643],[4.8494559,52.3873061],[4.8493866,52.3872614]]]]},"properties":{"building":"yes","source":"3dShapes"}},{"type":"Feature","geometry":{"type":"MultiPolygon","coordinates":[[[[4.8593683,52.3869839],[4.8594357,52.386939],[4.8595101,52.3869809],[4.8594428,52.3870255],[4.8593683,52.3869839]]]]},"properties":{"building":"yes","source":"3dShapes"}},{"type":"Feature","geometry":{"type":"MultiPolygon","coordinates":[[[[4.85045,52.386778],[4.8505222,52.3867362],[4.8505917,52.3867812],[4.8505195,52.386823],[4.85045,52.386778]]]]},"properties":{"building":"yes","source":"3dShapes"}},{"type":"Feature","geometry":{"type":"MultiPolygon","coordinates":[[[[4.8604312,52.3864129],[4.8604326,52.3863601],[4.8605273,52.3863611],[4.8605259,52.3864139],[4.8604312,52.3864129]]]]},"properties":{"building":"yes","building:levels":"1","source":"3dShapes"}},{"type":"Feature","geometry":{"type":"MultiPolygon","coordinates":[[[[4.8568644,52.388254],[4.8569366,52.3882121],[4.857006,52.3882568],[4.8569337,52.3882989],[4.8568644,52.388254]]]]},"properties":{"building":"yes","source":"3dShapes"}},{"type":"Feature","geometry":{"type":"MultiPolygon","coordinates":[[[[4.8600736,52.3865579],[4.8601411,52.3865131],[4.8602156,52.3865549],[4.8601481,52.3865997],[4.8600736,52.3865579]]]]},"properties":{"building":"yes","source":"3dShapes"}},{"type":"Feature","geometry":{"type":"MultiPolygon","coordinates":[[[[4.858155,52.3862419],[4.8582272,52.3862001],[4.8582967,52.386245],[4.8582245,52.3862868],[4.858155,52.3862419]]]]},"properties":{"building":"yes","source":"3dShapes"}},{"type":"Feature","geometry":{"type":"MultiPolygon","coordinates":[[[[4.8537335,52.387322],[4.8538057,52.3872802],[4.8538751,52.3873252],[4.8538028,52.387367],[4.8537335,52.387322]]]]},"properties":{"building":"yes","source":"3dShapes"}},{"type":"Feature","geometry":{"type":"MultiPolygon","coordinates":[[[[4.8498474,52.3874673],[4.8498501,52.3874055],[4.8499496,52.3874072],[4.8499468,52.387469],[4.8498474,52.3874673]]]]},"properties":{"building":"yes","source":"3dShapes"}},{"type":"Feature","geometry":{"type":"MultiPolygon","coordinates":[[[[4.8572039,52.3868243],[4.8572761,52.3867825],[4.8573454,52.3868275],[4.8572732,52.3868693],[4.8572039,52.3868243]]]]},"properties":{"building":"yes","source":"3dShapes"}},{"type":"Feature","geometry":{"type":"MultiPolygon","coordinates":[[[[4.8595391,52.3882674],[4.8595867,52.3882139],[4.8596754,52.3882435],[4.8596278,52.388297],[4.8595391,52.3882674]]]]},"properties":{"building":"yes","source":"3dShapes"}},{"type":"Feature","geometry":{"type":"MultiPolygon","coordinates":[[[[4.8631281,52.3884038],[4.8631481,52.3883444],[4.863247,52.3883566],[4.863227,52.3884163],[4.8631281,52.3884038]]]]},"properties":{"building":"yes","source":"3dShapes"}},{"type":"Feature","geometry":{"type":"MultiPolygon","coordinates":[[[[4.8593172,52.3883242],[4.8593647,52.3882707],[4.8594534,52.3883003],[4.8594059,52.3883538],[4.8593172,52.3883242]]]]},"properties":{"building":"yes","source":"3dShapes"}},{"type":"Feature","geometry":{"type":"MultiPolygon","coordinates":[[[[4.857242,52.3866396],[4.8573144,52.3865979],[4.8573839,52.3866428],[4.8573116,52.3866846],[4.857242,52.3866396]]]]},"properties":{"building":"yes","source":"3dShapes"}},{"type":"Feature","geometry":{"type":"MultiPolygon","coordinates":[[[[4.8537124,52.3866633],[4.8537847,52.3866215],[4.8538541,52.3866665],[4.8537818,52.3867083],[4.8537124,52.3866633]]]]},"properties":{"building":"yes","source":"3dShapes"}},{"type":"Feature","geometry":{"type":"MultiPolygon","coordinates":[[[[4.8644288,52.3857996],[4.864432,52.385722],[4.8645381,52.3857235],[4.864535,52.3858012],[4.8644288,52.3857996]]]]},"properties":{"building":"house","height":"12.4","heritage":"2","heritage:operator":"rce","historic":"yes","man_made":"pumping_station","name":"Polder gemaal Haarlemmerweg","operator":"Waterschap Amstel, Gooi en Vecht","pumping_station":"water","ref:bag":"0363100012163230","source":"BAG","source:date":"2021-01-08","source:height":"3DBAG","source:height:date":"2025-09-03","start_date":"2002"}},{"type":"Feature","geometry":{"type":"MultiPolygon","coordinates":[[[[4.8611823,52.387599],[4.8612023,52.3875392],[4.8613013,52.3875518],[4.8612813,52.3876115],[4.8611823,52.387599]]]]},"properties":{"building":"yes","source":"3dShapes"}},{"type":"Feature","geometry":{"type":"MultiPolygon","coordinates":[[[[4.8545767,52.3870406],[4.8546489,52.3869988],[4.8547184,52.3870437],[4.8546462,52.3870855],[4.8545767,52.3870406]]]]},"properties":{"building":"yes","ref":"51","source":"3dShapes"}},{"type":"Feature","geometry":{"type":"MultiPolygon","coordinates":[[[[4.8524381,52.3883362],[4.8525103,52.3882941],[4.8525798,52.3883391],[4.8525074,52.3883809],[4.8524381,52.3883362]]]]},"properties":{"building":"yes","source":"3dShapes"}},{"type":"Feature","geometry":{"type":"MultiPolygon","coordinates":[[[[4.855618,52.3861188],[4.8556781,52.3860691],[4.855758,52.3861054],[4.8556977,52.3861551],[4.855618,52.3861188]]]]},"properties":{"building":"yes","ref":"30","source":"3dShapes"}},{"type":"Feature","geometry":{"type":"MultiPolygon","coordinates":[[[[4.8505775,52.3883644],[4.8506497,52.3883226],[4.8507192,52.3883676],[4.8506469,52.3884094],[4.8505775,52.3883644]]]]},"properties":{"building":"yes","source":"3dShapes"}},{"type":"Feature","geometry":{"type":"MultiPolygon","coordinates":[[[[4.8543658,52.3879088],[4.8544381,52.3878667],[4.8545074,52.3879116],[4.8544352,52.3879535],[4.8543658,52.3879088]]]]},"properties":{"building":"yes","source":"3dShapes"}},{"type":"Feature","geometry":{"type":"MultiPolygon","coordinates":[[[[4.8586001,52.3862558],[4.8586723,52.386214],[4.8587417,52.3862589],[4.8586695,52.3863007],[4.8586001,52.3862558]]]]},"properties":{"building":"yes","source":"3dShapes"}},{"type":"Feature","geometry":{"type":"MultiPolygon","coordinates":[[[[4.8554251,52.3874569],[4.8554973,52.3874151],[4.8555668,52.3874601],[4.8554946,52.3875019],[4.8554251,52.3874569]]]]},"properties":{"building":"yes","ref":"34","source":"3dShapes"}},{"type":"Feature","geometry":{"type":"MultiPolygon","coordinates":[[[[4.8489507,52.3875989],[4.8490229,52.3875571],[4.8490924,52.3876018],[4.8490201,52.3876436],[4.8489507,52.3875989]]]]},"properties":{"building":"yes","source":"3dShapes"}},{"type":"Feature","geometry":{"type":"MultiPolygon","coordinates":[[[[4.8590497,52.3870279],[4.859117,52.3869829],[4.8591913,52.3870248],[4.859124,52.3870698],[4.8590497,52.3870279]]]]},"properties":{"building":"yes","source":"3dShapes"}},{"type":"Feature","geometry":{"type":"MultiPolygon","coordinates":[[[[4.8609955,52.3885106],[4.8610155,52.3884512],[4.8611144,52.3884634],[4.8610944,52.3885231],[4.8609955,52.3885106]]]]},"properties":{"building":"yes","source":"3dShapes"}},{"type":"Feature","geometry":{"type":"MultiPolygon","coordinates":[[[[4.8604865,52.3866404],[4.8605385,52.3865887],[4.8606245,52.3866211],[4.8605725,52.3866728],[4.8604865,52.3866404]]]]},"properties":{"building":"yes","source":"3dShapes"}},{"type":"Feature","geometry":{"type":"MultiPolygon","coordinates":[[[[4.847693,52.3875642],[4.8477653,52.3875225],[4.8478348,52.3875674],[4.8477624,52.3876091],[4.847693,52.3875642]]]]},"properties":{"building":"yes","source":"3dShapes"}},{"type":"Feature","geometry":{"type":"MultiPolygon","coordinates":[[[[4.8595042,52.3880567],[4.8595518,52.3880032],[4.8596405,52.3880328],[4.8595929,52.3880863],[4.8595042,52.3880567]]]]},"properties":{"building":"yes","source":"3dShapes"}},{"type":"Feature","geometry":{"type":"MultiPolygon","coordinates":[[[[4.8577684,52.386029],[4.8578407,52.3859872],[4.8579103,52.3860321],[4.857838,52.3860738],[4.8577684,52.386029]]]]},"properties":{"building":"yes","source":"3dShapes"}},{"type":"Feature","geometry":{"type":"MultiPolygon","coordinates":[[[[4.8635527,52.3885683],[4.8635619,52.3885077],[4.8636624,52.3885134],[4.8636532,52.388574],[4.8635527,52.3885683]]]]},"properties":{"building":"yes","source":"3dShapes"}},{"type":"Feature","geometry":{"type":"MultiPolygon","coordinates":[[[[4.856666,52.3867028],[4.8567382,52.386661],[4.8568077,52.3867057],[4.8567354,52.3867475],[4.856666,52.3867028]]]]},"properties":{"building":"yes","source":"3dShapes"}},{"type":"Feature","geometry":{"type":"MultiPolygon","coordinates":[[[[4.8588218,52.3866702],[4.8588941,52.3866284],[4.8589635,52.3866734],[4.8588912,52.3867152],[4.8588218,52.3866702]]]]},"properties":{"building":"yes","source":"3dShapes"}},{"type":"Feature","geometry":{"type":"MultiPolygon","coordinates":[[[[4.8524461,52.3865562],[4.8525184,52.3865144],[4.8525878,52.3865594],[4.8525155,52.3866012],[4.8524461,52.3865562]]]]},"properties":{"building":"yes","source":"3dShapes"}},{"type":"Feature","geometry":{"type":"MultiPolygon","coordinates":[[[[4.8633299,52.3872202],[4.8633498,52.3871608],[4.8634487,52.387173],[4.8634287,52.3872328],[4.8633299,52.3872202]]]]},"properties":{"building":"yes","source":"3dShapes"}},{"type":"Feature","geometry":{"type":"MultiPolygon","coordinates":[[[[4.857204,52.3874966],[4.8572979,52.3874319],[4.857343,52.3874564],[4.8573941,52.3874212],[4.8577573,52.3876187],[4.8577019,52.3876568],[4.8577411,52.3876782],[4.8576818,52.387719],[4.8575774,52.3876622],[4.857547,52.3876831],[4.857204,52.3874966]]]]},"properties":{"building":"yes","height":"5.3","ref:bag":"0363100012229574","source":"BAG","source:date":"2014-03-24","source:height":"3DBAG","source:height:date":"2025-09-03","start_date":"1963"}},{"type":"Feature","geometry":{"type":"MultiPolygon","coordinates":[[[[4.8626048,52.3877574],[4.8626248,52.3876977],[4.8627238,52.3877102],[4.8627038,52.3877699],[4.8626048,52.3877574]]]]},"properties":{"building":"yes","source":"3dShapes"}},{"type":"Feature","geometry":{"type":"MultiPolygon","coordinates":[[[[4.8509216,52.3881673],[4.8509939,52.3881255],[4.8510633,52.3881702],[4.8509911,52.388212],[4.8509216,52.3881673]]]]},"properties":{"building":"yes","source":"3dShapes"}},{"type":"Feature","geometry":{"type":"MultiPolygon","coordinates":[[[[4.8548355,52.3885128],[4.8549077,52.388471],[4.8549772,52.388516],[4.8549048,52.3885578],[4.8548355,52.3885128]]]]},"properties":{"building":"yes","source":"3dShapes"}},{"type":"Feature","geometry":{"type":"MultiPolygon","coordinates":[[[[4.8543627,52.3870012],[4.854435,52.3869594],[4.8545045,52.3870041],[4.8544322,52.387046],[4.8543627,52.3870012]]]]},"properties":{"building":"yes","source":"3dShapes"}},{"type":"Feature","geometry":{"type":"MultiPolygon","coordinates":[[[[4.8600505,52.3863723],[4.8601238,52.3863332],[4.8601939,52.386382],[4.8601485,52.3864062],[4.8601189,52.3863856],[4.860091,52.3864005],[4.8600505,52.3863723]]]]},"properties":{"building":"yes","building:levels":"1","source":"3dShapes"}},{"type":"Feature","geometry":{"type":"MultiPolygon","coordinates":[[[[4.8500018,52.3870591],[4.8500741,52.3870173],[4.8501435,52.3870623],[4.8500712,52.3871041],[4.8500018,52.3870591]]]]},"properties":{"building":"yes","source":"3dShapes"}},{"type":"Feature","geometry":{"type":"MultiPolygon","coordinates":[[[[4.8595365,52.3859601],[4.8595479,52.3858998],[4.8596483,52.3859067],[4.8596368,52.3859673],[4.8595365,52.3859601]]]]},"properties":{"building":"yes","source":"3dShapes"}},{"type":"Feature","geometry":{"type":"MultiPolygon","coordinates":[[[[4.8503397,52.3878201],[4.850412,52.3877783],[4.8504814,52.387823],[4.8504092,52.3878648],[4.8503397,52.3878201]]]]},"properties":{"building":"yes","source":"3dShapes"}},{"type":"Feature","geometry":{"type":"MultiPolygon","coordinates":[[[[4.8468784,52.3873377],[4.8470101,52.3872945],[4.8469868,52.3872641],[4.8470693,52.3872404],[4.8471452,52.3872263],[4.8472446,52.3872163],[4.8472444,52.387274],[4.8472174,52.3873632],[4.8471581,52.3873693],[4.8469623,52.3874335],[4.8468784,52.3873377]]]]},"properties":{"building":"yes","height":"6.9","ref:bag":"0363100012203602","source":"BAG","source:date":"2014-03-24","source:height":"3DBAG","source:height:date":"2025-09-03","start_date":"1988"}},{"type":"Feature","geometry":{"type":"MultiPolygon","coordinates":[[[[4.8597022,52.386783],[4.8597696,52.3867384],[4.8598439,52.38678],[4.8597766,52.3868249],[4.8597022,52.386783]]]]},"properties":{"building":"yes","source":"3dShapes"}},{"type":"Feature","geometry":{"type":"MultiPolygon","coordinates":[[[[4.8533545,52.3867279],[4.8534267,52.3866861],[4.8534962,52.3867307],[4.8534238,52.3867725],[4.8533545,52.3867279]]]]},"properties":{"building":"yes","source":"3dShapes"}},{"type":"Feature","geometry":{"type":"MultiPolygon","coordinates":[[[[4.8621777,52.3883998],[4.8621977,52.3883404],[4.8622965,52.3883526],[4.8622766,52.3884123],[4.8621777,52.3883998]]]]},"properties":{"building":"yes","source":"3dShapes"}},{"type":"Feature","geometry":{"type":"MultiPolygon","coordinates":[[[[4.8519328,52.3870986],[4.8520051,52.3870568],[4.8520745,52.3871018],[4.8520022,52.3871436],[4.8519328,52.3870986]]]]},"properties":{"building":"yes","source":"3dShapes"}},{"type":"Feature","geometry":{"type":"MultiPolygon","coordinates":[[[[4.8599198,52.3858894],[4.8599983,52.3858886],[4.8599993,52.3859268],[4.8600413,52.3859264],[4.8600427,52.3859805],[4.8599401,52.3859815],[4.859939,52.3859374],[4.859921,52.3859376],[4.8599198,52.3858894]]]]},"properties":{"building":"yes","building:levels":"1","source":"3dShapes"}},{"type":"Feature","geometry":{"type":"MultiPolygon","coordinates":[[[[4.8486058,52.3873957],[4.8486781,52.3873536],[4.8487475,52.3873986],[4.8486753,52.3874404],[4.8486058,52.3873957]]]]},"properties":{"building":"yes","source":"3dShapes"}},{"type":"Feature","geometry":{"type":"MultiPolygon","coordinates":[[[[4.8611045,52.3882353],[4.8611245,52.3881759],[4.8612234,52.3881881],[4.8612034,52.3882478],[4.8611045,52.3882353]]]]},"properties":{"building":"yes","source":"3dShapes"}},{"type":"Feature","geometry":{"type":"MultiPolygon","coordinates":[[[[4.8581886,52.3867243],[4.8582609,52.3866826],[4.8583304,52.3867274],[4.8582581,52.3867692],[4.8581886,52.3867243]]]]},"properties":{"building":"yes","source":"3dShapes"}},{"type":"Feature","geometry":{"type":"MultiPolygon","coordinates":[[[[4.8611962,52.3879829],[4.8612162,52.3879232],[4.8613152,52.3879357],[4.8612952,52.3879952],[4.8611962,52.3879829]]]]},"properties":{"building":"yes","source":"3dShapes"}},{"type":"Feature","geometry":{"type":"MultiPolygon","coordinates":[[[[4.8554009,52.3883988],[4.8554573,52.3883573],[4.8555311,52.3883946],[4.8554747,52.3884361],[4.8554009,52.3883988]]]]},"properties":{"building":"yes","building:levels":"1","source":"3dShapes"}},{"type":"Feature","geometry":{"type":"MultiPolygon","coordinates":[[[[4.860454,52.3861249],[4.8604719,52.3860867],[4.8605582,52.3861018],[4.8605403,52.38614],[4.860454,52.3861249]]]]},"properties":{"building":"yes","building:levels":"1","source":"3dShapes"}},{"type":"Feature","geometry":{"type":"MultiPolygon","coordinates":[[[[4.8587085,52.3872431],[4.8587759,52.3871984],[4.8588502,52.3872403],[4.8587829,52.387285],[4.8587085,52.3872431]]]]},"properties":{"building":"yes","source":"3dShapes"}},{"type":"Feature","geometry":{"type":"MultiPolygon","coordinates":[[[[4.8487075,52.3881075],[4.8487798,52.3880657],[4.8488492,52.3881107],[4.8487769,52.3881525],[4.8487075,52.3881075]]]]},"properties":{"building":"yes","source":"3dShapes"}},{"type":"Feature","geometry":{"type":"MultiPolygon","coordinates":[[[[4.862865,52.3869926],[4.8628849,52.3869332],[4.8629839,52.3869454],[4.8629639,52.3870051],[4.862865,52.3869926]]]]},"properties":{"building":"yes","source":"3dShapes"}},{"type":"Feature","geometry":{"type":"MultiPolygon","coordinates":[[[[4.8631934,52.3881119],[4.8632134,52.3880525],[4.8633124,52.3880647],[4.8632924,52.3881244],[4.8631934,52.3881119]]]]},"properties":{"building":"yes","source":"3dShapes"}},{"type":"Feature","geometry":{"type":"MultiPolygon","coordinates":[[[[4.8504294,52.3877009],[4.8505019,52.3876592],[4.8505714,52.3877042],[4.850499,52.3877459],[4.8504294,52.3877009]]]]},"properties":{"building":"yes","source":"3dShapes"}},{"type":"Feature","geometry":{"type":"MultiPolygon","coordinates":[[[[4.857839,52.3864328],[4.8579113,52.3863911],[4.8579808,52.3864359],[4.8579085,52.3864777],[4.857839,52.3864328]]]]},"properties":{"building":"yes","source":"3dShapes"}},{"type":"Feature","geometry":{"type":"MultiPolygon","coordinates":[[[[4.857124,52.3880661],[4.8571842,52.3880164],[4.8572641,52.3880527],[4.8572038,52.3881024],[4.857124,52.3880661]]]]},"properties":{"building":"yes","source":"3dShapes"}},{"type":"Feature","geometry":{"type":"MultiPolygon","coordinates":[[[[4.8543829,52.3862764],[4.8544552,52.3862346],[4.8545246,52.3862796],[4.8544523,52.3863214],[4.8543829,52.3862764]]]]},"properties":{"building":"yes","source":"3dShapes"}},{"type":"Feature","geometry":{"type":"MultiPolygon","coordinates":[[[[4.8541393,52.3880638],[4.8542115,52.388022],[4.854281,52.3880669],[4.8542087,52.3881087],[4.8541393,52.3880638]]]]},"properties":{"building":"yes","source":"3dShapes"}},{"type":"Feature","geometry":{"type":"MultiPolygon","coordinates":[[[[4.8575094,52.3873915],[4.8575817,52.3873497],[4.857651,52.3873947],[4.8575788,52.3874365],[4.8575094,52.3873915]]]]},"properties":{"building":"yes","source":"3dShapes"}},{"type":"Feature","geometry":{"type":"MultiPolygon","coordinates":[[[[4.862723,52.3868235],[4.862743,52.386764],[4.862842,52.3867763],[4.862822,52.386836],[4.862723,52.3868235]]]]},"properties":{"building":"yes","source":"3dShapes"}},{"type":"Feature","geometry":{"type":"MultiPolygon","coordinates":[[[[4.862366,52.38791],[4.862386,52.3878505],[4.862485,52.3878627],[4.862465,52.3879225],[4.862366,52.38791]]]]},"properties":{"building":"yes","source":"3dShapes"}},{"type":"Feature","geometry":{"type":"MultiPolygon","coordinates":[[[[4.8632518,52.386316],[4.8632718,52.3862563],[4.8633708,52.3862688],[4.8633508,52.3863285],[4.8632518,52.386316]]]]},"properties":{"building":"yes","source":"3dShapes"}},{"type":"Feature","geometry":{"type":"MultiPolygon","coordinates":[[[[4.8540108,52.3864867],[4.8540831,52.3864449],[4.8541525,52.3864899],[4.8540802,52.3865317],[4.8540108,52.3864867]]]]},"properties":{"building":"yes","source":"3dShapes"}},{"type":"Feature","geometry":{"type":"MultiPolygon","coordinates":[[[[4.8582145,52.3860222],[4.8582868,52.3859801],[4.8583562,52.3860251],[4.8582839,52.3860669],[4.8582145,52.3860222]]]]},"properties":{"building":"yes","source":"3dShapes"}},{"type":"Feature","geometry":{"type":"MultiPolygon","coordinates":[[[[4.8533679,52.3868701],[4.8534402,52.3868283],[4.8535095,52.3868733],[4.8534373,52.3869151],[4.8533679,52.3868701]]]]},"properties":{"building":"yes","source":"3dShapes"}},{"type":"Feature","geometry":{"type":"MultiPolygon","coordinates":[[[[4.8498011,52.3881443],[4.8498734,52.3881025],[4.8499428,52.3881472],[4.8498706,52.388189],[4.8498011,52.3881443]]]]},"properties":{"building":"yes","source":"3dShapes"}},{"type":"Feature","geometry":{"type":"MultiPolygon","coordinates":[[[[4.8578693,52.3876231],[4.8579416,52.3875814],[4.8580112,52.3876263],[4.8579388,52.387668],[4.8578693,52.3876231]]]]},"properties":{"building":"yes","source":"3dShapes"}},{"type":"Feature","geometry":{"type":"MultiPolygon","coordinates":[[[[4.8602137,52.3860831],[4.8602337,52.3860236],[4.8603326,52.3860359],[4.8603126,52.3860956],[4.8602137,52.3860831]]]]},"properties":{"building":"yes","source":"3dShapes"}},{"type":"Feature","geometry":{"type":"MultiPolygon","coordinates":[[[[4.8475317,52.3860896],[4.8475346,52.3860489],[4.8475471,52.3860493],[4.8475495,52.3860171],[4.8475503,52.3860171],[4.8475525,52.3859938],[4.847592,52.3859947],[4.8475939,52.3859706],[4.8476323,52.3859713],[4.8476322,52.3859706],[4.8476462,52.385971],[4.8476515,52.3859712],[4.8476848,52.385972],[4.8476857,52.3859609],[4.8477514,52.3859626],[4.8477505,52.3859737],[4.8478825,52.3859772],[4.8478792,52.3860252],[4.847966,52.3860274],[4.8479778,52.385858],[4.8481755,52.3858632],[4.8481669,52.3859921],[4.8482098,52.3859933],[4.848211,52.385987],[4.848213,52.3859817],[4.8482242,52.385965],[4.8482289,52.3859605],[4.8482486,52.3859472],[4.8482556,52.3859439],[4.8482816,52.3859356],[4.8482899,52.385934],[4.8483189,52.3859317],[4.8483276,52.3859319],[4.8483561,52.3859358],[4.8483642,52.3859378],[4.8483889,52.3859475],[4.8483954,52.385951],[4.8484132,52.3859651],[4.8484173,52.3859699],[4.848426,52.3859869],[4.8484275,52.3859924],[4.8484279,52.3859989],[4.8484706,52.3859998],[4.8484794,52.3858709],[4.8486769,52.3858759],[4.8486725,52.3859483],[4.8487453,52.3859504],[4.8487731,52.385951],[4.8487718,52.3859493],[4.8487709,52.3859476],[4.8487703,52.3859458],[4.8487699,52.385944],[4.8487699,52.3859421],[4.8487702,52.3859403],[4.8487708,52.3859385],[4.8487718,52.3859368],[4.848773,52.3859351],[4.8487743,52.3859336],[4.8487759,52.3859321],[4.8487777,52.3859308],[4.8487797,52.3859296],[4.848782,52.3859285],[4.8487843,52.3859276],[4.8487869,52.3859268],[4.8487895,52.3859262],[4.8487923,52.3859257],[4.8487951,52.3859255],[4.8487979,52.3859254],[4.8488011,52.3859254],[4.8488042,52.3859257],[4.8488073,52.3859262],[4.8488102,52.3859268],[4.8488131,52.3859277],[4.8488157,52.3859288],[4.848818,52.38593],[4.8488201,52.3859314],[4.8488219,52.3859329],[4.8488235,52.3859345],[4.8488248,52.3859362],[4.8488258,52.3859379],[4.8488265,52.3859397],[4.8488269,52.3859416],[4.848827,52.3859434],[4.8488268,52.3859453],[4.8488263,52.3859471],[4.8488254,52.3859489],[4.8488243,52.3859507],[4.8488229,52.3859523],[4.8489236,52.3859548],[4.8489287,52.3858824],[4.8491265,52.3858874],[4.8491216,52.38596],[4.8491645,52.385961],[4.8491648,52.3859571],[4.8493829,52.3859626],[4.8493828,52.3859666],[4.849426,52.3859673],[4.8494305,52.3858952],[4.8496282,52.3859002],[4.8496217,52.3859999],[4.8496878,52.3860015],[4.8496898,52.3859745],[4.849861,52.3859789],[4.8498553,52.3860648],[4.8498533,52.3860945],[4.8498518,52.3861163],[4.8498508,52.3861323],[4.8498497,52.3861324],[4.8498497,52.3861327],[4.8498492,52.3861384],[4.8498487,52.3861462],[4.8498476,52.3861657],[4.8496091,52.3861825],[4.8496091,52.3861828],[4.8495492,52.3861813],[4.8495484,52.3861917],[4.8494703,52.3861898],[4.8494711,52.3861794],[4.8494112,52.3861778],[4.8494113,52.3861771],[4.8493709,52.386176],[4.8493691,52.3862029],[4.8491572,52.3861975],[4.8491559,52.3862189],[4.8491041,52.3862178],[4.849104,52.3862185],[4.8490442,52.3862169],[4.8490434,52.3862276],[4.8489654,52.3862253],[4.8489662,52.386215],[4.8489063,52.3862133],[4.8486549,52.3862068],[4.8486529,52.3862312],[4.8485929,52.3862298],[4.8485926,52.3862342],[4.8485922,52.3862401],[4.8485143,52.3862381],[4.8485147,52.3862278],[4.8485124,52.3862277],[4.8484938,52.3862272],[4.8484801,52.3862269],[4.8484721,52.3862267],[4.8484551,52.3862263],[4.8484553,52.3862256],[4.8483092,52.3862221],[4.8483069,52.3862606],[4.8481487,52.3862569],[4.8481485,52.3862575],[4.8480886,52.3862559],[4.8480884,52.3862602],[4.848088,52.3862664],[4.8480101,52.3862643],[4.8480106,52.3862539],[4.8479509,52.3862523],[4.8479509,52.3862516],[4.8478834,52.3862499],[4.8478698,52.3862495],[4.8477764,52.3862472],[4.8477767,52.3862419],[4.8476151,52.3862379],[4.8476171,52.3861994],[4.8475428,52.3861975],[4.8475383,52.3861974],[4.8475394,52.3861801],[4.8475433,52.3861219],[4.8475423,52.386122],[4.8475444,52.3860901],[4.8475317,52.3860896]]]]},"properties":{"building":"office","ref:bag":"0363100012119260","source":"BAG","source:date":"2017-06-10","start_date":"1992"}},{"type":"Feature","geometry":{"type":"MultiPolygon","coordinates":[[[[4.8555596,52.3853232],[4.8555599,52.3853028],[4.8555602,52.3852881],[4.8556044,52.3852267],[4.8556212,52.3852143],[4.856536,52.3852278],[4.8574987,52.3852482],[4.8583256,52.3852637],[4.8611077,52.3853096],[4.8619545,52.3853209],[4.8645127,52.3853551],[4.8645777,52.3853991],[4.8645759,52.3854186],[4.8646311,52.3854201],[4.8646305,52.3854318],[4.8646159,52.3854867],[4.8645944,52.385481],[4.8645597,52.3854922],[4.8645073,52.3855424],[4.864526,52.3856169],[4.8644939,52.3856529],[4.8644912,52.385693],[4.864459,52.3856938],[4.864459,52.3856529],[4.8643182,52.3855211],[4.8642479,52.385517],[4.8632274,52.3855011],[4.8620136,52.3854882],[4.8612933,52.385469],[4.8604451,52.3854557],[4.8585681,52.3854327],[4.8567,52.3854137],[4.8564152,52.3853936],[4.8562937,52.3853922],[4.8556134,52.3853844],[4.8555756,52.3853624],[4.8555596,52.3853232]]]]},"properties":{"natural":"water","source":"3dShapes"}},{"type":"Feature","geometry":{"type":"MultiPolygon","coordinates":[[[[4.8642865,52.3858207],[4.8642899,52.3857942],[4.864294,52.3857263],[4.8643602,52.3857277],[4.8643577,52.3857703],[4.8644074,52.3857714],[4.8644056,52.3857965],[4.8643958,52.3858139],[4.8643639,52.3858242],[4.8642865,52.3858207]]]]},"properties":{"building":"garage","height":"6.2","ref:bag":"0363100012207564","source":"BAG","source:date":"2014-03-24","source:height":"3DBAG","source:height:date":"2025-09-03","start_date":"2002"}},{"type":"Feature","geometry":{"type":"MultiPolygon","coordinates":[[[[4.8640188,52.3859317],[4.8640677,52.3857993],[4.8642015,52.3858125],[4.8642082,52.3857748],[4.8642364,52.3857781],[4.8642364,52.3858166],[4.8643898,52.3858331],[4.8644367,52.3858257],[4.8644474,52.3858035],[4.8645407,52.3858041],[4.8645503,52.3858087],[4.8645571,52.3858578],[4.8652221,52.385887],[4.8654658,52.3862245],[4.8654191,52.3862325],[4.8653808,52.3862351],[4.8653037,52.3862219],[4.8640768,52.3859484],[4.8640188,52.3859317]]]]},"properties":{"natural":"water","source":"3dShapes"}},{"type":"Feature","geometry":{"type":"MultiPolygon","coordinates":[[[[4.8634685,52.3878028],[4.8635033,52.3877864],[4.8635677,52.387793],[4.8636213,52.3878077],[4.8636535,52.3878306],[4.8636616,52.3878617],[4.8636079,52.387883],[4.8635543,52.3878781],[4.863498,52.3878617],[4.8634685,52.3878306],[4.8634685,52.3878028]]]]},"properties":{"natural":"water"}},{"type":"Feature","geometry":{"type":"MultiPolygon","coordinates":[[[[4.8638784,52.3882929],[4.8638953,52.3882348],[4.8639893,52.388245],[4.8639724,52.388303],[4.8638784,52.3882929]]]]},"properties":{"building":"yes"}},{"type":"Feature","geometry":{"type":"MultiPolygon","coordinates":[[[[4.8636951,52.388172],[4.8637102,52.3881116],[4.8638117,52.388121],[4.8637965,52.3881814],[4.8636951,52.388172]]]]},"properties":{"building":"yes"}},{"type":"Feature","geometry":{"type":"MultiPolygon","coordinates":[[[[4.863787,52.3885737],[4.8638043,52.3885082],[4.8639049,52.3885181],[4.8638876,52.3885836],[4.863787,52.3885737]]]]},"properties":{"building":"yes"}},{"type":"Feature","geometry":{"type":"MultiPolygon","coordinates":[[[[4.8638359,52.3884248],[4.8638521,52.3883616],[4.8639499,52.3883709],[4.8639338,52.3884341],[4.8638359,52.3884248]]]]},"properties":{"building":"yes"}},{"type":"Feature","geometry":{"type":"MultiPolygon","coordinates":[[[[4.8636411,52.3884362],[4.8636528,52.3883796],[4.8637196,52.3883847],[4.8637079,52.3884414],[4.8636411,52.3884362]]]]},"properties":{"building":"yes"}},{"type":"Feature","geometry":{"type":"MultiPolygon","coordinates":[[[[4.8642543,52.3884478],[4.8642634,52.3883863],[4.8643373,52.3883903],[4.8643282,52.3884518],[4.8642543,52.3884478]]]]},"properties":{"building":"yes"}},{"type":"Feature","geometry":{"type":"MultiPolygon","coordinates":[[[[4.8630581,52.3885476],[4.8630769,52.3884821],[4.8631868,52.3884969],[4.863168,52.3885591],[4.8630581,52.3885476]]]]},"properties":{"building":"yes"}},{"type":"Feature","geometry":{"type":"MultiPolygon","coordinates":[[[[4.8631761,52.3882726],[4.8631903,52.3882052],[4.8632741,52.3882118],[4.8632599,52.3882792],[4.8631761,52.3882726]]]]},"properties":{"building":"yes"}},{"type":"Feature","geometry":{"type":"MultiPolygon","coordinates":[[[[4.8628703,52.3884838],[4.8628868,52.3884325],[4.8629785,52.3884436],[4.8629619,52.3884948],[4.8628703,52.3884838]]]]},"properties":{"building":"yes"}},{"type":"Feature","geometry":{"type":"MultiPolygon","coordinates":[[[[4.8629743,52.3882025],[4.8629888,52.3881567],[4.8630802,52.3881676],[4.8630656,52.3882133],[4.8629743,52.3882025]]]]},"properties":{"building":"yes"}},{"type":"Feature","geometry":{"type":"MultiPolygon","coordinates":[[[[4.8624599,52.3881318],[4.8624787,52.3880729],[4.8625672,52.3880811],[4.8625485,52.3881449],[4.8624599,52.3881318]]]]},"properties":{"building":"yes"}},{"type":"Feature","geometry":{"type":"MultiPolygon","coordinates":[[[[4.8623567,52.38842],[4.8623779,52.3883543],[4.862453,52.3883633],[4.8624318,52.388429],[4.8623567,52.38842]]]]},"properties":{"building":"yes"}},{"type":"Feature","geometry":{"type":"MultiPolygon","coordinates":[[[[4.8625431,52.3878797],[4.8625646,52.3878126],[4.8626584,52.3878224],[4.8626423,52.3878895],[4.8625431,52.3878797]]]]},"properties":{"building":"yes"}},{"type":"Feature","geometry":{"type":"MultiPolygon","coordinates":[[[[4.8630876,52.3879583],[4.8631054,52.3878899],[4.8631771,52.3878968],[4.8631594,52.3879652],[4.8630876,52.3879583]]]]},"properties":{"building":"yes"}},{"type":"Feature","geometry":{"type":"MultiPolygon","coordinates":[[[[4.8623312,52.3880303],[4.8623456,52.3879777],[4.8624219,52.3879854],[4.8624075,52.3880381],[4.8623312,52.3880303]]]]},"properties":{"building":"yes"}},{"type":"Feature","geometry":{"type":"MultiPolygon","coordinates":[[[[4.8652481,52.3875552],[4.865322,52.3875113],[4.865395,52.3875574],[4.8653211,52.3876013],[4.8652481,52.3875552]]]]},"properties":{"building":"yes","height":"7.3","ref:bag":"0363100012225937","source":"BAG","source:date":"2014-03-24","source:height":"3DBAG","source:height:date":"2025-09-03","start_date":"2000"}},{"type":"Feature","geometry":{"type":"MultiPolygon","coordinates":[[[[4.8471358,52.388111],[4.8471416,52.3880868],[4.8471721,52.3880895],[4.8471664,52.3881137],[4.8471358,52.388111]]]]},"properties":{"building":"yes","height":"3.6","ref:bag":"0363100012234758","source":"BAG","source:date":"2014-03-24","source:height":"3DBAG","source:height:date":"2025-09-03","start_date":"1988"}},{"type":"Feature","geometry":{"type":"MultiPolygon","coordinates":[[[[4.8471092,52.3869572],[4.8471113,52.3869381],[4.8471582,52.3869401],[4.847156,52.3869592],[4.8471092,52.3869572]]]]},"properties":{"building":"yes","height":"3.6","ref:bag":"0363100012203601","source":"BAG","source:date":"2014-03-24","source:height":"3DBAG","source:height:date":"2025-09-03","start_date":"1850"}},{"type":"Feature","geometry":{"type":"MultiPolygon","coordinates":[[[[4.8638763,52.3879516],[4.8638775,52.3879237],[4.8639226,52.3879244],[4.8639215,52.3879522],[4.8638763,52.3879516]]]]},"properties":{"building":"yes","height":"3.1","ref:bag":"0363100012220384","source":"BAG","source:date":"2014-03-24","source:height":"3DBAG","source:height:date":"2025-09-03","start_date":"1963"}},{"type":"Feature","geometry":{"type":"MultiPolygon","coordinates":[[[[4.8470119,52.3874882],[4.8470897,52.3874651],[4.8471137,52.3874955],[4.8470359,52.3875186],[4.8470119,52.3874882]]]]},"properties":{"building":"yes","height":"3.7","ref:bag":"0363100012203604","source":"BAG","source:date":"2014-03-24","source:height":"3DBAG","source:height:date":"2025-09-03","start_date":"1988"}},{"type":"Feature","geometry":{"type":"MultiPolygon","coordinates":[[[[4.8470897,52.3876016],[4.8471278,52.387598],[4.8471412,52.3876515],[4.8471031,52.3876551],[4.8470897,52.3876016]]]]},"properties":{"building":"yes","ref:bag":"0363100012203606","source":"BAG","source:date":"2014-03-24","start_date":"1988"}},{"type":"Feature","geometry":{"type":"MultiPolygon","coordinates":[[[[4.8646122,52.3880125],[4.8646172,52.3879214],[4.8646944,52.387923],[4.8646894,52.3880141],[4.8646122,52.3880125]]]]},"properties":{"building":"yes","height":"4.4","ref:bag":"0363100012220382","source":"BAG","source:date":"2014-03-24","source:height":"3DBAG","source:height:date":"2025-09-03","start_date":"1963"}},{"type":"Feature","geometry":{"type":"MultiPolygon","coordinates":[[[[4.8638729,52.3878184],[4.8638741,52.3877915],[4.8639181,52.3877922],[4.863917,52.3878191],[4.8638729,52.3878184]]]]},"properties":{"building":"yes","height":"3.1","ref:bag":"0363100012220385","source":"BAG","source:date":"2014-03-24","source:height":"3DBAG","source:height:date":"2025-09-03","start_date":"1963"}},{"type":"Feature","geometry":{"type":"MultiPolygon","coordinates":[[[[4.8470365,52.3880905],[4.8470509,52.3880677],[4.8470796,52.3880744],[4.8470653,52.3880973],[4.8470365,52.3880905]]]]},"properties":{"building":"yes","height":"3.6","ref:bag":"0363100012185363","source":"BAG","source:date":"2014-03-24","source:height":"3DBAG","source:height:date":"2025-09-03","start_date":"1988"}},{"type":"Feature","geometry":{"type":"MultiPolygon","coordinates":[[[[4.8469565,52.38827],[4.8470033,52.3881957],[4.8470728,52.3882071],[4.8470395,52.3882835],[4.8469565,52.38827]]]]},"properties":{"building":"house","height":"8.8","ref:bag":"0363100012063679","source":"BAG","source:date":"2014-03-24","source:height":"3DBAG","source:height:date":"2025-09-03","start_date":"1988"}},{"type":"Feature","geometry":{"type":"MultiPolygon","coordinates":[[[[4.8471226,52.388297],[4.8471414,52.3882182],[4.8472152,52.3882195],[4.8472113,52.3882986],[4.8471226,52.388297]]]]},"properties":{"building":"house","height":"8.9","ref:bag":"0363100012119443","source":"BAG","source:date":"2014-03-24","source:height":"3DBAG","source:height:date":"2025-09-03","start_date":"1988"}},{"type":"Feature","geometry":{"type":"MultiPolygon","coordinates":[[[[4.8470395,52.3882835],[4.8470728,52.3882071],[4.8471414,52.3882182],[4.8471226,52.388297],[4.8470395,52.3882835]]]]},"properties":{"building":"house","height":"8.8","ref:bag":"0363100012074150","source":"BAG","source:date":"2014-03-24","source:height":"3DBAG","source:height:date":"2025-09-03","start_date":"1988"}},{"type":"Feature","geometry":{"type":"MultiPolygon","coordinates":[[[[4.8653733,52.3875908],[4.8654052,52.3875716],[4.8654354,52.3875914],[4.8654038,52.3876106],[4.8653733,52.3875908]]]]},"properties":{"building":"yes","ref:bag":"0363100012225936","source":"BAG","source:date":"2014-03-24","start_date":"1997"}},{"type":"Feature","geometry":{"type":"MultiPolygon","coordinates":[[[[4.8469427,52.3868627],[4.8469872,52.3868469],[4.8470054,52.3868661],[4.8469612,52.3868823],[4.8469427,52.3868627]]]]},"properties":{"building":"yes","height":"3.9","ref:bag":"0363100012210609","source":"BAG","source:date":"2014-03-24","source:height":"3DBAG","source:height:date":"2025-09-03","start_date":"1850"}},{"type":"Feature","geometry":{"type":"MultiPolygon","coordinates":[[[[4.8471664,52.3881137],[4.8471721,52.3880895],[4.8472027,52.3880922],[4.8471969,52.3881164],[4.8471664,52.3881137]]]]},"properties":{"building":"yes","height":"3.4","ref:bag":"0363100012197571","source":"BAG","source:date":"2014-03-24","source:height":"3DBAG","source:height:date":"2025-09-03","start_date":"1988"}},{"type":"Feature","geometry":{"type":"MultiPolygon","coordinates":[[[[4.8651594,52.3875002],[4.8651963,52.3874783],[4.8652635,52.3875208],[4.8652266,52.3875427],[4.8651594,52.3875002]]]]},"properties":{"building":"yes","height":"3.2","ref:bag":"0363100012225938","source":"BAG","source:date":"2014-03-24","source:height":"3DBAG","source:height:date":"2025-09-03","start_date":"1997"}},{"type":"Feature","geometry":{"type":"MultiPolygon","coordinates":[[[[4.8470653,52.3880973],[4.8470796,52.3880744],[4.8471084,52.3880812],[4.8470941,52.388104],[4.8470653,52.3880973]]]]},"properties":{"building":"yes","height":"3.7","ref:bag":"0363100012212726","source":"BAG","source:date":"2014-03-24","source:height":"3DBAG","source:height:date":"2025-09-03","start_date":"1988"}},{"type":"Feature","geometry":{"type":"MultiPolygon","coordinates":[[[[4.8468801,52.3882459],[4.8469393,52.3881756],[4.8470033,52.3881957],[4.8469565,52.38827],[4.8468801,52.3882459]]]]},"properties":{"building":"house","height":"8.7","ref:bag":"0363100012144212","source":"BAG","source:date":"2014-03-24","source:height":"3DBAG","source:height:date":"2025-09-03","start_date":"1988"}},{"type":"Feature","geometry":{"type":"MultiPolygon","coordinates":[[[[4.8469722,52.3880679],[4.8469944,52.3880476],[4.8470201,52.3880581],[4.8469979,52.3880784],[4.8469722,52.3880679]]]]},"properties":{"building":"yes","height":"3.7","ref:bag":"0363100012205594","source":"BAG","source:date":"2014-03-24","source:height":"3DBAG","source:height:date":"2025-09-03","start_date":"1988"}},{"type":"Feature","geometry":{"type":"MultiPolygon","coordinates":[[[[4.8470379,52.387521],[4.8471984,52.3874734],[4.8472297,52.3875132],[4.847205,52.3875204],[4.847069,52.3875604],[4.8470379,52.387521]]]]},"properties":{"building":"yes","height":"3.6","ref:bag":"0363100012203603","source":"BAG","source:date":"2014-03-24","source:height":"3DBAG","source:height:date":"2025-09-03","start_date":"1988"}},{"type":"Feature","geometry":{"type":"MultiPolygon","coordinates":[[[[4.8468791,52.3868365],[4.8468837,52.3868164],[4.8469351,52.3867983],[4.846966,52.3868061],[4.8470002,52.3868423],[4.8469872,52.3868469],[4.8469427,52.3868627],[4.8469136,52.386873],[4.8468791,52.3868365]]]]},"properties":{"building":"yes","height":"6.9","ref:bag":"0363100012155599","source":"BAG","source:date":"2014-03-24","source:height":"3DBAG","source:height:date":"2025-09-03","start_date":"1850"}},{"type":"Feature","geometry":{"type":"MultiPolygon","coordinates":[[[[4.8651967,52.3854013],[4.8653895,52.3854027],[4.8653881,52.3854371],[4.8654014,52.3854397],[4.8653989,52.3854939],[4.8653852,52.385497],[4.8653841,52.3855235],[4.8652119,52.3855146],[4.8652111,52.3854858],[4.865198,52.3854336],[4.8651967,52.3854013]]]]},"properties":{"natural":"water"}},{"type":"Feature","geometry":{"type":"MultiPolygon","coordinates":[[[[4.8646159,52.3854867],[4.8646305,52.3854318],[4.8646311,52.3854201],[4.864683,52.3853866],[4.8648379,52.3853709],[4.8650507,52.3853865],[4.8650529,52.3854296],[4.865198,52.3854336],[4.8652111,52.3854858],[4.8650491,52.3854839],[4.8650464,52.3855055],[4.864974,52.3855178],[4.8649123,52.3855219],[4.8648385,52.3855219],[4.8647768,52.3855178],[4.8647192,52.3855113],[4.8646672,52.3854986],[4.8646159,52.3854867]]]]},"properties":{"alt_name":"Het Sluisje","heritage":"2","heritage:operator":"rce","name":"Sluis Haarlemmervaart","natural":"water","wikidata":"Q18774957","wikimedia_commons":"Category:Sluis Haarlemmervaart","wikipedia":"nl:Schutsluis Haarlemmervaart"}},{"type":"Feature","geometry":{"type":"MultiPolygon","coordinates":[[[[4.8537346,52.3856712],[4.8537364,52.3856297],[4.853763,52.3856302],[4.8537642,52.385602],[4.8537379,52.3856016],[4.8537411,52.3855282],[4.8537674,52.3855287],[4.8537687,52.3855006],[4.8537421,52.3855002],[4.8537439,52.3854583],[4.8537705,52.3854587],[4.8537712,52.3854426],[4.8538535,52.3854439],[4.8538528,52.3854601],[4.8538924,52.3854608],[4.8538931,52.3854446],[4.8539471,52.3854454],[4.8539464,52.3854616],[4.8539631,52.3854619],[4.8539638,52.3854458],[4.8540658,52.3854474],[4.8540651,52.3854636],[4.8540826,52.3854639],[4.8540832,52.3854477],[4.8541389,52.3854486],[4.8541382,52.3854648],[4.8541781,52.3854657],[4.8541788,52.3854493],[4.8542602,52.3854506],[4.8542595,52.385467],[4.854286,52.3854674],[4.8542842,52.3855094],[4.8542577,52.3855089],[4.8542565,52.385537],[4.8542831,52.3855375],[4.8542799,52.3856103],[4.8542533,52.3856099],[4.8542519,52.3856382],[4.8542784,52.3856386],[4.8542766,52.3856799],[4.8542501,52.3856795],[4.8542494,52.3856962],[4.8541557,52.3856946],[4.8541564,52.3856782],[4.8541049,52.3856774],[4.8541042,52.3856935],[4.8539065,52.3856903],[4.8539072,52.3856741],[4.8538558,52.3856732],[4.8538551,52.3856894],[4.8537608,52.3856878],[4.8537615,52.3856717],[4.8537346,52.3856712]]]]},"properties":{"building":"apartments","building:levels":"12","name":"Blend","ref:bag":"0363100012250970","source":"BAG","source:date":"2026-01-10","start_date":"2023"}},{"type":"Feature","geometry":{"type":"MultiPolygon","coordinates":[[[[4.8555185,52.3883007],[4.8555751,52.3882633],[4.8556436,52.3883018],[4.855587,52.3883393],[4.8555185,52.3883007]]]]},"properties":{"building":"yes","building:levels":"1"}},{"type":"Feature","geometry":{"type":"MultiPolygon","coordinates":[[[[4.8558023,52.388145],[4.8558636,52.3881063],[4.8559194,52.3881454],[4.8558601,52.3881809],[4.8558023,52.388145]]]]},"properties":{"building":"yes","building:levels":"1"}},{"type":"Feature","geometry":{"type":"MultiPolygon","coordinates":[[[[4.856276,52.3879521],[4.8563235,52.387916],[4.8564013,52.3879538],[4.8563517,52.3879904],[4.856276,52.3879521]]]]},"properties":{"building":"yes","building:levels":"1"}},{"type":"Feature","geometry":{"type":"MultiPolygon","coordinates":[[[[4.8567221,52.3881673],[4.8567834,52.388129],[4.8568501,52.3881706],[4.8567916,52.3882076],[4.8567221,52.3881673]]]]},"properties":{"building":"yes","building:levels":"3"}},{"type":"Feature","geometry":{"type":"MultiPolygon","coordinates":[[[[4.8567799,52.3883408],[4.8568529,52.3882996],[4.8569107,52.3883332],[4.8568391,52.3883736],[4.8567799,52.3883408]]]]},"properties":{"building":"yes","building:levels":"1"}},{"type":"Feature","geometry":{"type":"MultiPolygon","coordinates":[[[[4.8602853,52.3859712],[4.8602931,52.3859076],[4.8603696,52.3859111],[4.8603618,52.3859747],[4.8602853,52.3859712]]]]},"properties":{"building":"yes","building:levels":"1"}},{"type":"Feature","geometry":{"type":"MultiPolygon","coordinates":[[[[4.8599235,52.3862845],[4.8599716,52.3862558],[4.8600576,52.386301],[4.8600096,52.3863329],[4.8599235,52.3862845]]]]},"properties":{"building":"yes","building:levels":"1"}},{"type":"Feature","geometry":{"type":"MultiPolygon","coordinates":[[[[4.8595052,52.3862546],[4.8595291,52.3861971],[4.8596105,52.3862097],[4.8595866,52.3862672],[4.8595052,52.3862546]]]]},"properties":{"building":"yes","building:levels":"1"}},{"type":"Feature","geometry":{"type":"MultiPolygon","coordinates":[[[[4.859618,52.3861517],[4.8596367,52.3860984],[4.8597302,52.3861106],[4.8597155,52.3861524],[4.8596671,52.386146],[4.8596631,52.3861576],[4.859618,52.3861517]]]]},"properties":{"building":"yes","building:levels":"1"}},{"type":"Feature","geometry":{"type":"MultiPolygon","coordinates":[[[[4.8526702,52.3881952],[4.8527209,52.3881618],[4.8527903,52.388201],[4.8527396,52.3882344],[4.8526702,52.3881952]]]]},"properties":{"building":"yes"}},{"type":"Feature","geometry":{"type":"MultiPolygon","coordinates":[[[[4.8528926,52.3886121],[4.8528929,52.3885986],[4.8528937,52.3885838],[4.8530929,52.3885934],[4.8534107,52.3885857],[4.8542147,52.3885858],[4.8550614,52.3885817],[4.8556137,52.3885898],[4.855615,52.3886157],[4.8555251,52.3886113],[4.8551768,52.3886088],[4.8549026,52.3886141],[4.8543073,52.3886161],[4.8537014,52.3886112],[4.8531362,52.3886154],[4.8528926,52.3886121]]]]},"properties":{"natural":"water","source":"PDPDOK aerial imagery Beeldmateriaal.nl 25cm latest"}},{"type":"Feature","geometry":{"type":"MultiPolygon","coordinates":[[[[4.8639234,52.3890021],[4.8639235,52.388993],[4.8639332,52.388993],[4.863933,52.3890021],[4.8639234,52.3890021]]]]},"properties":{"building":"yes"}},{"type":"Feature","geometry":{"type":"MultiPolygon","coordinates":[[[[4.863966,52.388985],[4.8639763,52.388985],[4.8639763,52.3890022],[4.863966,52.3890022],[4.863966,52.388985]]]]},"properties":{"building":"yes"}},{"type":"Feature","geometry":{"type":"MultiPolygon","coordinates":[[[[4.8640092,52.3889851],[4.8640195,52.3889851],[4.8640195,52.3890023],[4.8640092,52.3890023],[4.8640092,52.3889851]]]]},"properties":{"building":"yes"}},{"type":"Feature","geometry":{"type":"MultiPolygon","coordinates":[[[[4.8638322,52.3889906],[4.8638422,52.3889906],[4.8638423,52.3890019],[4.8638324,52.3890019],[4.8638322,52.3889906]]]]},"properties":{"building":"yes"}},{"type":"Feature","geometry":{"type":"MultiPolygon","coordinates":[[[[4.8638768,52.3890019],[4.863877,52.3889928],[4.8638866,52.3889928],[4.8638865,52.3890019],[4.8638768,52.3890019]]]]},"properties":{"building":"yes"}},{"type":"Feature","geometry":{"type":"MultiPolygon","coordinates":[[[[4.8515322,52.3858372],[4.8515472,52.3858365],[4.8515495,52.3858364],[4.8515523,52.385761],[4.851553,52.3857515],[4.8515564,52.3856581],[4.8515477,52.385658],[4.8515519,52.3855544],[4.8515431,52.3855542],[4.851547,52.3854607],[4.8515475,52.3854513],[4.8515623,52.3854517],[4.8517712,52.3854548],[4.8517678,52.3855468],[4.8517676,52.3855562],[4.851776,52.3855562],[4.8517756,52.3855654],[4.8517723,52.3856503],[4.851772,52.3856596],[4.8517808,52.3856599],[4.8517804,52.3856689],[4.8517744,52.3858198],[4.8519368,52.3858118],[4.851936,52.3858065],[4.8520886,52.3857991],[4.8521038,52.3857984],[4.8521216,52.385935],[4.8519716,52.3859423],[4.8519566,52.3859432],[4.8519573,52.3859485],[4.8519423,52.3859493],[4.8518035,52.3859559],[4.8517885,52.3859568],[4.8517891,52.3859621],[4.8517741,52.3859629],[4.851554,52.3859735],[4.8515507,52.3859487],[4.8515374,52.385846],[4.8515335,52.3858462],[4.8515322,52.3858372]]]]},"properties":{"building":"apartments","ref:bag":"0363100012570120","source":"BAG","source:date":"2026-01-10","start_date":"2024"}},{"type":"Feature","geometry":{"type":"MultiPolygon","coordinates":[[[[4.851896,52.3855455],[4.8518997,52.3854595],[4.8519004,52.3854426],[4.8518966,52.3854425],[4.8518965,52.3854333],[4.8519116,52.3854335],[4.8519115,52.3854356],[4.851951,52.3854363],[4.852009,52.3854372],[4.852008,52.385461],[4.8520604,52.3854619],[4.8520606,52.3854565],[4.8521274,52.3854575],[4.8521283,52.3854336],[4.8521708,52.3854342],[4.8521699,52.3854581],[4.8522291,52.3854594],[4.8522293,52.3854539],[4.8522883,52.3854547],[4.8522892,52.3854309],[4.8523426,52.3854318],[4.8523874,52.3854326],[4.8523875,52.38543],[4.8524026,52.3854302],[4.8524022,52.3854393],[4.852398,52.3854393],[4.8523973,52.3854561],[4.8523937,52.3855422],[4.8523566,52.3855417],[4.8523558,52.3855624],[4.8522468,52.3855608],[4.8522466,52.3855652],[4.852231,52.385565],[4.8522308,52.3855701],[4.8522158,52.3855699],[4.852216,52.3855657],[4.8520772,52.3855636],[4.852077,52.385568],[4.8520617,52.3855675],[4.8520613,52.3855731],[4.8520467,52.3855729],[4.8520466,52.3855683],[4.8519327,52.3855668],[4.8519335,52.385546],[4.851896,52.3855455]]]]},"properties":{"building":"apartments","height":"6.4","ref:bag":"0363100012570119","source":"BAG","source:date":"2026-01-10","source:height":"3DBAG","source:height:date":"2025-09-03","start_date":"2024"}},{"type":"Feature","geometry":{"type":"MultiPolygon","coordinates":[[[[4.853131,52.3858676],[4.8531336,52.3857943],[4.8531432,52.385559],[4.8534548,52.3855644],[4.8534634,52.3855638],[4.8534553,52.3857613],[4.8534509,52.3858727],[4.853131,52.3858676]]]]},"properties":{"building":"apartments","building:levels":"10","name":"Pepper","ref:bag":"0363100012250971","source":"BAG","source:date":"2026-01-10","start_date":"2023"}},{"type":"Feature","geometry":{"type":"MultiPolygon","coordinates":[[[[4.8522303,52.3859158],[4.8522305,52.3859066],[4.8522343,52.3859066],[4.8522353,52.3858823],[4.8522368,52.3858468],[4.8522757,52.3858472],[4.852277,52.3858122],[4.8522856,52.3858124],[4.8522871,52.385776],[4.8522484,52.3857754],[4.8522498,52.3857497],[4.8522887,52.3857505],[4.8522908,52.3857102],[4.8523,52.3857103],[4.8523009,52.3856783],[4.852262,52.3856779],[4.852263,52.3856435],[4.8522637,52.3856181],[4.85226,52.3856181],[4.8522604,52.3856089],[4.8522745,52.3856091],[4.8522744,52.3856118],[4.8522752,52.3856118],[4.8523031,52.3856122],[4.8524433,52.3856142],[4.8524425,52.3856372],[4.8524763,52.3856377],[4.8524735,52.3857069],[4.8524806,52.385707],[4.85248,52.3857162],[4.8524714,52.3857161],[4.852471,52.3857254],[4.852464,52.3857253],[4.8524606,52.3858091],[4.8524677,52.3858092],[4.8524672,52.3858185],[4.8524585,52.3858185],[4.8524581,52.3858276],[4.8524511,52.3858278],[4.8524489,52.385882],[4.8524485,52.3858938],[4.8524146,52.3858933],[4.8524136,52.3859161],[4.852273,52.385914],[4.8522454,52.3859137],[4.8522453,52.3859161],[4.8522303,52.3859158]]]]},"properties":{"building":"apartments","height":"3.6","ref:bag":"0363100012570124","source":"BAG","source:date":"2026-01-10","source:height":"3DBAG","source:height:date":"2025-09-03","start_date":"2024"}},{"type":"Feature","geometry":{"type":"MultiPolygon","coordinates":[[[[4.8526424,52.3856664],[4.8526516,52.3854467],[4.852656,52.3853465],[4.8529874,52.3853517],[4.8529834,52.3854517],[4.8529744,52.3856714],[4.8526424,52.3856664]]]]},"properties":{"building":"apartments","building:levels":"14","name":"Salt","ref:bag":"0363100012250972","source":"BAG","source:date":"2026-01-10","start_date":"2023"}},{"type":"Feature","geometry":{"type":"MultiPolygon","coordinates":[[[[4.8633313,52.3876944],[4.8634686,52.3873037],[4.8637851,52.3863297],[4.863835,52.3863347],[4.8636673,52.3868516],[4.8635455,52.3872089],[4.8634121,52.3876751],[4.8634041,52.3876996],[4.8633632,52.3876976],[4.8633313,52.3876944]]]]},"properties":{"natural":"water"}},{"type":"Feature","geometry":{"type":"MultiPolygon","coordinates":[[[[4.8573503,52.3884605],[4.8573546,52.3883995],[4.857427,52.3884014],[4.8574227,52.3884624],[4.8573503,52.3884605]]]]},"properties":{"building":"yes"}},{"type":"Feature","geometry":{"type":"MultiPolygon","coordinates":[[[[4.8475161,52.386608],[4.8475175,52.3865916],[4.8477213,52.3864709],[4.8477334,52.3865122],[4.847555,52.3866145],[4.8475295,52.3866202],[4.8475161,52.386608]]]]},"properties":{"natural":"water"}},{"type":"Feature","geometry":{"type":"MultiPolygon","coordinates":[[[[4.8469837,52.386885],[4.8471386,52.3868306],[4.8472221,52.3867878],[4.8472221,52.3868351],[4.8471037,52.386901],[4.8470903,52.3870082],[4.8470796,52.3870094],[4.8469837,52.386885]]]]},"properties":{"natural":"water"}},{"type":"Feature","geometry":{"type":"MultiPolygon","coordinates":[[[[4.84745,52.3881564],[4.8474504,52.3880796],[4.8474736,52.3879309],[4.8474913,52.3876372],[4.8474932,52.3873128],[4.8475144,52.3871956],[4.847557,52.3871967],[4.8475429,52.387271],[4.8475208,52.3878374],[4.8475007,52.3880072],[4.8474839,52.3880845],[4.8474866,52.3881357],[4.8474987,52.3882229],[4.8475154,52.3882765],[4.8475678,52.3883526],[4.8476234,52.3883817],[4.8476744,52.3883857],[4.8479012,52.3884056],[4.8478707,52.3884245],[4.847654,52.3884066],[4.8475852,52.3883862],[4.8475377,52.3883624],[4.8474652,52.3882373],[4.8474656,52.3882033],[4.84745,52.3881564]]]]},"properties":{"natural":"water"}},{"type":"Feature","geometry":{"type":"MultiPolygon","coordinates":[[[[4.8593192,52.3858422],[4.8596229,52.3858451],[4.8599267,52.3858295],[4.8601185,52.3858295],[4.8603616,52.3858312],[4.8606179,52.3858357],[4.8608956,52.3858463],[4.8612899,52.3858701],[4.8615836,52.3858938],[4.8618914,52.3859229],[4.8623428,52.3859713],[4.8625075,52.3859864],[4.8639238,52.3863205],[4.863835,52.3863347],[4.8637851,52.3863297],[4.8631272,52.3861741],[4.8627752,52.3860853],[4.8624661,52.3860309],[4.8622079,52.386001],[4.861825,52.3859585],[4.8613691,52.3859122],[4.8609808,52.3858836],[4.8606214,52.385857],[4.86038,52.3858574],[4.8603196,52.3858627],[4.8602003,52.3858664],[4.8600608,52.3858791],[4.8599073,52.3858815],[4.8598563,52.3858754],[4.8597148,52.3858737],[4.8593272,52.3858782],[4.8593238,52.3858601],[4.8593192,52.3858422]]]]},"properties":{"natural":"water"}},{"type":"Feature","geometry":{"type":"MultiPolygon","coordinates":[[[[4.8475144,52.3871956],[4.8475257,52.387152],[4.8475299,52.3870459],[4.8475445,52.386905],[4.8475677,52.3867426],[4.8476205,52.3866686],[4.8477881,52.3865695],[4.847874,52.3865527],[4.8480268,52.3865361],[4.8486591,52.3865067],[4.8486634,52.3865468],[4.8480324,52.3865687],[4.847964,52.3865752],[4.8479198,52.3865826],[4.847899,52.3866092],[4.8478997,52.3866366],[4.8479158,52.3866661],[4.8479044,52.3866923],[4.847781,52.3866247],[4.8477066,52.3866685],[4.8476388,52.3867226],[4.8476167,52.3867578],[4.8475718,52.387151],[4.847557,52.3871967],[4.8475144,52.3871956]]]]},"properties":{"natural":"water"}},{"type":"Feature","geometry":{"type":"MultiPolygon","coordinates":[[[[4.8544925,52.3857464],[4.854494,52.3857136],[4.8545328,52.3857143],[4.8545313,52.3857471],[4.8544925,52.3857464]]]]},"properties":{"building":"yes"}},{"type":"Feature","geometry":{"type":"MultiPolygon","coordinates":[[[[4.8471711,52.3870151],[4.8471783,52.3869073],[4.8473104,52.3869107],[4.8473031,52.3870184],[4.8471711,52.3870151]]]]},"properties":{"building":"commercial","ref:bag":"0363100012254425","source":"BAG","source:date":"2023-12-24","start_date":"2023"}},{"type":"Feature","geometry":{"type":"MultiPolygon","coordinates":[[[[4.8569197,52.385532],[4.8569263,52.3855268],[4.8570801,52.3855222],[4.8572227,52.3855121],[4.8575352,52.3855139],[4.8576814,52.3855104],[4.8579785,52.3855092],[4.8585454,52.3855231],[4.8589595,52.3855328],[4.8591104,52.385534],[4.8594613,52.3855455],[4.8596292,52.3855513],[4.859649,52.3855542],[4.8597027,52.3855553],[4.8598027,52.385553],[4.860014,52.3855547],[4.8600951,52.385557],[4.8608525,52.385557],[4.8612859,52.3855671],[4.8615185,52.3855801],[4.8619344,52.3855893],[4.8620071,52.3855864],[4.8621985,52.3855927],[4.8627041,52.3855916],[4.8630333,52.3855864],[4.863453,52.3855904],[4.8635379,52.3855933],[4.8637039,52.3855921],[4.8639275,52.3856016],[4.864018,52.3856022],[4.8640793,52.3856065],[4.8641035,52.3856112],[4.8641296,52.3856326],[4.8641366,52.3856445],[4.8641293,52.3856478],[4.8641224,52.3856486],[4.8641069,52.3856424],[4.8640817,52.3856258],[4.8637841,52.3856111],[4.8635545,52.3856069],[4.8635436,52.3856134],[4.8635332,52.3856209],[4.8633933,52.3858026],[4.8633799,52.3858095],[4.8633592,52.3858099],[4.8632295,52.3857908],[4.8630833,52.38577],[4.8630022,52.3857579],[4.8628909,52.3857436],[4.8628003,52.3857297],[4.8627673,52.3857274],[4.8625853,52.3857033],[4.8625475,52.3856958],[4.8623089,52.3856618],[4.8622627,52.3856537],[4.8622363,52.3856509],[4.8621853,52.3856463],[4.8619986,52.3856175],[4.8619127,52.3856106],[4.8618194,52.3856071],[4.8617005,52.3855968],[4.8614006,52.3855812],[4.8609912,52.3855708],[4.8605517,52.3855662],[4.8601866,52.3855708],[4.8598688,52.3855668],[4.8596716,52.3855685],[4.8590774,52.3855553],[4.8589623,52.3855576],[4.8588519,52.3855536],[4.8585473,52.3855559],[4.8581191,52.3855697],[4.8576965,52.3855858],[4.8570024,52.3855955],[4.856949,52.3855913],[4.8569197,52.3855812],[4.8569197,52.385532]],[[4.862134,52.3856084],[4.8621344,52.3856117],[4.8622339,52.3856255],[4.862373,52.3856448],[4.8626494,52.3856802],[4.8626999,52.3856857],[4.8627899,52.3857024],[4.8628659,52.3857122],[4.8629154,52.3857194],[4.8630055,52.3857323],[4.8630526,52.3857401],[4.8633356,52.3857813],[4.8633653,52.385785],[4.8633693,52.3857852],[4.863372,52.3857844],[4.863373,52.3857809],[4.863406,52.385738],[4.8635038,52.3856101],[4.8630687,52.385614],[4.8628041,52.3856106],[4.8625678,52.3856109],[4.8623994,52.385608],[4.8621405,52.3856063],[4.8621362,52.3856067],[4.862134,52.3856084]]]]},"properties":{"natural":"water"}},{"type":"Feature","geometry":{"type":"MultiPolygon","coordinates":[[[[4.853656,52.3856112],[4.853659,52.385519],[4.8537356,52.3855199],[4.8537325,52.3856122],[4.853656,52.3856112]]]]},"properties":{"natural":"water"}},{"type":"Feature","geometry":{"type":"MultiPolygon","coordinates":[[[[4.8536509,52.3857236],[4.8536552,52.3856323],[4.8537307,52.3856336],[4.853728,52.3856892],[4.8539586,52.3856933],[4.8539569,52.385729],[4.8537332,52.385725],[4.8536509,52.3857236]]]]},"properties":{"natural":"water"}},{"type":"Feature","geometry":{"type":"MultiPolygon","coordinates":[[[[4.8541592,52.3857327],[4.854161,52.3856955],[4.8542818,52.3856977],[4.8542845,52.3856698],[4.8543638,52.3856716],[4.8543579,52.3857363],[4.8541592,52.3857327]]]]},"properties":{"natural":"water"}},{"type":"Feature","geometry":{"type":"MultiPolygon","coordinates":[[[[4.8544945,52.385701],[4.8544993,52.3855928],[4.8545387,52.3855934],[4.8545338,52.3857017],[4.8544945,52.385701]]]]},"properties":{"building":"yes"}},{"type":"Feature","geometry":{"type":"MultiPolygon","coordinates":[[[[4.85429,52.3856479],[4.854293,52.3855855],[4.8543695,52.3855868],[4.8543665,52.3856493],[4.85429,52.3856479]]]]},"properties":{"natural":"water"}},{"type":"Feature","geometry":{"type":"MultiPolygon","coordinates":[[[[4.8542929,52.3855083],[4.8542964,52.3854458],[4.8543744,52.3854474],[4.8543709,52.3855099],[4.8542929,52.3855083]]]]},"properties":{"natural":"water"}},{"type":"Feature","geometry":{"type":"MultiPolygon","coordinates":[[[[4.8542939,52.3855645],[4.8542952,52.3855392],[4.8543718,52.3855408],[4.8543704,52.3855661],[4.8542939,52.3855645]]]]},"properties":{"natural":"water"}},{"type":"Feature","geometry":{"type":"MultiPolygon","coordinates":[[[[4.8519171,52.3856589],[4.8520643,52.3856146],[4.8521357,52.385703],[4.8519885,52.3857473],[4.8519171,52.3856589]]]]},"properties":{"area":"yes","highway":"pedestrian"}},{"type":"Feature","geometry":{"type":"MultiPolygon","coordinates":[[[[4.8475081,52.3863782],[4.8475177,52.386363],[4.8475464,52.3863698],[4.8475367,52.3863849],[4.8475081,52.3863782]]]]},"properties":{"building":"service"}},{"type":"Feature","geometry":{"type":"MultiPolygon","coordinates":[[[[4.8549874,52.3857575],[4.8550048,52.3854215],[4.8552817,52.3854258],[4.8553622,52.385427],[4.8553499,52.385737],[4.8549874,52.3857575]]]]},"properties":{"area":"yes","highway":"pedestrian","surface":"paving_stones"}},{"type":"Feature","geometry":{"type":"MultiPolygon","coordinates":[[[[4.8524947,52.3855221],[4.8524965,52.3854853],[4.8525608,52.3854864],[4.852559,52.3855232],[4.8524947,52.3855221]]]]},"properties":{"building":"yes"}},{"type":"Feature","geometry":{"type":"MultiPolygon","coordinates":[[[[4.8499919,52.3861324],[4.8500038,52.3858235],[4.8501011,52.3858249],[4.8501064,52.3856886],[4.8503801,52.3856925],[4.8503911,52.3854085],[4.8514142,52.3854234],[4.8513979,52.3858437],[4.851307,52.3858424],[4.8513011,52.3859957],[4.8507458,52.3859876],[4.8507422,52.3860819],[4.8502174,52.3860743],[4.850215,52.3861356],[4.8499919,52.3861324]]]]},"properties":{"building":"apartments","ref:bag":"0363100012570893","source":"BAG","source:date":"2026-01-10","start_date":"2025"}},{"type":"Feature","geometry":{"type":"MultiPolygon","coordinates":[[[[4.8531392,52.3855563],[4.8531401,52.3855233],[4.8534576,52.3855291],[4.8534574,52.3855624],[4.8531392,52.3855563]]]]},"properties":{"building":"yes"}}]}