{
  "type": "FeatureCollection",
  "features": [
    {
      "type": "Feature",
      "geometry": {
        "type": "MultiPolygon",
        "coordinates": [
          [
            [
              [
                4.8620505,
                52.3868851
              ],
              [
                4.8620705,
                52.3868257
              ],
              [
                4.8621695,
                52.3868379
              ],
              [
                4.8621495,
                52.3868976
              ],
              [
                4.8620505,
                52.3868851
              ]
            ]
          ]
        ]
      },
      "properties": {
        "id": "w57864454",
        "tier": 4,
        "building": "yes",
        "osmId": "w57864454",
        "allotmentHouse": "garden-house-v1",
        "allotmentPark": "Tuinpark Nut & Genoegen",
        "heightSource": "approximate-allotment-prior",
        "height": 3.4,
        "minHeight": 0,
        "roofEavesHeightM": 2.4,
        "roofHeight": 1,
        "roofShape": "gabled",
        "colour": "#8b7664",
        "sideColour": "#8b7664",
        "roofColour": "#625d52"
      }
    },
    {
      "type": "Feature",
      "geometry": {
        "type": "MultiPolygon",
        "coordinates": [
          [
            [
              [
                4.8631743,
                52.387687
              ],
              [
                4.8631942,
                52.3876275
              ],
              [
                4.8632932,
                52.3876398
              ],
              [
                4.8632732,
                52.3876995
              ],
              [
                4.8631743,
                52.387687
              ]
            ]
          ]
        ]
      },
      "properties": {
        "id": "w57864459",
        "tier": 4,
        "building": "yes",
        "osmId": "w57864459",
        "allotmentHouse": "garden-house-v1",
        "allotmentPark": "Tuinpark Nut & Genoegen",
        "heightSource": "approximate-allotment-prior",
        "height": 3.4,
        "minHeight": 0,
        "roofEavesHeightM": 2.4,
        "roofHeight": 1,
        "roofShape": "gabled",
        "colour": "#8b7664",
        "sideColour": "#8b7664",
        "roofColour": "#625d52"
      }
    },
    {
      "type": "Feature",
      "geometry": {
        "type": "MultiPolygon",
        "coordinates": [
          [
            [
              [
                4.8608976,
                52.3863769
              ],
              [
                4.8609176,
                52.3863172
              ],
              [
                4.8610166,
                52.3863297
              ],
              [
                4.8609966,
                52.3863895
              ],
              [
                4.8608976,
                52.3863769
              ]
            ]
          ]
        ]
      },
      "properties": {
        "id": "w57864490",
        "tier": 4,
        "building": "yes",
        "osmId": "w57864490",
        "allotmentHouse": "garden-house-v1",
        "allotmentPark": "Tuinpark Nut & Genoegen",
        "heightSource": "approximate-allotment-prior",
        "height": 3.4,
        "minHeight": 0,
        "roofEavesHeightM": 2.4,
        "roofHeight": 1,
        "roofShape": "gabled",
        "colour": "#a18d6c",
        "sideColour": "#a18d6c",
        "roofColour": "#625d52"
      }
    },
    {
      "type": "Feature",
      "geometry": {
        "type": "MultiPolygon",
        "coordinates": [
          [
            [
              [
                4.8564183,
                52.3867155
              ],
              [
                4.8564905,
                52.3866737
              ],
              [
                4.85656,
                52.3867184
              ],
              [
                4.8564878,
                52.3867602
              ],
              [
                4.8564183,
                52.3867155
              ]
            ]
          ]
        ]
      },
      "properties": {
        "id": "w57864508",
        "tier": 4,
        "building": "yes",
        "osmId": "w57864508",
        "allotmentHouse": "garden-house-v1",
        "allotmentPark": "Tuinpark Nut & Genoegen",
        "heightSource": "approximate-allotment-prior",
        "height": 3.4,
        "minHeight": 0,
        "roofEavesHeightM": 2.4,
        "roofHeight": 1,
        "roofShape": "gabled",
        "colour": "#c5b798",
        "sideColour": "#c5b798",
        "roofColour": "#625d52"
      }
    },
    {
      "type": "Feature",
      "geometry": {
        "type": "MultiPolygon",
        "coordinates": [
          [
            [
              [
                4.862972,
                52.3867549
              ],
              [
                4.8629919,
                52.3866952
              ],
              [
                4.8630909,
                52.3867077
              ],
              [
                4.8630709,
                52.3867672
              ],
              [
                4.862972,
                52.3867549
              ]
            ]
          ]
        ]
      },
      "properties": {
        "id": "w57864525",
        "tier": 4,
        "building": "yes",
        "osmId": "w57864525",
        "allotmentHouse": "garden-house-v1",
        "allotmentPark": "Tuinpark Nut & Genoegen",
        "heightSource": "approximate-allotment-prior",
        "height": 3.4,
        "minHeight": 0,
        "roofEavesHeightM": 2.4,
        "roofHeight": 1,
        "roofShape": "gabled",
        "colour": "#a18d6c",
        "sideColour": "#a18d6c",
        "roofColour": "#625d52"
      }
    },
    {
      "type": "Feature",
      "geometry": {
        "type": "MultiPolygon",
        "coordinates": [
          [
            [
              [
                4.8574367,
                52.3862298
              ],
              [
                4.8575091,
                52.386188
              ],
              [
                4.8575784,
                52.3862326
              ],
              [
                4.8575062,
                52.3862744
              ],
              [
                4.8574367,
                52.3862298
              ]
            ]
          ]
        ]
      },
      "properties": {
        "id": "w57864529",
        "tier": 4,
        "building": "yes",
        "osmId": "w57864529",
        "allotmentHouse": "garden-house-v1",
        "allotmentPark": "Tuinpark Nut & Genoegen",
        "heightSource": "approximate-allotment-prior",
        "height": 3.4,
        "minHeight": 0,
        "roofEavesHeightM": 2.4,
        "roofHeight": 1,
        "roofShape": "gabled",
        "colour": "#8b7664",
        "sideColour": "#8b7664",
        "roofColour": "#625d52"
      }
    },
    {
      "type": "Feature",
      "geometry": {
        "type": "MultiPolygon",
        "coordinates": [
          [
            [
              [
                4.8613648,
                52.3860107
              ],
              [
                4.8613847,
                52.385951
              ],
              [
                4.8614837,
                52.3859635
              ],
              [
                4.8614638,
                52.3860232
              ],
              [
                4.8613648,
                52.3860107
              ]
            ]
          ]
        ]
      },
      "properties": {
        "id": "w57864571",
        "tier": 4,
        "building": "yes",
        "osmId": "w57864571",
        "allotmentHouse": "garden-house-v1",
        "allotmentPark": "Tuinpark Nut & Genoegen",
        "heightSource": "approximate-allotment-prior",
        "height": 3.4,
        "minHeight": 0,
        "roofEavesHeightM": 2.4,
        "roofHeight": 1,
        "roofShape": "gabled",
        "colour": "#75866b",
        "sideColour": "#75866b",
        "roofColour": "#625d52"
      }
    },
    {
      "type": "Feature",
      "geometry": {
        "type": "MultiPolygon",
        "coordinates": [
          [
            [
              [
                4.8522203,
                52.3867687
              ],
              [
                4.8522925,
                52.3867269
              ],
              [
                4.8523618,
                52.3867716
              ],
              [
                4.8522896,
                52.3868134
              ],
              [
                4.8522203,
                52.3867687
              ]
            ]
          ]
        ]
      },
      "properties": {
        "id": "w57864579",
        "tier": 4,
        "building": "yes",
        "osmId": "w57864579",
        "allotmentHouse": "garden-house-v1",
        "allotmentPark": "Tuingroep Sloterdijkermeer",
        "heightSource": "approximate-allotment-prior",
        "height": 3.4,
        "minHeight": 0,
        "roofEavesHeightM": 2.4,
        "roofHeight": 1,
        "roofShape": "gabled",
        "colour": "#8b7664",
        "sideColour": "#8b7664",
        "roofColour": "#625d52"
      }
    },
    {
      "type": "Feature",
      "geometry": {
        "type": "MultiPolygon",
        "coordinates": [
          [
            [
              [
                4.8484089,
                52.3869574
              ],
              [
                4.8484812,
                52.3869156
              ],
              [
                4.8485505,
                52.3869606
              ],
              [
                4.8484783,
                52.3870024
              ],
              [
                4.8484089,
                52.3869574
              ]
            ]
          ]
        ]
      },
      "properties": {
        "id": "w57864587",
        "tier": 4,
        "building": "yes",
        "osmId": "w57864587",
        "allotmentHouse": "garden-house-v1",
        "allotmentPark": "Tuingroep Sloterdijkermeer",
        "heightSource": "approximate-allotment-prior",
        "height": 3.4,
        "minHeight": 0,
        "roofEavesHeightM": 2.4,
        "roofHeight": 1,
        "roofShape": "gabled",
        "colour": "#99846f",
        "sideColour": "#99846f",
        "roofColour": "#625d52"
      }
    },
    {
      "type": "Feature",
      "geometry": {
        "type": "MultiPolygon",
        "coordinates": [
          [
            [
              [
                4.8541554,
                52.3881988
              ],
              [
                4.8542276,
                52.388157
              ],
              [
                4.8542971,
                52.388202
              ],
              [
                4.8542247,
                52.3882438
              ],
              [
                4.8541554,
                52.3881988
              ]
            ]
          ]
        ]
      },
      "properties": {
        "id": "w57864598",
        "tier": 4,
        "building": "yes",
        "osmId": "w57864598",
        "allotmentHouse": "garden-house-v1",
        "allotmentPark": "Tuingroep Sloterdijkermeer",
        "heightSource": "approximate-allotment-prior",
        "height": 3.4,
        "minHeight": 0,
        "roofEavesHeightM": 2.4,
        "roofHeight": 1,
        "roofShape": "gabled",
        "colour": "#c5b798",
        "sideColour": "#c5b798",
        "roofColour": "#625d52"
      }
    },
    {
      "type": "Feature",
      "geometry": {
        "type": "MultiPolygon",
        "coordinates": [
          [
            [
              [
                4.8591522,
                52.3866201
              ],
              [
                4.8592244,
                52.386578
              ],
              [
                4.8592939,
                52.386623
              ],
              [
                4.8592217,
                52.3866648
              ],
              [
                4.8591522,
                52.3866201
              ]
            ]
          ]
        ]
      },
      "properties": {
        "id": "w57864600",
        "tier": 4,
        "building": "yes",
        "osmId": "w57864600",
        "allotmentHouse": "garden-house-v1",
        "allotmentPark": "Tuinpark Nut & Genoegen",
        "heightSource": "approximate-allotment-prior",
        "height": 3.4,
        "minHeight": 0,
        "roofEavesHeightM": 2.4,
        "roofHeight": 1,
        "roofShape": "gabled",
        "colour": "#a18d6c",
        "sideColour": "#a18d6c",
        "roofColour": "#625d52"
      }
    },
    {
      "type": "Feature",
      "geometry": {
        "type": "MultiPolygon",
        "coordinates": [
          [
            [
              [
                4.8592175,
                52.3874831
              ],
              [
                4.8592848,
                52.3874381
              ],
              [
                4.8593591,
                52.38748
              ],
              [
                4.8592918,
                52.3875247
              ],
              [
                4.8592175,
                52.3874831
              ]
            ]
          ]
        ]
      },
      "properties": {
        "id": "w57864609",
        "tier": 4,
        "building": "yes",
        "osmId": "w57864609",
        "allotmentHouse": "garden-house-v1",
        "allotmentPark": "Tuinpark Nut & Genoegen",
        "heightSource": "approximate-allotment-prior",
        "height": 3.4,
        "minHeight": 0,
        "roofEavesHeightM": 2.4,
        "roofHeight": 1,
        "roofShape": "gabled",
        "colour": "#8b7664",
        "sideColour": "#8b7664",
        "roofColour": "#625d52"
      }
    },
    {
      "type": "Feature",
      "geometry": {
        "type": "MultiPolygon",
        "coordinates": [
          [
            [
              [
                4.8565143,
                52.3861377
              ],
              [
                4.8565866,
                52.3860959
              ],
              [
                4.856656,
                52.3861409
              ],
              [
                4.8565838,
                52.3861827
              ],
              [
                4.8565143,
                52.3861377
              ]
            ]
          ]
        ]
      },
      "properties": {
        "id": "w57864631",
        "tier": 4,
        "building": "yes",
        "osmId": "w57864631",
        "allotmentHouse": "garden-house-v1",
        "allotmentPark": "Tuingroep Sloterdijkermeer",
        "heightSource": "approximate-allotment-prior",
        "height": 3.4,
        "minHeight": 0,
        "roofEavesHeightM": 2.4,
        "roofHeight": 1,
        "roofShape": "gabled",
        "colour": "#75866b",
        "sideColour": "#75866b",
        "roofColour": "#625d52"
      }
    },
    {
      "type": "Feature",
      "geometry": {
        "type": "MultiPolygon",
        "coordinates": [
          [
            [
              [
                4.8639272,
                52.3881671
              ],
              [
                4.8639471,
                52.3881076
              ],
              [
                4.8640457,
                52.3881199
              ],
              [
                4.8640258,
                52.3881794
              ],
              [
                4.8639272,
                52.3881671
              ]
            ]
          ]
        ]
      },
      "properties": {
        "id": "w57864637",
        "tier": 4,
        "building": "yes",
        "osmId": "w57864637",
        "allotmentHouse": "garden-house-v1",
        "allotmentPark": "Tuinpark Nut & Genoegen",
        "heightSource": "approximate-allotment-prior",
        "height": 3.4,
        "minHeight": 0,
        "roofEavesHeightM": 2.4,
        "roofHeight": 1,
        "roofShape": "gabled",
        "colour": "#99846f",
        "sideColour": "#99846f",
        "roofColour": "#625d52"
      }
    },
    {
      "type": "Feature",
      "geometry": {
        "type": "MultiPolygon",
        "coordinates": [
          [
            [
              [
                4.8575705,
                52.3864515
              ],
              [
                4.8576427,
                52.3864097
              ],
              [
                4.8577122,
                52.3864544
              ],
              [
                4.8576399,
                52.3864962
              ],
              [
                4.8575705,
                52.3864515
              ]
            ]
          ]
        ]
      },
      "properties": {
        "id": "w57864646",
        "tier": 4,
        "building": "yes",
        "osmId": "w57864646",
        "allotmentHouse": "garden-house-v1",
        "allotmentPark": "Tuinpark Nut & Genoegen",
        "heightSource": "approximate-allotment-prior",
        "height": 3.4,
        "minHeight": 0,
        "roofEavesHeightM": 2.4,
        "roofHeight": 1,
        "roofShape": "gabled",
        "colour": "#75866b",
        "sideColour": "#75866b",
        "roofColour": "#625d52"
      }
    },
    {
      "type": "Feature",
      "geometry": {
        "type": "MultiPolygon",
        "coordinates": [
          [
            [
              [
                4.862174,
                52.387044
              ],
              [
                4.862194,
                52.3869843
              ],
              [
                4.862293,
                52.3869968
              ],
              [
                4.862273,
                52.3870563
              ],
              [
                4.862174,
                52.387044
              ]
            ]
          ]
        ]
      },
      "properties": {
        "id": "w57864654",
        "tier": 4,
        "building": "yes",
        "osmId": "w57864654",
        "allotmentHouse": "garden-house-v1",
        "allotmentPark": "Tuinpark Nut & Genoegen",
        "heightSource": "approximate-allotment-prior",
        "height": 3.4,
        "minHeight": 0,
        "roofEavesHeightM": 2.4,
        "roofHeight": 1,
        "roofShape": "gabled",
        "colour": "#8b7664",
        "sideColour": "#8b7664",
        "roofColour": "#625d52"
      }
    },
    {
      "type": "Feature",
      "geometry": {
        "type": "MultiPolygon",
        "coordinates": [
          [
            [
              [
                4.8483529,
                52.3871145
              ],
              [
                4.8484251,
                52.3870727
              ],
              [
                4.8484946,
                52.3871176
              ],
              [
                4.8484222,
                52.3871594
              ],
              [
                4.8483529,
                52.3871145
              ]
            ]
          ]
        ]
      },
      "properties": {
        "id": "w57864664",
        "tier": 4,
        "building": "yes",
        "osmId": "w57864664",
        "allotmentHouse": "garden-house-v1",
        "allotmentPark": "Tuingroep Sloterdijkermeer",
        "heightSource": "approximate-allotment-prior",
        "height": 3.4,
        "minHeight": 0,
        "roofEavesHeightM": 2.4,
        "roofHeight": 1,
        "roofShape": "gabled",
        "colour": "#8b7664",
        "sideColour": "#8b7664",
        "roofColour": "#625d52"
      }
    },
    {
      "type": "Feature",
      "geometry": {
        "type": "MultiPolygon",
        "coordinates": [
          [
            [
              [
                4.8584799,
                52.3868985
              ],
              [
                4.8585523,
                52.3868567
              ],
              [
                4.8586218,
                52.3869017
              ],
              [
                4.8585495,
                52.3869434
              ],
              [
                4.8584799,
                52.3868985
              ]
            ]
          ]
        ]
      },
      "properties": {
        "id": "w57864674",
        "tier": 4,
        "building": "yes",
        "osmId": "w57864674",
        "allotmentHouse": "garden-house-v1",
        "allotmentPark": "Tuinpark Nut & Genoegen",
        "heightSource": "approximate-allotment-prior",
        "height": 3.4,
        "minHeight": 0,
        "roofEavesHeightM": 2.4,
        "roofHeight": 1,
        "roofShape": "gabled",
        "colour": "#8b7664",
        "sideColour": "#8b7664",
        "roofColour": "#625d52"
      }
    },
    {
      "type": "Feature",
      "geometry": {
        "type": "MultiPolygon",
        "coordinates": [
          [
            [
              [
                4.8606066,
                52.3877742
              ],
              [
                4.8606266,
                52.3877145
              ],
              [
                4.8607256,
                52.387727
              ],
              [
                4.8607057,
                52.3877864
              ],
              [
                4.8606066,
                52.3877742
              ]
            ]
          ]
        ]
      },
      "properties": {
        "id": "w57864689",
        "tier": 4,
        "building": "yes",
        "osmId": "w57864689",
        "allotmentHouse": "garden-house-v1",
        "allotmentPark": "Tuinpark Nut & Genoegen",
        "heightSource": "approximate-allotment-prior",
        "height": 3.4,
        "minHeight": 0,
        "roofEavesHeightM": 2.4,
        "roofHeight": 1,
        "roofShape": "gabled",
        "colour": "#8b7664",
        "sideColour": "#8b7664",
        "roofColour": "#625d52"
      }
    },
    {
      "type": "Feature",
      "geometry": {
        "type": "MultiPolygon",
        "coordinates": [
          [
            [
              [
                4.858558,
                52.3882218
              ],
              [
                4.8586303,
                52.38818
              ],
              [
                4.8586997,
                52.3882247
              ],
              [
                4.8586274,
                52.3882665
              ],
              [
                4.858558,
                52.3882218
              ]
            ]
          ]
        ]
      },
      "properties": {
        "id": "w57864694",
        "tier": 4,
        "building": "yes",
        "osmId": "w57864694",
        "allotmentHouse": "garden-house-v1",
        "allotmentPark": "Tuinpark Nut & Genoegen",
        "heightSource": "approximate-allotment-prior",
        "height": 3.4,
        "minHeight": 0,
        "roofEavesHeightM": 2.4,
        "roofHeight": 1,
        "roofShape": "gabled",
        "colour": "#8b7664",
        "sideColour": "#8b7664",
        "roofColour": "#625d52"
      }
    },
    {
      "type": "Feature",
      "geometry": {
        "type": "MultiPolygon",
        "coordinates": [
          [
            [
              [
                4.8520752,
                52.3883482
              ],
              [
                4.8521475,
                52.3883064
              ],
              [
                4.8522169,
                52.3883514
              ],
              [
                4.8521447,
                52.3883932
              ],
              [
                4.8520752,
                52.3883482
              ]
            ]
          ]
        ]
      },
      "properties": {
        "id": "w57864703",
        "tier": 4,
        "building": "yes",
        "osmId": "w57864703",
        "allotmentHouse": "garden-house-v1",
        "allotmentPark": "Tuingroep Sloterdijkermeer",
        "heightSource": "approximate-allotment-prior",
        "height": 3.4,
        "minHeight": 0,
        "roofEavesHeightM": 2.4,
        "roofHeight": 1,
        "roofShape": "gabled",
        "colour": "#c5b798",
        "sideColour": "#c5b798",
        "roofColour": "#625d52"
      }
    },
    {
      "type": "Feature",
      "geometry": {
        "type": "MultiPolygon",
        "coordinates": [
          [
            [
              [
                4.8628362,
                52.3866065
              ],
              [
                4.8628561,
                52.3865467
              ],
              [
                4.8629551,
                52.3865593
              ],
              [
                4.8629352,
                52.3866187
              ],
              [
                4.8628362,
                52.3866065
              ]
            ]
          ]
        ]
      },
      "properties": {
        "id": "w57864716",
        "tier": 4,
        "building": "yes",
        "osmId": "w57864716",
        "allotmentHouse": "garden-house-v1",
        "allotmentPark": "Tuinpark Nut & Genoegen",
        "heightSource": "approximate-allotment-prior",
        "height": 3.4,
        "minHeight": 0,
        "roofEavesHeightM": 2.4,
        "roofHeight": 1,
        "roofShape": "gabled",
        "colour": "#75866b",
        "sideColour": "#75866b",
        "roofColour": "#625d52"
      }
    },
    {
      "type": "Feature",
      "geometry": {
        "type": "MultiPolygon",
        "coordinates": [
          [
            [
              [
                4.8573778,
                52.3878063
              ],
              [
                4.8574379,
                52.3877566
              ],
              [
                4.8575178,
                52.3877929
              ],
              [
                4.8574577,
                52.3878426
              ],
              [
                4.8573778,
                52.3878063
              ]
            ]
          ]
        ]
      },
      "properties": {
        "id": "w57864755",
        "tier": 4,
        "building": "yes",
        "osmId": "w57864755",
        "allotmentHouse": "garden-house-v1",
        "allotmentPark": "Tuinpark Nut & Genoegen",
        "heightSource": "approximate-allotment-prior",
        "height": 3.4,
        "minHeight": 0,
        "roofEavesHeightM": 2.4,
        "roofHeight": 1,
        "roofShape": "gabled",
        "colour": "#a18d6c",
        "sideColour": "#a18d6c",
        "roofColour": "#625d52"
      }
    },
    {
      "type": "Feature",
      "geometry": {
        "type": "MultiPolygon",
        "coordinates": [
          [
            [
              [
                4.8490442,
                52.3883265
              ],
              [
                4.8491164,
                52.3882847
              ],
              [
                4.8491859,
                52.3883297
              ],
              [
                4.8491136,
                52.3883715
              ],
              [
                4.8490442,
                52.3883265
              ]
            ]
          ]
        ]
      },
      "properties": {
        "id": "w57864765",
        "tier": 4,
        "building": "yes",
        "osmId": "w57864765",
        "allotmentHouse": "garden-house-v1",
        "allotmentPark": "Tuingroep Sloterdijkermeer",
        "heightSource": "approximate-allotment-prior",
        "height": 3.4,
        "minHeight": 0,
        "roofEavesHeightM": 2.4,
        "roofHeight": 1,
        "roofShape": "gabled",
        "colour": "#a18d6c",
        "sideColour": "#a18d6c",
        "roofColour": "#625d52"
      }
    },
    {
      "type": "Feature",
      "geometry": {
        "type": "MultiPolygon",
        "coordinates": [
          [
            [
              [
                4.8622476,
                52.3863801
              ],
              [
                4.8622676,
                52.3863207
              ],
              [
                4.8623665,
                52.3863329
              ],
              [
                4.8623465,
                52.3863926
              ],
              [
                4.8622476,
                52.3863801
              ]
            ]
          ]
        ]
      },
      "properties": {
        "id": "w57864768",
        "tier": 4,
        "building": "yes",
        "osmId": "w57864768",
        "allotmentHouse": "garden-house-v1",
        "allotmentPark": "Tuinpark Nut & Genoegen",
        "heightSource": "approximate-allotment-prior",
        "height": 3.4,
        "minHeight": 0,
        "roofEavesHeightM": 2.4,
        "roofHeight": 1,
        "roofShape": "gabled",
        "colour": "#c5b798",
        "sideColour": "#c5b798",
        "roofColour": "#625d52"
      }
    },
    {
      "type": "Feature",
      "geometry": {
        "type": "MultiPolygon",
        "coordinates": [
          [
            [
              [
                4.8505888,
                52.3872219
              ],
              [
                4.850661,
                52.3871801
              ],
              [
                4.8507305,
                52.387225
              ],
              [
                4.8506581,
                52.3872668
              ],
              [
                4.8505888,
                52.3872219
              ]
            ]
          ]
        ]
      },
      "properties": {
        "id": "w57864775",
        "tier": 4,
        "building": "yes",
        "osmId": "w57864775",
        "allotmentHouse": "garden-house-v1",
        "allotmentPark": "Tuingroep Sloterdijkermeer",
        "heightSource": "approximate-allotment-prior",
        "height": 3.4,
        "minHeight": 0,
        "roofEavesHeightM": 2.4,
        "roofHeight": 1,
        "roofShape": "gabled",
        "colour": "#a18d6c",
        "sideColour": "#a18d6c",
        "roofColour": "#625d52"
      }
    },
    {
      "type": "Feature",
      "geometry": {
        "type": "MultiPolygon",
        "coordinates": [
          [
            [
              [
                4.8606115,
                52.3872349
              ],
              [
                4.8606315,
                52.3871752
              ],
              [
                4.8607305,
                52.3871877
              ],
              [
                4.8607105,
                52.3872474
              ],
              [
                4.8606115,
                52.3872349
              ]
            ]
          ]
        ]
      },
      "properties": {
        "id": "w57864782",
        "tier": 4,
        "building": "yes",
        "osmId": "w57864782",
        "allotmentHouse": "garden-house-v1",
        "allotmentPark": "Tuinpark Nut & Genoegen",
        "heightSource": "approximate-allotment-prior",
        "height": 3.4,
        "minHeight": 0,
        "roofEavesHeightM": 2.4,
        "roofHeight": 1,
        "roofShape": "gabled",
        "colour": "#99846f",
        "sideColour": "#99846f",
        "roofColour": "#625d52"
      }
    },
    {
      "type": "Feature",
      "geometry": {
        "type": "MultiPolygon",
        "coordinates": [
          [
            [
              [
                4.8538048,
                52.3874995
              ],
              [
                4.8538772,
                52.3874578
              ],
              [
                4.8539468,
                52.3875027
              ],
              [
                4.8538744,
                52.3875444
              ],
              [
                4.8538048,
                52.3874995
              ]
            ]
          ]
        ]
      },
      "properties": {
        "id": "w57864824",
        "tier": 4,
        "building": "yes",
        "osmId": "w57864824",
        "allotmentHouse": "garden-house-v1",
        "allotmentPark": "Tuingroep Sloterdijkermeer",
        "heightSource": "approximate-allotment-prior",
        "height": 3.4,
        "minHeight": 0,
        "roofEavesHeightM": 2.4,
        "roofHeight": 1,
        "roofShape": "gabled",
        "colour": "#8b7664",
        "sideColour": "#8b7664",
        "roofColour": "#625d52"
      }
    },
    {
      "type": "Feature",
      "geometry": {
        "type": "MultiPolygon",
        "coordinates": [
          [
            [
              [
                4.8514317,
                52.3866771
              ],
              [
                4.851504,
                52.3866353
              ],
              [
                4.8515734,
                52.3866803
              ],
              [
                4.8515012,
                52.3867221
              ],
              [
                4.8514317,
                52.3866771
              ]
            ]
          ]
        ]
      },
      "properties": {
        "id": "w57864829",
        "tier": 4,
        "building": "yes",
        "osmId": "w57864829",
        "allotmentHouse": "garden-house-v1",
        "allotmentPark": "Tuingroep Sloterdijkermeer",
        "heightSource": "approximate-allotment-prior",
        "height": 3.4,
        "minHeight": 0,
        "roofEavesHeightM": 2.4,
        "roofHeight": 1,
        "roofShape": "gabled",
        "colour": "#8b7664",
        "sideColour": "#8b7664",
        "roofColour": "#625d52"
      }
    },
    {
      "type": "Feature",
      "geometry": {
        "type": "MultiPolygon",
        "coordinates": [
          [
            [
              [
                4.8626989,
                52.3875056
              ],
              [
                4.8627188,
                52.3874459
              ],
              [
                4.8628177,
                52.3874584
              ],
              [
                4.8627979,
                52.3875179
              ],
              [
                4.8626989,
                52.3875056
              ]
            ]
          ]
        ]
      },
      "properties": {
        "id": "w57864836",
        "tier": 4,
        "building": "yes",
        "osmId": "w57864836",
        "allotmentHouse": "garden-house-v1",
        "allotmentPark": "Tuinpark Nut & Genoegen",
        "heightSource": "approximate-allotment-prior",
        "height": 3.4,
        "minHeight": 0,
        "roofEavesHeightM": 2.4,
        "roofHeight": 1,
        "roofShape": "gabled",
        "colour": "#75866b",
        "sideColour": "#75866b",
        "roofColour": "#625d52"
      }
    },
    {
      "type": "Feature",
      "geometry": {
        "type": "MultiPolygon",
        "coordinates": [
          [
            [
              [
                4.861014,
                52.3881035
              ],
              [
                4.8610339,
                52.3880437
              ],
              [
                4.8611329,
                52.3880562
              ],
              [
                4.8611129,
                52.3881157
              ],
              [
                4.861014,
                52.3881035
              ]
            ]
          ]
        ]
      },
      "properties": {
        "id": "w57864858",
        "tier": 4,
        "building": "yes",
        "osmId": "w57864858",
        "allotmentHouse": "garden-house-v1",
        "allotmentPark": "Tuinpark Nut & Genoegen",
        "heightSource": "approximate-allotment-prior",
        "height": 3.4,
        "minHeight": 0,
        "roofEavesHeightM": 2.4,
        "roofHeight": 1,
        "roofShape": "gabled",
        "colour": "#c5b798",
        "sideColour": "#c5b798",
        "roofColour": "#625d52"
      }
    },
    {
      "type": "Feature",
      "geometry": {
        "type": "MultiPolygon",
        "coordinates": [
          [
            [
              [
                4.8622627,
                52.3861171
              ],
              [
                4.8622827,
                52.3860576
              ],
              [
                4.8623816,
                52.3860699
              ],
              [
                4.8623616,
                52.3861296
              ],
              [
                4.8622627,
                52.3861171
              ]
            ]
          ]
        ]
      },
      "properties": {
        "id": "w57864872",
        "tier": 4,
        "building": "yes",
        "osmId": "w57864872",
        "allotmentHouse": "garden-house-v1",
        "allotmentPark": "Tuinpark Nut & Genoegen",
        "heightSource": "approximate-allotment-prior",
        "height": 3.4,
        "minHeight": 0,
        "roofEavesHeightM": 2.4,
        "roofHeight": 1,
        "roofShape": "gabled",
        "colour": "#99846f",
        "sideColour": "#99846f",
        "roofColour": "#625d52"
      }
    },
    {
      "type": "Feature",
      "geometry": {
        "type": "MultiPolygon",
        "coordinates": [
          [
            [
              [
                4.8599731,
                52.3876903
              ],
              [
                4.8600207,
                52.3876369
              ],
              [
                4.8601094,
                52.3876665
              ],
              [
                4.8600618,
                52.3877199
              ],
              [
                4.8599731,
                52.3876903
              ]
            ]
          ]
        ]
      },
      "properties": {
        "id": "w57864892",
        "tier": 4,
        "building": "yes",
        "osmId": "w57864892",
        "allotmentHouse": "garden-house-v1",
        "allotmentPark": "Tuinpark Nut & Genoegen",
        "heightSource": "approximate-allotment-prior",
        "height": 3.4,
        "minHeight": 0,
        "roofEavesHeightM": 2.4,
        "roofHeight": 1,
        "roofShape": "gabled",
        "colour": "#99846f",
        "sideColour": "#99846f",
        "roofColour": "#625d52"
      }
    },
    {
      "type": "Feature",
      "geometry": {
        "type": "MultiPolygon",
        "coordinates": [
          [
            [
              [
                4.856761,
                52.3865047
              ],
              [
                4.8568332,
                52.3864629
              ],
              [
                4.8569027,
                52.3865079
              ],
              [
                4.8568304,
                52.3865497
              ],
              [
                4.856761,
                52.3865047
              ]
            ]
          ]
        ]
      },
      "properties": {
        "id": "w57864954",
        "tier": 4,
        "building": "yes",
        "osmId": "w57864954",
        "allotmentHouse": "garden-house-v1",
        "allotmentPark": "Tuinpark Nut & Genoegen",
        "heightSource": "approximate-allotment-prior",
        "height": 3.4,
        "minHeight": 0,
        "roofEavesHeightM": 2.4,
        "roofHeight": 1,
        "roofShape": "gabled",
        "colour": "#8b7664",
        "sideColour": "#8b7664",
        "roofColour": "#625d52"
      }
    },
    {
      "type": "Feature",
      "geometry": {
        "type": "MultiPolygon",
        "coordinates": [
          [
            [
              [
                4.8499125,
                52.3883318
              ],
              [
                4.8499848,
                52.3882901
              ],
              [
                4.8500543,
                52.3883349
              ],
              [
                4.8499819,
                52.3883767
              ],
              [
                4.8499125,
                52.3883318
              ]
            ]
          ]
        ]
      },
      "properties": {
        "id": "w57864957",
        "tier": 4,
        "building": "yes",
        "osmId": "w57864957",
        "allotmentHouse": "garden-house-v1",
        "allotmentPark": "Tuingroep Sloterdijkermeer",
        "heightSource": "approximate-allotment-prior",
        "height": 3.4,
        "minHeight": 0,
        "roofEavesHeightM": 2.4,
        "roofHeight": 1,
        "roofShape": "gabled",
        "colour": "#99846f",
        "sideColour": "#99846f",
        "roofColour": "#625d52"
      }
    },
    {
      "type": "Feature",
      "geometry": {
        "type": "MultiPolygon",
        "coordinates": [
          [
            [
              [
                4.862949,
                52.3862361
              ],
              [
                4.862969,
                52.3861764
              ],
              [
                4.8630679,
                52.3861889
              ],
              [
                4.8630479,
                52.3862486
              ],
              [
                4.862949,
                52.3862361
              ]
            ]
          ]
        ]
      },
      "properties": {
        "id": "w57864962",
        "tier": 4,
        "building": "yes",
        "osmId": "w57864962",
        "allotmentHouse": "garden-house-v1",
        "allotmentPark": "Tuinpark Nut & Genoegen",
        "heightSource": "approximate-allotment-prior",
        "height": 3.4,
        "minHeight": 0,
        "roofEavesHeightM": 2.4,
        "roofHeight": 1,
        "roofShape": "gabled",
        "colour": "#99846f",
        "sideColour": "#99846f",
        "roofColour": "#625d52"
      }
    },
    {
      "type": "Feature",
      "geometry": {
        "type": "MultiPolygon",
        "coordinates": [
          [
            [
              [
                4.8602059,
                52.387372
              ],
              [
                4.8602425,
                52.3873155
              ],
              [
                4.8603364,
                52.3873384
              ],
              [
                4.8602998,
                52.3873949
              ],
              [
                4.8602059,
                52.387372
              ]
            ]
          ]
        ]
      },
      "properties": {
        "id": "w57864969",
        "tier": 4,
        "building": "yes",
        "osmId": "w57864969",
        "allotmentHouse": "garden-house-v1",
        "allotmentPark": "Tuinpark Nut & Genoegen",
        "heightSource": "approximate-allotment-prior",
        "height": 3.4,
        "minHeight": 0,
        "roofEavesHeightM": 2.4,
        "roofHeight": 1,
        "roofShape": "gabled",
        "colour": "#8b7664",
        "sideColour": "#8b7664",
        "roofColour": "#625d52"
      }
    },
    {
      "type": "Feature",
      "geometry": {
        "type": "MultiPolygon",
        "coordinates": [
          [
            [
              [
                4.8585887,
                52.3878165
              ],
              [
                4.858649,
                52.387767
              ],
              [
                4.8587288,
                52.3878034
              ],
              [
                4.8586686,
                52.3878528
              ],
              [
                4.8585887,
                52.3878165
              ]
            ]
          ]
        ]
      },
      "properties": {
        "id": "w57864972",
        "tier": 4,
        "building": "yes",
        "osmId": "w57864972",
        "allotmentHouse": "garden-house-v1",
        "allotmentPark": "Tuinpark Nut & Genoegen",
        "heightSource": "approximate-allotment-prior",
        "height": 3.4,
        "minHeight": 0,
        "roofEavesHeightM": 2.4,
        "roofHeight": 1,
        "roofShape": "gabled",
        "colour": "#99846f",
        "sideColour": "#99846f",
        "roofColour": "#625d52"
      }
    },
    {
      "type": "Feature",
      "geometry": {
        "type": "MultiPolygon",
        "coordinates": [
          [
            [
              [
                4.854678,
                52.3879294
              ],
              [
                4.8547502,
                52.3878876
              ],
              [
                4.8548197,
                52.3879326
              ],
              [
                4.8547474,
                52.3879744
              ],
              [
                4.854678,
                52.3879294
              ]
            ]
          ]
        ]
      },
      "properties": {
        "id": "w57864974",
        "tier": 4,
        "building": "yes",
        "osmId": "w57864974",
        "allotmentHouse": "garden-house-v1",
        "allotmentPark": "Tuingroep Sloterdijkermeer",
        "heightSource": "approximate-allotment-prior",
        "height": 3.4,
        "minHeight": 0,
        "roofEavesHeightM": 2.4,
        "roofHeight": 1,
        "roofShape": "gabled",
        "colour": "#8b7664",
        "sideColour": "#8b7664",
        "roofColour": "#625d52"
      }
    },
    {
      "type": "Feature",
      "geometry": {
        "type": "MultiPolygon",
        "coordinates": [
          [
            [
              [
                4.8617329,
                52.3876437
              ],
              [
                4.8617528,
                52.3875843
              ],
              [
                4.8618518,
                52.3875965
              ],
              [
                4.8618319,
                52.3876562
              ],
              [
                4.8617329,
                52.3876437
              ]
            ]
          ]
        ]
      },
      "properties": {
        "id": "w57864979",
        "tier": 4,
        "building": "yes",
        "osmId": "w57864979",
        "allotmentHouse": "garden-house-v1",
        "allotmentPark": "Tuinpark Nut & Genoegen",
        "heightSource": "approximate-allotment-prior",
        "height": 3.4,
        "minHeight": 0,
        "roofEavesHeightM": 2.4,
        "roofHeight": 1,
        "roofShape": "gabled",
        "colour": "#8b7664",
        "sideColour": "#8b7664",
        "roofColour": "#625d52"
      }
    },
    {
      "type": "Feature",
      "geometry": {
        "type": "MultiPolygon",
        "coordinates": [
          [
            [
              [
                4.858282,
                52.3865124
              ],
              [
                4.8583542,
                52.3864706
              ],
              [
                4.8584236,
                52.3865156
              ],
              [
                4.8583513,
                52.3865574
              ],
              [
                4.858282,
                52.3865124
              ]
            ]
          ]
        ]
      },
      "properties": {
        "id": "w57865001",
        "tier": 4,
        "building": "yes",
        "osmId": "w57865001",
        "allotmentHouse": "garden-house-v1",
        "allotmentPark": "Tuinpark Nut & Genoegen",
        "heightSource": "approximate-allotment-prior",
        "height": 3.4,
        "minHeight": 0,
        "roofEavesHeightM": 2.4,
        "roofHeight": 1,
        "roofShape": "gabled",
        "colour": "#75866b",
        "sideColour": "#75866b",
        "roofColour": "#625d52"
      }
    },
    {
      "type": "Feature",
      "geometry": {
        "type": "MultiPolygon",
        "coordinates": [
          [
            [
              [
                4.8636488,
                52.3883157
              ],
              [
                4.8636688,
                52.3882561
              ],
              [
                4.8637678,
                52.3882685
              ],
              [
                4.8637477,
                52.3883281
              ],
              [
                4.8636488,
                52.3883157
              ]
            ]
          ]
        ]
      },
      "properties": {
        "id": "w57865010",
        "tier": 4,
        "building": "yes",
        "osmId": "w57865010",
        "allotmentHouse": "garden-house-v1",
        "allotmentPark": "Tuinpark Nut & Genoegen",
        "heightSource": "approximate-allotment-prior",
        "height": 3.4,
        "minHeight": 0,
        "roofEavesHeightM": 2.4,
        "roofHeight": 1,
        "roofShape": "gabled",
        "colour": "#a18d6c",
        "sideColour": "#a18d6c",
        "roofColour": "#625d52"
      }
    },
    {
      "type": "Feature",
      "geometry": {
        "type": "MultiPolygon",
        "coordinates": [
          [
            [
              [
                4.849674,
                52.3868641
              ],
              [
                4.8497464,
                52.3868223
              ],
              [
                4.8498157,
                52.386867
              ],
              [
                4.8497435,
                52.3869088
              ],
              [
                4.849674,
                52.3868641
              ]
            ]
          ]
        ]
      },
      "properties": {
        "id": "w57865015",
        "tier": 4,
        "building": "yes",
        "osmId": "w57865015",
        "allotmentHouse": "garden-house-v1",
        "allotmentPark": "Tuingroep Sloterdijkermeer",
        "heightSource": "approximate-allotment-prior",
        "height": 3.4,
        "minHeight": 0,
        "roofEavesHeightM": 2.4,
        "roofHeight": 1,
        "roofShape": "gabled",
        "colour": "#a18d6c",
        "sideColour": "#a18d6c",
        "roofColour": "#625d52"
      }
    },
    {
      "type": "Feature",
      "geometry": {
        "type": "MultiPolygon",
        "coordinates": [
          [
            [
              [
                4.8552644,
                52.3882834
              ],
              [
                4.8553366,
                52.3882416
              ],
              [
                4.855406,
                52.3882866
              ],
              [
                4.8553337,
                52.3883284
              ],
              [
                4.8552644,
                52.3882834
              ]
            ]
          ]
        ]
      },
      "properties": {
        "id": "w57865018",
        "tier": 4,
        "building": "yes",
        "osmId": "w57865018",
        "allotmentHouse": "garden-house-v1",
        "allotmentPark": "Tuingroep Sloterdijkermeer",
        "heightSource": "approximate-allotment-prior",
        "height": 3.4,
        "minHeight": 0,
        "roofEavesHeightM": 2.4,
        "roofHeight": 1,
        "roofShape": "gabled",
        "colour": "#c5b798",
        "sideColour": "#c5b798",
        "roofColour": "#625d52"
      }
    },
    {
      "type": "Feature",
      "geometry": {
        "type": "MultiPolygon",
        "coordinates": [
          [
            [
              [
                4.8514184,
                52.387402
              ],
              [
                4.8514906,
                52.3873599
              ],
              [
                4.8515601,
                52.3874049
              ],
              [
                4.8514877,
                52.3874467
              ],
              [
                4.8514184,
                52.387402
              ]
            ]
          ]
        ]
      },
      "properties": {
        "id": "w57865022",
        "tier": 4,
        "building": "yes",
        "osmId": "w57865022",
        "allotmentHouse": "garden-house-v1",
        "allotmentPark": "Tuingroep Sloterdijkermeer",
        "heightSource": "approximate-allotment-prior",
        "height": 3.4,
        "minHeight": 0,
        "roofEavesHeightM": 2.4,
        "roofHeight": 1,
        "roofShape": "gabled",
        "colour": "#99846f",
        "sideColour": "#99846f",
        "roofColour": "#625d52"
      }
    },
    {
      "type": "Feature",
      "geometry": {
        "type": "MultiPolygon",
        "coordinates": [
          [
            [
              [
                4.8481151,
                52.3879451
              ],
              [
                4.8481873,
                52.387903
              ],
              [
                4.8482568,
                52.387948
              ],
              [
                4.8481844,
                52.3879898
              ],
              [
                4.8481151,
                52.3879451
              ]
            ]
          ]
        ]
      },
      "properties": {
        "id": "w57865023",
        "tier": 4,
        "building": "yes",
        "osmId": "w57865023",
        "allotmentHouse": "garden-house-v1",
        "allotmentPark": "Tuingroep Sloterdijkermeer",
        "heightSource": "approximate-allotment-prior",
        "height": 3.4,
        "minHeight": 0,
        "roofEavesHeightM": 2.4,
        "roofHeight": 1,
        "roofShape": "gabled",
        "colour": "#c5b798",
        "sideColour": "#c5b798",
        "roofColour": "#625d52"
      }
    },
    {
      "type": "Feature",
      "geometry": {
        "type": "MultiPolygon",
        "coordinates": [
          [
            [
              [
                4.8489483,
                52.3874276
              ],
              [
                4.8490205,
                52.3873858
              ],
              [
                4.8490899,
                52.3874305
              ],
              [
                4.8490177,
                52.3874723
              ],
              [
                4.8489483,
                52.3874276
              ]
            ]
          ]
        ]
      },
      "properties": {
        "id": "w57865039",
        "tier": 4,
        "building": "yes",
        "osmId": "w57865039",
        "allotmentHouse": "garden-house-v1",
        "allotmentPark": "Tuingroep Sloterdijkermeer",
        "heightSource": "approximate-allotment-prior",
        "height": 3.4,
        "minHeight": 0,
        "roofEavesHeightM": 2.4,
        "roofHeight": 1,
        "roofShape": "gabled",
        "colour": "#8b7664",
        "sideColour": "#8b7664",
        "roofColour": "#625d52"
      }
    },
    {
      "type": "Feature",
      "geometry": {
        "type": "MultiPolygon",
        "coordinates": [
          [
            [
              [
                4.8589177,
                52.3872409
              ],
              [
                4.8589851,
                52.387196
              ],
              [
                4.8590594,
                52.3872379
              ],
              [
                4.8589921,
                52.3872826
              ],
              [
                4.8589177,
                52.3872409
              ]
            ]
          ]
        ]
      },
      "properties": {
        "id": "w57865045",
        "tier": 4,
        "building": "yes",
        "osmId": "w57865045",
        "allotmentHouse": "garden-house-v1",
        "allotmentPark": "Tuinpark Nut & Genoegen",
        "heightSource": "approximate-allotment-prior",
        "height": 3.4,
        "minHeight": 0,
        "roofEavesHeightM": 2.4,
        "roofHeight": 1,
        "roofShape": "gabled",
        "colour": "#a18d6c",
        "sideColour": "#a18d6c",
        "roofColour": "#625d52"
      }
    },
    {
      "type": "Feature",
      "geometry": {
        "type": "MultiPolygon",
        "coordinates": [
          [
            [
              [
                4.8536918,
                52.3882832
              ],
              [
                4.853764,
                52.3882412
              ],
              [
                4.8538334,
                52.3882861
              ],
              [
                4.8537611,
                52.3883279
              ],
              [
                4.8536918,
                52.3882832
              ]
            ]
          ]
        ]
      },
      "properties": {
        "id": "w57865056",
        "tier": 4,
        "building": "yes",
        "osmId": "w57865056",
        "allotmentHouse": "garden-house-v1",
        "allotmentPark": "Tuingroep Sloterdijkermeer",
        "heightSource": "approximate-allotment-prior",
        "height": 3.4,
        "minHeight": 0,
        "roofEavesHeightM": 2.4,
        "roofHeight": 1,
        "roofShape": "gabled",
        "colour": "#75866b",
        "sideColour": "#75866b",
        "roofColour": "#625d52"
      }
    },
    {
      "type": "Feature",
      "geometry": {
        "type": "MultiPolygon",
        "coordinates": [
          [
            [
              [
                4.8518114,
                52.3885127
              ],
              [
                4.8518836,
                52.3884709
              ],
              [
                4.8519531,
                52.3885159
              ],
              [
                4.8518808,
                52.3885577
              ],
              [
                4.8518114,
                52.3885127
              ]
            ]
          ]
        ]
      },
      "properties": {
        "id": "w57865064",
        "tier": 4,
        "building": "yes",
        "osmId": "w57865064",
        "allotmentHouse": "garden-house-v1",
        "allotmentPark": "Tuingroep Sloterdijkermeer",
        "heightSource": "approximate-allotment-prior",
        "height": 3.4,
        "minHeight": 0,
        "roofEavesHeightM": 2.4,
        "roofHeight": 1,
        "roofShape": "gabled",
        "colour": "#8b7664",
        "sideColour": "#8b7664",
        "roofColour": "#625d52"
      }
    },
    {
      "type": "Feature",
      "geometry": {
        "type": "MultiPolygon",
        "coordinates": [
          [
            [
              [
                4.8545527,
                52.3877689
              ],
              [
                4.854625,
                52.3877271
              ],
              [
                4.8546944,
                52.3877721
              ],
              [
                4.8546222,
                52.3878139
              ],
              [
                4.8545527,
                52.3877689
              ]
            ]
          ]
        ]
      },
      "properties": {
        "id": "w57865072",
        "tier": 4,
        "building": "yes",
        "osmId": "w57865072",
        "allotmentHouse": "garden-house-v1",
        "allotmentPark": "Tuingroep Sloterdijkermeer",
        "heightSource": "approximate-allotment-prior",
        "height": 3.4,
        "minHeight": 0,
        "roofEavesHeightM": 2.4,
        "roofHeight": 1,
        "roofShape": "gabled",
        "colour": "#99846f",
        "sideColour": "#99846f",
        "roofColour": "#625d52"
      }
    },
    {
      "type": "Feature",
      "geometry": {
        "type": "MultiPolygon",
        "coordinates": [
          [
            [
              [
                4.8603367,
                52.3878982
              ],
              [
                4.8603567,
                52.3878384
              ],
              [
                4.8604557,
                52.3878509
              ],
              [
                4.8604358,
                52.3879104
              ],
              [
                4.8603367,
                52.3878982
              ]
            ]
          ]
        ]
      },
      "properties": {
        "id": "w57865077",
        "tier": 4,
        "building": "yes",
        "osmId": "w57865077",
        "allotmentHouse": "garden-house-v1",
        "allotmentPark": "Tuinpark Nut & Genoegen",
        "heightSource": "approximate-allotment-prior",
        "height": 3.4,
        "minHeight": 0,
        "roofEavesHeightM": 2.4,
        "roofHeight": 1,
        "roofShape": "gabled",
        "colour": "#99846f",
        "sideColour": "#99846f",
        "roofColour": "#625d52"
      }
    },
    {
      "type": "Feature",
      "geometry": {
        "type": "MultiPolygon",
        "coordinates": [
          [
            [
              [
                4.8475361,
                52.3881069
              ],
              [
                4.8476085,
                52.3880651
              ],
              [
                4.8476778,
                52.3881101
              ],
              [
                4.8476056,
                52.3881519
              ],
              [
                4.8475361,
                52.3881069
              ]
            ]
          ]
        ]
      },
      "properties": {
        "id": "w57865084",
        "tier": 4,
        "building": "yes",
        "osmId": "w57865084",
        "allotmentHouse": "garden-house-v1",
        "allotmentPark": "Tuingroep Sloterdijkermeer",
        "heightSource": "approximate-allotment-prior",
        "height": 3.4,
        "minHeight": 0,
        "roofEavesHeightM": 2.4,
        "roofHeight": 1,
        "roofShape": "gabled",
        "colour": "#8b7664",
        "sideColour": "#8b7664",
        "roofColour": "#625d52"
      }
    },
    {
      "type": "Feature",
      "geometry": {
        "type": "MultiPolygon",
        "coordinates": [
          [
            [
              [
                4.8508151,
                52.3877607
              ],
              [
                4.8508873,
                52.3877189
              ],
              [
                4.8509568,
                52.3877636
              ],
              [
                4.8508845,
                52.3878054
              ],
              [
                4.8508151,
                52.3877607
              ]
            ]
          ]
        ]
      },
      "properties": {
        "id": "w57865088",
        "tier": 4,
        "building": "yes",
        "osmId": "w57865088",
        "allotmentHouse": "garden-house-v1",
        "allotmentPark": "Tuingroep Sloterdijkermeer",
        "heightSource": "approximate-allotment-prior",
        "height": 3.4,
        "minHeight": 0,
        "roofEavesHeightM": 2.4,
        "roofHeight": 1,
        "roofShape": "gabled",
        "colour": "#c5b798",
        "sideColour": "#c5b798",
        "roofColour": "#625d52"
      }
    },
    {
      "type": "Feature",
      "geometry": {
        "type": "MultiPolygon",
        "coordinates": [
          [
            [
              [
                4.8540487,
                52.3871859
              ],
              [
                4.8541209,
                52.3871441
              ],
              [
                4.8541904,
                52.3871891
              ],
              [
                4.8541181,
                52.3872309
              ],
              [
                4.8540487,
                52.3871859
              ]
            ]
          ]
        ]
      },
      "properties": {
        "id": "w57865095",
        "tier": 4,
        "building": "yes",
        "osmId": "w57865095",
        "allotmentHouse": "garden-house-v1",
        "allotmentPark": "Tuingroep Sloterdijkermeer",
        "heightSource": "approximate-allotment-prior",
        "height": 3.4,
        "minHeight": 0,
        "roofEavesHeightM": 2.4,
        "roofHeight": 1,
        "roofShape": "gabled",
        "colour": "#a18d6c",
        "sideColour": "#a18d6c",
        "roofColour": "#625d52"
      }
    },
    {
      "type": "Feature",
      "geometry": {
        "type": "MultiPolygon",
        "coordinates": [
          [
            [
              [
                4.856413,
                52.3863637
              ],
              [
                4.8564854,
                52.3863219
              ],
              [
                4.8565547,
                52.3863666
              ],
              [
                4.8564825,
                52.3864084
              ],
              [
                4.856413,
                52.3863637
              ]
            ]
          ]
        ]
      },
      "properties": {
        "id": "w57865117",
        "tier": 4,
        "building": "yes",
        "osmId": "w57865117",
        "allotmentHouse": "garden-house-v1",
        "allotmentPark": "Tuinpark Nut & Genoegen",
        "heightSource": "approximate-allotment-prior",
        "height": 3.4,
        "minHeight": 0,
        "roofEavesHeightM": 2.4,
        "roofHeight": 1,
        "roofShape": "gabled",
        "colour": "#99846f",
        "sideColour": "#99846f",
        "roofColour": "#625d52"
      }
    },
    {
      "type": "Feature",
      "geometry": {
        "type": "MultiPolygon",
        "coordinates": [
          [
            [
              [
                4.8619453,
                52.3875632
              ],
              [
                4.8619653,
                52.3875035
              ],
              [
                4.8620643,
                52.387516
              ],
              [
                4.8620443,
                52.3875757
              ],
              [
                4.8619453,
                52.3875632
              ]
            ]
          ]
        ]
      },
      "properties": {
        "id": "w57865125",
        "tier": 4,
        "building": "yes",
        "osmId": "w57865125",
        "allotmentHouse": "garden-house-v1",
        "allotmentPark": "Tuinpark Nut & Genoegen",
        "heightSource": "approximate-allotment-prior",
        "height": 3.4,
        "minHeight": 0,
        "roofEavesHeightM": 2.4,
        "roofHeight": 1,
        "roofShape": "gabled",
        "colour": "#a18d6c",
        "sideColour": "#a18d6c",
        "roofColour": "#625d52"
      }
    },
    {
      "type": "Feature",
      "geometry": {
        "type": "MultiPolygon",
        "coordinates": [
          [
            [
              [
                4.8495479,
                52.3879848
              ],
              [
                4.8496203,
                52.3879431
              ],
              [
                4.8496898,
                52.387988
              ],
              [
                4.8496174,
                52.3880297
              ],
              [
                4.8495479,
                52.3879848
              ]
            ]
          ]
        ]
      },
      "properties": {
        "id": "w57865130",
        "tier": 4,
        "building": "yes",
        "osmId": "w57865130",
        "allotmentHouse": "garden-house-v1",
        "allotmentPark": "Tuingroep Sloterdijkermeer",
        "heightSource": "approximate-allotment-prior",
        "height": 3.4,
        "minHeight": 0,
        "roofEavesHeightM": 2.4,
        "roofHeight": 1,
        "roofShape": "gabled",
        "colour": "#a18d6c",
        "sideColour": "#a18d6c",
        "roofColour": "#625d52"
      }
    },
    {
      "type": "Feature",
      "geometry": {
        "type": "MultiPolygon",
        "coordinates": [
          [
            [
              [
                4.8477862,
                52.3877412
              ],
              [
                4.8478584,
                52.3876994
              ],
              [
                4.8479278,
                52.3877441
              ],
              [
                4.8478556,
                52.3877859
              ],
              [
                4.8477862,
                52.3877412
              ]
            ]
          ]
        ]
      },
      "properties": {
        "id": "w57865132",
        "tier": 4,
        "building": "yes",
        "osmId": "w57865132",
        "allotmentHouse": "garden-house-v1",
        "allotmentPark": "Tuingroep Sloterdijkermeer",
        "heightSource": "approximate-allotment-prior",
        "height": 3.4,
        "minHeight": 0,
        "roofEavesHeightM": 2.4,
        "roofHeight": 1,
        "roofShape": "gabled",
        "colour": "#99846f",
        "sideColour": "#99846f",
        "roofColour": "#625d52"
      }
    },
    {
      "type": "Feature",
      "geometry": {
        "type": "MultiPolygon",
        "coordinates": [
          [
            [
              [
                4.8566415,
                52.3882368
              ],
              [
                4.8567078,
                52.3881988
              ],
              [
                4.8567707,
                52.3882398
              ],
              [
                4.8567045,
                52.3882777
              ],
              [
                4.8566415,
                52.3882368
              ]
            ]
          ]
        ]
      },
      "properties": {
        "id": "w57865134",
        "tier": 4,
        "building": "yes",
        "osmId": "w57865134",
        "allotmentHouse": "garden-house-v1",
        "allotmentPark": "Tuinpark Nut & Genoegen",
        "heightSource": "approximate-allotment-prior",
        "height": 3.4,
        "minHeight": 0,
        "roofEavesHeightM": 2.4,
        "roofHeight": 1,
        "roofShape": "gabled",
        "colour": "#8b7664",
        "sideColour": "#8b7664",
        "roofColour": "#625d52"
      }
    },
    {
      "type": "Feature",
      "geometry": {
        "type": "MultiPolygon",
        "coordinates": [
          [
            [
              [
                4.8543208,
                52.3871813
              ],
              [
                4.8543932,
                52.3871396
              ],
              [
                4.8544627,
                52.3871845
              ],
              [
                4.8543903,
                52.3872263
              ],
              [
                4.8543208,
                52.3871813
              ]
            ]
          ]
        ]
      },
      "properties": {
        "id": "w57865154",
        "tier": 4,
        "building": "yes",
        "osmId": "w57865154",
        "allotmentHouse": "garden-house-v1",
        "allotmentPark": "Tuingroep Sloterdijkermeer",
        "heightSource": "approximate-allotment-prior",
        "height": 3.4,
        "minHeight": 0,
        "roofEavesHeightM": 2.4,
        "roofHeight": 1,
        "roofShape": "gabled",
        "colour": "#8b7664",
        "sideColour": "#8b7664",
        "roofColour": "#625d52"
      }
    },
    {
      "type": "Feature",
      "geometry": {
        "type": "MultiPolygon",
        "coordinates": [
          [
            [
              [
                4.8512047,
                52.3879765
              ],
              [
                4.8512769,
                52.3879344
              ],
              [
                4.8513464,
                52.3879794
              ],
              [
                4.8512742,
                52.3880212
              ],
              [
                4.8512047,
                52.3879765
              ]
            ]
          ]
        ]
      },
      "properties": {
        "id": "w57865172",
        "tier": 4,
        "building": "yes",
        "osmId": "w57865172",
        "allotmentHouse": "garden-house-v1",
        "allotmentPark": "Tuingroep Sloterdijkermeer",
        "heightSource": "approximate-allotment-prior",
        "height": 3.4,
        "minHeight": 0,
        "roofEavesHeightM": 2.4,
        "roofHeight": 1,
        "roofShape": "gabled",
        "colour": "#99846f",
        "sideColour": "#99846f",
        "roofColour": "#625d52"
      }
    },
    {
      "type": "Feature",
      "geometry": {
        "type": "MultiPolygon",
        "coordinates": [
          [
            [
              [
                4.8571307,
                52.3859791
              ],
              [
                4.8572029,
                52.3859373
              ],
              [
                4.8572724,
                52.3859823
              ],
              [
                4.8572001,
                52.3860241
              ],
              [
                4.8571307,
                52.3859791
              ]
            ]
          ]
        ]
      },
      "properties": {
        "id": "w57865179",
        "tier": 4,
        "building": "yes",
        "osmId": "w57865179",
        "allotmentHouse": "garden-house-v1",
        "allotmentPark": "Tuinpark Nut & Genoegen",
        "heightSource": "approximate-allotment-prior",
        "height": 3.4,
        "minHeight": 0,
        "roofEavesHeightM": 2.4,
        "roofHeight": 1,
        "roofShape": "gabled",
        "colour": "#8b7664",
        "sideColour": "#8b7664",
        "roofColour": "#625d52"
      }
    },
    {
      "type": "Feature",
      "geometry": {
        "type": "MultiPolygon",
        "coordinates": [
          [
            [
              [
                4.8616344,
                52.3878983
              ],
              [
                4.8616543,
                52.3878386
              ],
              [
                4.8617534,
                52.3878511
              ],
              [
                4.8617334,
                52.3879105
              ],
              [
                4.8616344,
                52.3878983
              ]
            ]
          ]
        ]
      },
      "properties": {
        "id": "w57865187",
        "tier": 4,
        "building": "yes",
        "osmId": "w57865187",
        "allotmentHouse": "garden-house-v1",
        "allotmentPark": "Tuinpark Nut & Genoegen",
        "heightSource": "approximate-allotment-prior",
        "height": 3.4,
        "minHeight": 0,
        "roofEavesHeightM": 2.4,
        "roofHeight": 1,
        "roofShape": "gabled",
        "colour": "#99846f",
        "sideColour": "#99846f",
        "roofColour": "#625d52"
      }
    },
    {
      "type": "Feature",
      "geometry": {
        "type": "MultiPolygon",
        "coordinates": [
          [
            [
              [
                4.8605085,
                52.3880226
              ],
              [
                4.8605285,
                52.3879631
              ],
              [
                4.8606274,
                52.3879753
              ],
              [
                4.8606074,
                52.3880351
              ],
              [
                4.8605085,
                52.3880226
              ]
            ]
          ]
        ]
      },
      "properties": {
        "id": "w57865189",
        "tier": 4,
        "building": "yes",
        "osmId": "w57865189",
        "allotmentHouse": "garden-house-v1",
        "allotmentPark": "Tuinpark Nut & Genoegen",
        "heightSource": "approximate-allotment-prior",
        "height": 3.4,
        "minHeight": 0,
        "roofEavesHeightM": 2.4,
        "roofHeight": 1,
        "roofShape": "gabled",
        "colour": "#8b7664",
        "sideColour": "#8b7664",
        "roofColour": "#625d52"
      }
    },
    {
      "type": "Feature",
      "geometry": {
        "type": "MultiPolygon",
        "coordinates": [
          [
            [
              [
                4.8516794,
                52.3872406
              ],
              [
                4.8517516,
                52.3871988
              ],
              [
                4.8518211,
                52.3872438
              ],
              [
                4.8517488,
                52.3872856
              ],
              [
                4.8516794,
                52.3872406
              ]
            ]
          ]
        ]
      },
      "properties": {
        "id": "w57865209",
        "tier": 4,
        "building": "yes",
        "osmId": "w57865209",
        "allotmentHouse": "garden-house-v1",
        "allotmentPark": "Tuingroep Sloterdijkermeer",
        "heightSource": "approximate-allotment-prior",
        "height": 3.4,
        "minHeight": 0,
        "roofEavesHeightM": 2.4,
        "roofHeight": 1,
        "roofShape": "gabled",
        "colour": "#8b7664",
        "sideColour": "#8b7664",
        "roofColour": "#625d52"
      }
    },
    {
      "type": "Feature",
      "geometry": {
        "type": "MultiPolygon",
        "coordinates": [
          [
            [
              [
                4.8569514,
                52.3868407
              ],
              [
                4.8570237,
                52.3867989
              ],
              [
                4.8570931,
                52.3868438
              ],
              [
                4.8570208,
                52.3868856
              ],
              [
                4.8569514,
                52.3868407
              ]
            ]
          ]
        ]
      },
      "properties": {
        "id": "w57865215",
        "tier": 4,
        "building": "yes",
        "osmId": "w57865215",
        "allotmentHouse": "garden-house-v1",
        "allotmentPark": "Tuinpark Nut & Genoegen",
        "heightSource": "approximate-allotment-prior",
        "height": 3.4,
        "minHeight": 0,
        "roofEavesHeightM": 2.4,
        "roofHeight": 1,
        "roofShape": "gabled",
        "colour": "#a18d6c",
        "sideColour": "#a18d6c",
        "roofColour": "#625d52"
      }
    },
    {
      "type": "Feature",
      "geometry": {
        "type": "MultiPolygon",
        "coordinates": [
          [
            [
              [
                4.8514001,
                52.386532
              ],
              [
                4.8514723,
                52.3864902
              ],
              [
                4.8515418,
                52.3865351
              ],
              [
                4.8514695,
                52.386577
              ],
              [
                4.8514001,
                52.386532
              ]
            ]
          ]
        ]
      },
      "properties": {
        "id": "w57865220",
        "tier": 4,
        "building": "yes",
        "osmId": "w57865220",
        "allotmentHouse": "garden-house-v1",
        "allotmentPark": "Tuingroep Sloterdijkermeer",
        "heightSource": "approximate-allotment-prior",
        "height": 3.4,
        "minHeight": 0,
        "roofEavesHeightM": 2.4,
        "roofHeight": 1,
        "roofShape": "gabled",
        "colour": "#a18d6c",
        "sideColour": "#a18d6c",
        "roofColour": "#625d52"
      }
    },
    {
      "type": "Feature",
      "geometry": {
        "type": "MultiPolygon",
        "coordinates": [
          [
            [
              [
                4.8545228,
                52.3861879
              ],
              [
                4.8545952,
                52.3861461
              ],
              [
                4.8546645,
                52.3861908
              ],
              [
                4.8545923,
                52.3862326
              ],
              [
                4.8545228,
                52.3861879
              ]
            ]
          ]
        ]
      },
      "properties": {
        "id": "w57865232",
        "tier": 4,
        "building": "yes",
        "osmId": "w57865232",
        "allotmentHouse": "garden-house-v1",
        "allotmentPark": "Tuingroep Sloterdijkermeer",
        "heightSource": "approximate-allotment-prior",
        "height": 3.4,
        "minHeight": 0,
        "roofEavesHeightM": 2.4,
        "roofHeight": 1,
        "roofShape": "gabled",
        "colour": "#99846f",
        "sideColour": "#99846f",
        "roofColour": "#625d52"
      }
    },
    {
      "type": "Feature",
      "geometry": {
        "type": "MultiPolygon",
        "coordinates": [
          [
            [
              [
                4.8625007,
                52.3880191
              ],
              [
                4.8625205,
                52.3879593
              ],
              [
                4.8626195,
                52.3879718
              ],
              [
                4.8625995,
                52.3880316
              ],
              [
                4.8625007,
                52.3880191
              ]
            ]
          ]
        ]
      },
      "properties": {
        "id": "w57865235",
        "tier": 4,
        "building": "yes",
        "osmId": "w57865235",
        "allotmentHouse": "garden-house-v1",
        "allotmentPark": "Tuinpark Nut & Genoegen",
        "heightSource": "approximate-allotment-prior",
        "height": 3.4,
        "minHeight": 0,
        "roofEavesHeightM": 2.4,
        "roofHeight": 1,
        "roofShape": "gabled",
        "colour": "#a18d6c",
        "sideColour": "#a18d6c",
        "roofColour": "#625d52"
      }
    },
    {
      "type": "Feature",
      "geometry": {
        "type": "MultiPolygon",
        "coordinates": [
          [
            [
              [
                4.8541016,
                52.3862467
              ],
              [
                4.8541739,
                52.3862049
              ],
              [
                4.8542433,
                52.3862498
              ],
              [
                4.854171,
                52.3862916
              ],
              [
                4.8541016,
                52.3862467
              ]
            ]
          ]
        ]
      },
      "properties": {
        "id": "w57865240",
        "tier": 4,
        "building": "yes",
        "osmId": "w57865240",
        "allotmentHouse": "garden-house-v1",
        "allotmentPark": "Tuingroep Sloterdijkermeer",
        "heightSource": "approximate-allotment-prior",
        "height": 3.4,
        "minHeight": 0,
        "roofEavesHeightM": 2.4,
        "roofHeight": 1,
        "roofShape": "gabled",
        "colour": "#a18d6c",
        "sideColour": "#a18d6c",
        "roofColour": "#625d52"
      }
    },
    {
      "type": "Feature",
      "geometry": {
        "type": "MultiPolygon",
        "coordinates": [
          [
            [
              [
                4.8553463,
                52.3870338
              ],
              [
                4.8554186,
                52.386992
              ],
              [
                4.8554879,
                52.387037
              ],
              [
                4.8554157,
                52.3870788
              ],
              [
                4.8553463,
                52.3870338
              ]
            ]
          ]
        ]
      },
      "properties": {
        "id": "w57865247",
        "tier": 4,
        "building": "yes",
        "osmId": "w57865247",
        "allotmentHouse": "garden-house-v1",
        "allotmentPark": "Tuinpark Nut & Genoegen",
        "heightSource": "approximate-allotment-prior",
        "height": 3.4,
        "minHeight": 0,
        "roofEavesHeightM": 2.4,
        "roofHeight": 1,
        "roofShape": "gabled",
        "colour": "#99846f",
        "sideColour": "#99846f",
        "roofColour": "#625d52"
      }
    },
    {
      "type": "Feature",
      "geometry": {
        "type": "MultiPolygon",
        "coordinates": [
          [
            [
              [
                4.8509189,
                52.3874273
              ],
              [
                4.8509911,
                52.3873855
              ],
              [
                4.8510606,
                52.3874302
              ],
              [
                4.8509882,
                52.387472
              ],
              [
                4.8509189,
                52.3874273
              ]
            ]
          ]
        ]
      },
      "properties": {
        "id": "w57865248",
        "tier": 4,
        "building": "yes",
        "osmId": "w57865248",
        "allotmentHouse": "garden-house-v1",
        "allotmentPark": "Tuingroep Sloterdijkermeer",
        "heightSource": "approximate-allotment-prior",
        "height": 3.4,
        "minHeight": 0,
        "roofEavesHeightM": 2.4,
        "roofHeight": 1,
        "roofShape": "gabled",
        "colour": "#c5b798",
        "sideColour": "#c5b798",
        "roofColour": "#625d52"
      }
    },
    {
      "type": "Feature",
      "geometry": {
        "type": "MultiPolygon",
        "coordinates": [
          [
            [
              [
                4.8510886,
                52.386827
              ],
              [
                4.8511609,
                52.3867852
              ],
              [
                4.8512303,
                52.3868302
              ],
              [
                4.8511581,
                52.386872
              ],
              [
                4.8510886,
                52.386827
              ]
            ]
          ]
        ]
      },
      "properties": {
        "id": "w57865257",
        "tier": 4,
        "building": "yes",
        "osmId": "w57865257",
        "allotmentHouse": "garden-house-v1",
        "allotmentPark": "Tuingroep Sloterdijkermeer",
        "heightSource": "approximate-allotment-prior",
        "height": 3.4,
        "minHeight": 0,
        "roofEavesHeightM": 2.4,
        "roofHeight": 1,
        "roofShape": "gabled",
        "colour": "#99846f",
        "sideColour": "#99846f",
        "roofColour": "#625d52"
      }
    },
    {
      "type": "Feature",
      "geometry": {
        "type": "MultiPolygon",
        "coordinates": [
          [
            [
              [
                4.8552384,
                52.3869421
              ],
              [
                4.8553107,
                52.3869003
              ],
              [
                4.85538,
                52.3869453
              ],
              [
                4.8553078,
                52.3869871
              ],
              [
                4.8552384,
                52.3869421
              ]
            ]
          ]
        ]
      },
      "properties": {
        "id": "w57865266",
        "tier": 4,
        "building": "yes",
        "osmId": "w57865266",
        "allotmentHouse": "garden-house-v1",
        "allotmentPark": "Tuingroep Sloterdijkermeer",
        "heightSource": "approximate-allotment-prior",
        "height": 3.4,
        "minHeight": 0,
        "roofEavesHeightM": 2.4,
        "roofHeight": 1,
        "roofShape": "gabled",
        "colour": "#75866b",
        "sideColour": "#75866b",
        "roofColour": "#625d52"
      }
    },
    {
      "type": "Feature",
      "geometry": {
        "type": "MultiPolygon",
        "coordinates": [
          [
            [
              [
                4.8556792,
                52.3866806
              ],
              [
                4.8557515,
                52.3866388
              ],
              [
                4.8558209,
                52.3866838
              ],
              [
                4.8557487,
                52.3867256
              ],
              [
                4.8556792,
                52.3866806
              ]
            ]
          ]
        ]
      },
      "properties": {
        "id": "w57865273",
        "tier": 4,
        "building": "yes",
        "osmId": "w57865273",
        "allotmentHouse": "garden-house-v1",
        "allotmentPark": "Tuingroep Sloterdijkermeer",
        "heightSource": "approximate-allotment-prior",
        "height": 3.4,
        "minHeight": 0,
        "roofEavesHeightM": 2.4,
        "roofHeight": 1,
        "roofShape": "gabled",
        "colour": "#c5b798",
        "sideColour": "#c5b798",
        "roofColour": "#625d52"
      }
    },
    {
      "type": "Feature",
      "geometry": {
        "type": "MultiPolygon",
        "coordinates": [
          [
            [
              [
                4.8641792,
                52.3885678
              ],
              [
                4.8641991,
                52.3885084
              ],
              [
                4.8642981,
                52.3885206
              ],
              [
                4.8642781,
                52.3885803
              ],
              [
                4.8641792,
                52.3885678
              ]
            ]
          ]
        ]
      },
      "properties": {
        "id": "w57865286",
        "tier": 4,
        "building": "yes",
        "osmId": "w57865286",
        "allotmentHouse": "garden-house-v1",
        "allotmentPark": "Tuinpark Nut & Genoegen",
        "heightSource": "approximate-allotment-prior",
        "height": 3.4,
        "minHeight": 0,
        "roofEavesHeightM": 2.4,
        "roofHeight": 1,
        "roofShape": "gabled",
        "colour": "#75866b",
        "sideColour": "#75866b",
        "roofColour": "#625d52"
      }
    },
    {
      "type": "Feature",
      "geometry": {
        "type": "MultiPolygon",
        "coordinates": [
          [
            [
              [
                4.8563189,
                52.3862817
              ],
              [
                4.8563911,
                52.3862399
              ],
              [
                4.8564606,
                52.3862849
              ],
              [
                4.8563882,
                52.3863267
              ],
              [
                4.8563189,
                52.3862817
              ]
            ]
          ]
        ]
      },
      "properties": {
        "id": "w57865291",
        "tier": 4,
        "building": "yes",
        "osmId": "w57865291",
        "allotmentHouse": "garden-house-v1",
        "allotmentPark": "Tuingroep Sloterdijkermeer",
        "heightSource": "approximate-allotment-prior",
        "height": 3.4,
        "minHeight": 0,
        "roofEavesHeightM": 2.4,
        "roofHeight": 1,
        "roofShape": "gabled",
        "colour": "#75866b",
        "sideColour": "#75866b",
        "roofColour": "#625d52"
      }
    },
    {
      "type": "Feature",
      "geometry": {
        "type": "MultiPolygon",
        "coordinates": [
          [
            [
              [
                4.8602945,
                52.3870089
              ],
              [
                4.860342,
                52.3869554
              ],
              [
                4.8604307,
                52.386985
              ],
              [
                4.8603832,
                52.3870385
              ],
              [
                4.8602945,
                52.3870089
              ]
            ]
          ]
        ]
      },
      "properties": {
        "id": "w57865311",
        "tier": 4,
        "building": "yes",
        "osmId": "w57865311",
        "allotmentHouse": "garden-house-v1",
        "allotmentPark": "Tuinpark Nut & Genoegen",
        "heightSource": "approximate-allotment-prior",
        "height": 3.4,
        "minHeight": 0,
        "roofEavesHeightM": 2.4,
        "roofHeight": 1,
        "roofShape": "gabled",
        "colour": "#75866b",
        "sideColour": "#75866b",
        "roofColour": "#625d52"
      }
    },
    {
      "type": "Feature",
      "geometry": {
        "type": "MultiPolygon",
        "coordinates": [
          [
            [
              [
                4.8517869,
                52.3876485
              ],
              [
                4.8518593,
                52.3876067
              ],
              [
                4.8519286,
                52.3876514
              ],
              [
                4.8518564,
                52.3876932
              ],
              [
                4.8517869,
                52.3876485
              ]
            ]
          ]
        ]
      },
      "properties": {
        "id": "w57865312",
        "tier": 4,
        "building": "yes",
        "osmId": "w57865312",
        "allotmentHouse": "garden-house-v1",
        "allotmentPark": "Tuingroep Sloterdijkermeer",
        "heightSource": "approximate-allotment-prior",
        "height": 3.4,
        "minHeight": 0,
        "roofEavesHeightM": 2.4,
        "roofHeight": 1,
        "roofShape": "gabled",
        "colour": "#99846f",
        "sideColour": "#99846f",
        "roofColour": "#625d52"
      }
    },
    {
      "type": "Feature",
      "geometry": {
        "type": "MultiPolygon",
        "coordinates": [
          [
            [
              [
                4.8558968,
                52.3867011
              ],
              [
                4.855969,
                52.3866593
              ],
              [
                4.8560385,
                52.386704
              ],
              [
                4.8559661,
                52.3867458
              ],
              [
                4.8558968,
                52.3867011
              ]
            ]
          ]
        ]
      },
      "properties": {
        "id": "w57865326",
        "tier": 4,
        "building": "yes",
        "osmId": "w57865326",
        "allotmentHouse": "garden-house-v1",
        "allotmentPark": "Tuinpark Nut & Genoegen",
        "heightSource": "approximate-allotment-prior",
        "height": 3.4,
        "minHeight": 0,
        "roofEavesHeightM": 2.4,
        "roofHeight": 1,
        "roofShape": "gabled",
        "colour": "#75866b",
        "sideColour": "#75866b",
        "roofColour": "#625d52"
      }
    },
    {
      "type": "Feature",
      "geometry": {
        "type": "MultiPolygon",
        "coordinates": [
          [
            [
              [
                4.8558963,
                52.3879039
              ],
              [
                4.8559686,
                52.3878621
              ],
              [
                4.8560379,
                52.3879071
              ],
              [
                4.8559657,
                52.3879489
              ],
              [
                4.8558963,
                52.3879039
              ]
            ]
          ]
        ]
      },
      "properties": {
        "id": "w57865330",
        "tier": 4,
        "building": "yes",
        "osmId": "w57865330",
        "allotmentHouse": "garden-house-v1",
        "allotmentPark": "Tuingroep Sloterdijkermeer",
        "heightSource": "approximate-allotment-prior",
        "height": 3.4,
        "minHeight": 0,
        "roofEavesHeightM": 2.4,
        "roofHeight": 1,
        "roofShape": "gabled",
        "colour": "#a18d6c",
        "sideColour": "#a18d6c",
        "roofColour": "#625d52"
      }
    },
    {
      "type": "Feature",
      "geometry": {
        "type": "MultiPolygon",
        "coordinates": [
          [
            [
              [
                4.8549192,
                52.3865899
              ],
              [
                4.8549915,
                52.3865481
              ],
              [
                4.8550608,
                52.3865931
              ],
              [
                4.8549886,
                52.3866349
              ],
              [
                4.8549192,
                52.3865899
              ]
            ]
          ]
        ]
      },
      "properties": {
        "id": "w57865331",
        "tier": 4,
        "building": "yes",
        "osmId": "w57865331",
        "allotmentHouse": "garden-house-v1",
        "allotmentPark": "Tuingroep Sloterdijkermeer",
        "heightSource": "approximate-allotment-prior",
        "height": 3.4,
        "minHeight": 0,
        "roofEavesHeightM": 2.4,
        "roofHeight": 1,
        "roofShape": "gabled",
        "colour": "#75866b",
        "sideColour": "#75866b",
        "roofColour": "#625d52"
      }
    },
    {
      "type": "Feature",
      "geometry": {
        "type": "MultiPolygon",
        "coordinates": [
          [
            [
              [
                4.8502259,
                52.3881357
              ],
              [
                4.8502982,
                52.3880939
              ],
              [
                4.8503675,
                52.3881388
              ],
              [
                4.8502953,
                52.3881806
              ],
              [
                4.8502259,
                52.3881357
              ]
            ]
          ]
        ]
      },
      "properties": {
        "id": "w57865342",
        "tier": 4,
        "building": "yes",
        "osmId": "w57865342",
        "allotmentHouse": "garden-house-v1",
        "allotmentPark": "Tuingroep Sloterdijkermeer",
        "heightSource": "approximate-allotment-prior",
        "height": 3.4,
        "minHeight": 0,
        "roofEavesHeightM": 2.4,
        "roofHeight": 1,
        "roofShape": "gabled",
        "colour": "#99846f",
        "sideColour": "#99846f",
        "roofColour": "#625d52"
      }
    },
    {
      "type": "Feature",
      "geometry": {
        "type": "MultiPolygon",
        "coordinates": [
          [
            [
              [
                4.8610828,
                52.3864
              ],
              [
                4.8611027,
                52.3863402
              ],
              [
                4.8612017,
                52.3863527
              ],
              [
                4.8611817,
                52.3864122
              ],
              [
                4.8610828,
                52.3864
              ]
            ]
          ]
        ]
      },
      "properties": {
        "id": "w57865344",
        "tier": 4,
        "building": "yes",
        "osmId": "w57865344",
        "allotmentHouse": "garden-house-v1",
        "allotmentPark": "Tuinpark Nut & Genoegen",
        "heightSource": "approximate-allotment-prior",
        "height": 3.4,
        "minHeight": 0,
        "roofEavesHeightM": 2.4,
        "roofHeight": 1,
        "roofShape": "gabled",
        "colour": "#8b7664",
        "sideColour": "#8b7664",
        "roofColour": "#625d52"
      }
    },
    {
      "type": "Feature",
      "geometry": {
        "type": "MultiPolygon",
        "coordinates": [
          [
            [
              [
                4.8553175,
                52.386361
              ],
              [
                4.8553898,
                52.3863192
              ],
              [
                4.8554592,
                52.3863642
              ],
              [
                4.855387,
                52.386406
              ],
              [
                4.8553175,
                52.386361
              ]
            ]
          ]
        ]
      },
      "properties": {
        "id": "w57865347",
        "tier": 4,
        "building": "yes",
        "osmId": "w57865347",
        "allotmentHouse": "garden-house-v1",
        "allotmentPark": "Tuingroep Sloterdijkermeer",
        "heightSource": "approximate-allotment-prior",
        "height": 3.4,
        "minHeight": 0,
        "roofEavesHeightM": 2.4,
        "roofHeight": 1,
        "roofShape": "gabled",
        "colour": "#99846f",
        "sideColour": "#99846f",
        "roofColour": "#625d52"
      }
    },
    {
      "type": "Feature",
      "geometry": {
        "type": "MultiPolygon",
        "coordinates": [
          [
            [
              [
                4.8535368,
                52.3876505
              ],
              [
                4.8536091,
                52.3876087
              ],
              [
                4.8536785,
                52.3876537
              ],
              [
                4.8536062,
                52.3876955
              ],
              [
                4.8535368,
                52.3876505
              ]
            ]
          ]
        ]
      },
      "properties": {
        "id": "w57865354",
        "tier": 4,
        "building": "yes",
        "osmId": "w57865354",
        "allotmentHouse": "garden-house-v1",
        "allotmentPark": "Tuingroep Sloterdijkermeer",
        "heightSource": "approximate-allotment-prior",
        "height": 3.4,
        "minHeight": 0,
        "roofEavesHeightM": 2.4,
        "roofHeight": 1,
        "roofShape": "gabled",
        "colour": "#8b7664",
        "sideColour": "#8b7664",
        "roofColour": "#625d52"
      }
    },
    {
      "type": "Feature",
      "geometry": {
        "type": "MultiPolygon",
        "coordinates": [
          [
            [
              [
                4.8614308,
                52.3869642
              ],
              [
                4.8614508,
                52.3869045
              ],
              [
                4.8615496,
                52.386917
              ],
              [
                4.8615297,
                52.3869768
              ],
              [
                4.8614308,
                52.3869642
              ]
            ]
          ]
        ]
      },
      "properties": {
        "id": "w57865366",
        "tier": 4,
        "building": "yes",
        "osmId": "w57865366",
        "allotmentHouse": "garden-house-v1",
        "allotmentPark": "Tuinpark Nut & Genoegen",
        "heightSource": "approximate-allotment-prior",
        "height": 3.4,
        "minHeight": 0,
        "roofEavesHeightM": 2.4,
        "roofHeight": 1,
        "roofShape": "gabled",
        "colour": "#75866b",
        "sideColour": "#75866b",
        "roofColour": "#625d52"
      }
    },
    {
      "type": "Feature",
      "geometry": {
        "type": "MultiPolygon",
        "coordinates": [
          [
            [
              [
                4.8614353,
                52.3873561
              ],
              [
                4.8614553,
                52.3872966
              ],
              [
                4.8615543,
                52.3873088
              ],
              [
                4.8615343,
                52.3873686
              ],
              [
                4.8614353,
                52.3873561
              ]
            ]
          ]
        ]
      },
      "properties": {
        "id": "w57865381",
        "tier": 4,
        "building": "yes",
        "osmId": "w57865381",
        "allotmentHouse": "garden-house-v1",
        "allotmentPark": "Tuinpark Nut & Genoegen",
        "heightSource": "approximate-allotment-prior",
        "height": 3.4,
        "minHeight": 0,
        "roofEavesHeightM": 2.4,
        "roofHeight": 1,
        "roofShape": "gabled",
        "colour": "#75866b",
        "sideColour": "#75866b",
        "roofColour": "#625d52"
      }
    },
    {
      "type": "Feature",
      "geometry": {
        "type": "MultiPolygon",
        "coordinates": [
          [
            [
              [
                4.8614373,
                52.3884092
              ],
              [
                4.8614573,
                52.3883494
              ],
              [
                4.8615562,
                52.3883619
              ],
              [
                4.8615362,
                52.3884217
              ],
              [
                4.8614373,
                52.3884092
              ]
            ]
          ]
        ]
      },
      "properties": {
        "id": "w57865388",
        "tier": 4,
        "building": "yes",
        "osmId": "w57865388",
        "allotmentHouse": "garden-house-v1",
        "allotmentPark": "Tuinpark Nut & Genoegen",
        "heightSource": "approximate-allotment-prior",
        "height": 3.4,
        "minHeight": 0,
        "roofEavesHeightM": 2.4,
        "roofHeight": 1,
        "roofShape": "gabled",
        "colour": "#c5b798",
        "sideColour": "#c5b798",
        "roofColour": "#625d52"
      }
    },
    {
      "type": "Feature",
      "geometry": {
        "type": "MultiPolygon",
        "coordinates": [
          [
            [
              [
                4.8607149,
                52.3869043
              ],
              [
                4.8607349,
                52.3868445
              ],
              [
                4.8608339,
                52.3868571
              ],
              [
                4.8608139,
                52.3869165
              ],
              [
                4.8607149,
                52.3869043
              ]
            ]
          ]
        ]
      },
      "properties": {
        "id": "w57865390",
        "tier": 4,
        "building": "yes",
        "osmId": "w57865390",
        "allotmentHouse": "garden-house-v1",
        "allotmentPark": "Tuinpark Nut & Genoegen",
        "heightSource": "approximate-allotment-prior",
        "height": 3.4,
        "minHeight": 0,
        "roofEavesHeightM": 2.4,
        "roofHeight": 1,
        "roofShape": "gabled",
        "colour": "#a18d6c",
        "sideColour": "#a18d6c",
        "roofColour": "#625d52"
      }
    },
    {
      "type": "Feature",
      "geometry": {
        "type": "MultiPolygon",
        "coordinates": [
          [
            [
              [
                4.8549014,
                52.3864229
              ],
              [
                4.8549737,
                52.3863811
              ],
              [
                4.8550431,
                52.3864258
              ],
              [
                4.8549709,
                52.3864676
              ],
              [
                4.8549014,
                52.3864229
              ]
            ]
          ]
        ]
      },
      "properties": {
        "id": "w57865393",
        "tier": 4,
        "building": "yes",
        "osmId": "w57865393",
        "allotmentHouse": "garden-house-v1",
        "allotmentPark": "Tuingroep Sloterdijkermeer",
        "heightSource": "approximate-allotment-prior",
        "height": 3.4,
        "minHeight": 0,
        "roofEavesHeightM": 2.4,
        "roofHeight": 1,
        "roofShape": "gabled",
        "colour": "#c5b798",
        "sideColour": "#c5b798",
        "roofColour": "#625d52"
      }
    },
    {
      "type": "Feature",
      "geometry": {
        "type": "MultiPolygon",
        "coordinates": [
          [
            [
              [
                4.8519876,
                52.3863285
              ],
              [
                4.8520598,
                52.3862867
              ],
              [
                4.8521292,
                52.3863317
              ],
              [
                4.852057,
                52.3863735
              ],
              [
                4.8519876,
                52.3863285
              ]
            ]
          ]
        ]
      },
      "properties": {
        "id": "w57865395",
        "tier": 4,
        "building": "yes",
        "osmId": "w57865395",
        "allotmentHouse": "garden-house-v1",
        "allotmentPark": "Tuingroep Sloterdijkermeer",
        "heightSource": "approximate-allotment-prior",
        "height": 3.4,
        "minHeight": 0,
        "roofEavesHeightM": 2.4,
        "roofHeight": 1,
        "roofShape": "gabled",
        "colour": "#a18d6c",
        "sideColour": "#a18d6c",
        "roofColour": "#625d52"
      }
    },
    {
      "type": "Feature",
      "geometry": {
        "type": "MultiPolygon",
        "coordinates": [
          [
            [
              [
                4.8527878,
                52.3881014
              ],
              [
                4.8528601,
                52.3880596
              ],
              [
                4.8529295,
                52.3881046
              ],
              [
                4.8528573,
                52.3881464
              ],
              [
                4.8527878,
                52.3881014
              ]
            ]
          ]
        ]
      },
      "properties": {
        "id": "w57865397",
        "tier": 4,
        "building": "yes",
        "osmId": "w57865397",
        "allotmentHouse": "garden-house-v1",
        "allotmentPark": "Tuingroep Sloterdijkermeer",
        "heightSource": "approximate-allotment-prior",
        "height": 3.4,
        "minHeight": 0,
        "roofEavesHeightM": 2.4,
        "roofHeight": 1,
        "roofShape": "gabled",
        "colour": "#99846f",
        "sideColour": "#99846f",
        "roofColour": "#625d52"
      }
    },
    {
      "type": "Feature",
      "geometry": {
        "type": "MultiPolygon",
        "coordinates": [
          [
            [
              [
                4.8491045,
                52.3866778
              ],
              [
                4.8491768,
                52.386636
              ],
              [
                4.8492461,
                52.386681
              ],
              [
                4.8491739,
                52.3867228
              ],
              [
                4.8491045,
                52.3866778
              ]
            ]
          ]
        ]
      },
      "properties": {
        "id": "w57865401",
        "tier": 4,
        "building": "yes",
        "osmId": "w57865401",
        "allotmentHouse": "garden-house-v1",
        "allotmentPark": "Tuingroep Sloterdijkermeer",
        "heightSource": "approximate-allotment-prior",
        "height": 3.4,
        "minHeight": 0,
        "roofEavesHeightM": 2.4,
        "roofHeight": 1,
        "roofShape": "gabled",
        "colour": "#75866b",
        "sideColour": "#75866b",
        "roofColour": "#625d52"
      }
    },
    {
      "type": "Feature",
      "geometry": {
        "type": "MultiPolygon",
        "coordinates": [
          [
            [
              [
                4.8631075,
                52.3878096
              ],
              [
                4.8631275,
                52.3877501
              ],
              [
                4.8632265,
                52.3877623
              ],
              [
                4.8632065,
                52.3878221
              ],
              [
                4.8631075,
                52.3878096
              ]
            ]
          ]
        ]
      },
      "properties": {
        "id": "w57865408",
        "tier": 4,
        "building": "yes",
        "osmId": "w57865408",
        "allotmentHouse": "garden-house-v1",
        "allotmentPark": "Tuinpark Nut & Genoegen",
        "heightSource": "approximate-allotment-prior",
        "height": 3.4,
        "minHeight": 0,
        "roofEavesHeightM": 2.4,
        "roofHeight": 1,
        "roofShape": "gabled",
        "colour": "#c5b798",
        "sideColour": "#c5b798",
        "roofColour": "#625d52"
      }
    },
    {
      "type": "Feature",
      "geometry": {
        "type": "MultiPolygon",
        "coordinates": [
          [
            [
              [
                4.8492237,
                52.3877797
              ],
              [
                4.8492959,
                52.3877378
              ],
              [
                4.8493653,
                52.3877828
              ],
              [
                4.8492931,
                52.3878246
              ],
              [
                4.8492237,
                52.3877797
              ]
            ]
          ]
        ]
      },
      "properties": {
        "id": "w57865419",
        "tier": 4,
        "building": "yes",
        "osmId": "w57865419",
        "allotmentHouse": "garden-house-v1",
        "allotmentPark": "Tuingroep Sloterdijkermeer",
        "heightSource": "approximate-allotment-prior",
        "height": 3.4,
        "minHeight": 0,
        "roofEavesHeightM": 2.4,
        "roofHeight": 1,
        "roofShape": "gabled",
        "colour": "#8b7664",
        "sideColour": "#8b7664",
        "roofColour": "#625d52"
      }
    },
    {
      "type": "Feature",
      "geometry": {
        "type": "MultiPolygon",
        "coordinates": [
          [
            [
              [
                4.850834,
                52.3870321
              ],
              [
                4.8509064,
                52.3869903
              ],
              [
                4.8509757,
                52.3870353
              ],
              [
                4.8509035,
                52.3870771
              ],
              [
                4.850834,
                52.3870321
              ]
            ]
          ]
        ]
      },
      "properties": {
        "id": "w57865430",
        "tier": 4,
        "building": "yes",
        "osmId": "w57865430",
        "allotmentHouse": "garden-house-v1",
        "allotmentPark": "Tuingroep Sloterdijkermeer",
        "heightSource": "approximate-allotment-prior",
        "height": 3.4,
        "minHeight": 0,
        "roofEavesHeightM": 2.4,
        "roofHeight": 1,
        "roofShape": "gabled",
        "colour": "#a18d6c",
        "sideColour": "#a18d6c",
        "roofColour": "#625d52"
      }
    },
    {
      "type": "Feature",
      "geometry": {
        "type": "MultiPolygon",
        "coordinates": [
          [
            [
              [
                4.8530644,
                52.3870574
              ],
              [
                4.8531367,
                52.3870154
              ],
              [
                4.8532061,
                52.3870603
              ],
              [
                4.8531338,
                52.3871021
              ],
              [
                4.8530644,
                52.3870574
              ]
            ]
          ]
        ]
      },
      "properties": {
        "id": "w57865434",
        "tier": 4,
        "building": "yes",
        "osmId": "w57865434",
        "allotmentHouse": "garden-house-v1",
        "allotmentPark": "Tuingroep Sloterdijkermeer",
        "heightSource": "approximate-allotment-prior",
        "height": 3.4,
        "minHeight": 0,
        "roofEavesHeightM": 2.4,
        "roofHeight": 1,
        "roofShape": "gabled",
        "colour": "#8b7664",
        "sideColour": "#8b7664",
        "roofColour": "#625d52"
      }
    },
    {
      "type": "Feature",
      "geometry": {
        "type": "MultiPolygon",
        "coordinates": [
          [
            [
              [
                4.8496851,
                52.3870767
              ],
              [
                4.8497573,
                52.3870346
              ],
              [
                4.8498268,
                52.3870795
              ],
              [
                4.8497544,
                52.3871214
              ],
              [
                4.8496851,
                52.3870767
              ]
            ]
          ]
        ]
      },
      "properties": {
        "id": "w57865441",
        "tier": 4,
        "building": "yes",
        "osmId": "w57865441",
        "allotmentHouse": "garden-house-v1",
        "allotmentPark": "Tuingroep Sloterdijkermeer",
        "heightSource": "approximate-allotment-prior",
        "height": 3.4,
        "minHeight": 0,
        "roofEavesHeightM": 2.4,
        "roofHeight": 1,
        "roofShape": "gabled",
        "colour": "#75866b",
        "sideColour": "#75866b",
        "roofColour": "#625d52"
      }
    },
    {
      "type": "Feature",
      "geometry": {
        "type": "MultiPolygon",
        "coordinates": [
          [
            [
              [
                4.8643064,
                52.3881883
              ],
              [
                4.8643264,
                52.3881286
              ],
              [
                4.8644254,
                52.3881411
              ],
              [
                4.8644054,
                52.3882008
              ],
              [
                4.8643064,
                52.3881883
              ]
            ]
          ]
        ]
      },
      "properties": {
        "id": "w57865448",
        "tier": 4,
        "building": "yes",
        "osmId": "w57865448",
        "allotmentHouse": "garden-house-v1",
        "allotmentPark": "Tuinpark Nut & Genoegen",
        "heightSource": "approximate-allotment-prior",
        "height": 3.4,
        "minHeight": 0,
        "roofEavesHeightM": 2.4,
        "roofHeight": 1,
        "roofShape": "gabled",
        "colour": "#c5b798",
        "sideColour": "#c5b798",
        "roofColour": "#625d52"
      }
    },
    {
      "type": "Feature",
      "geometry": {
        "type": "MultiPolygon",
        "coordinates": [
          [
            [
              [
                4.8617183,
                52.3865887
              ],
              [
                4.8617382,
                52.3865293
              ],
              [
                4.8618371,
                52.3865415
              ],
              [
                4.8618171,
                52.3866012
              ],
              [
                4.8617183,
                52.3865887
              ]
            ]
          ]
        ]
      },
      "properties": {
        "id": "w57865459",
        "tier": 4,
        "building": "yes",
        "osmId": "w57865459",
        "allotmentHouse": "garden-house-v1",
        "allotmentPark": "Tuinpark Nut & Genoegen",
        "heightSource": "approximate-allotment-prior",
        "height": 3.4,
        "minHeight": 0,
        "roofEavesHeightM": 2.4,
        "roofHeight": 1,
        "roofShape": "gabled",
        "colour": "#8b7664",
        "sideColour": "#8b7664",
        "roofColour": "#625d52"
      }
    },
    {
      "type": "Feature",
      "geometry": {
        "type": "MultiPolygon",
        "coordinates": [
          [
            [
              [
                4.8582774,
                52.3876484
              ],
              [
                4.8583448,
                52.3876037
              ],
              [
                4.8584191,
                52.3876454
              ],
              [
                4.8583518,
                52.3876901
              ],
              [
                4.8582774,
                52.3876484
              ]
            ]
          ]
        ]
      },
      "properties": {
        "id": "w57865465",
        "tier": 4,
        "building": "yes",
        "osmId": "w57865465",
        "allotmentHouse": "garden-house-v1",
        "allotmentPark": "Tuinpark Nut & Genoegen",
        "heightSource": "approximate-allotment-prior",
        "height": 3.4,
        "minHeight": 0,
        "roofEavesHeightM": 2.4,
        "roofHeight": 1,
        "roofShape": "gabled",
        "colour": "#a18d6c",
        "sideColour": "#a18d6c",
        "roofColour": "#625d52"
      }
    },
    {
      "type": "Feature",
      "geometry": {
        "type": "MultiPolygon",
        "coordinates": [
          [
            [
              [
                4.8593058,
                52.3859518
              ],
              [
                4.8593173,
                52.3858904
              ],
              [
                4.8594161,
                52.3858973
              ],
              [
                4.8594046,
                52.3859587
              ],
              [
                4.8593058,
                52.3859518
              ]
            ]
          ]
        ]
      },
      "properties": {
        "id": "w57865475",
        "tier": 4,
        "building": "yes",
        "osmId": "w57865475",
        "allotmentHouse": "garden-house-v1",
        "allotmentPark": "Tuinpark Nut & Genoegen",
        "heightSource": "approximate-allotment-prior",
        "height": 3.4,
        "minHeight": 0,
        "roofEavesHeightM": 2.4,
        "roofHeight": 1,
        "roofShape": "gabled",
        "colour": "#a18d6c",
        "sideColour": "#a18d6c",
        "roofColour": "#625d52"
      }
    },
    {
      "type": "Feature",
      "geometry": {
        "type": "MultiPolygon",
        "coordinates": [
          [
            [
              [
                4.8479138,
                52.3874309
              ],
              [
                4.8479831,
                52.3873892
              ],
              [
                4.8480514,
                52.3874316
              ],
              [
                4.8479821,
                52.3874733
              ],
              [
                4.8479138,
                52.3874309
              ]
            ]
          ]
        ]
      },
      "properties": {
        "id": "w57865478",
        "tier": 4,
        "building": "yes",
        "osmId": "w57865478",
        "allotmentHouse": "garden-house-v1",
        "allotmentPark": "Tuingroep Sloterdijkermeer",
        "heightSource": "approximate-allotment-prior",
        "height": 3.4,
        "minHeight": 0,
        "roofEavesHeightM": 2.4,
        "roofHeight": 1,
        "roofShape": "gabled",
        "colour": "#c5b798",
        "sideColour": "#c5b798",
        "roofColour": "#625d52"
      }
    },
    {
      "type": "Feature",
      "geometry": {
        "type": "MultiPolygon",
        "coordinates": [
          [
            [
              [
                4.8570184,
                52.3864757
              ],
              [
                4.8570906,
                52.3864339
              ],
              [
                4.8571601,
                52.3864788
              ],
              [
                4.8570877,
                52.3865206
              ],
              [
                4.8570184,
                52.3864757
              ]
            ]
          ]
        ]
      },
      "properties": {
        "id": "w57865500",
        "tier": 4,
        "building": "yes",
        "osmId": "w57865500",
        "allotmentHouse": "garden-house-v1",
        "allotmentPark": "Tuinpark Nut & Genoegen",
        "heightSource": "approximate-allotment-prior",
        "height": 3.4,
        "minHeight": 0,
        "roofEavesHeightM": 2.4,
        "roofHeight": 1,
        "roofShape": "gabled",
        "colour": "#a18d6c",
        "sideColour": "#a18d6c",
        "roofColour": "#625d52"
      }
    },
    {
      "type": "Feature",
      "geometry": {
        "type": "MultiPolygon",
        "coordinates": [
          [
            [
              [
                4.8635651,
                52.3865565
              ],
              [
                4.8635851,
                52.386497
              ],
              [
                4.8636841,
                52.3865092
              ],
              [
                4.8636641,
                52.386569
              ],
              [
                4.8635651,
                52.3865565
              ]
            ]
          ]
        ]
      },
      "properties": {
        "id": "w57865507",
        "tier": 4,
        "building": "yes",
        "osmId": "w57865507",
        "allotmentHouse": "garden-house-v1",
        "allotmentPark": "Tuinpark Nut & Genoegen",
        "heightSource": "approximate-allotment-prior",
        "height": 3.4,
        "minHeight": 0,
        "roofEavesHeightM": 2.4,
        "roofHeight": 1,
        "roofShape": "gabled",
        "colour": "#99846f",
        "sideColour": "#99846f",
        "roofColour": "#625d52"
      }
    },
    {
      "type": "Feature",
      "geometry": {
        "type": "MultiPolygon",
        "coordinates": [
          [
            [
              [
                4.8615879,
                52.3865748
              ],
              [
                4.8616078,
                52.3865153
              ],
              [
                4.8617068,
                52.3865278
              ],
              [
                4.8616869,
                52.3865873
              ],
              [
                4.8615879,
                52.3865748
              ]
            ]
          ]
        ]
      },
      "properties": {
        "id": "w57865521",
        "tier": 4,
        "building": "yes",
        "osmId": "w57865521",
        "allotmentHouse": "garden-house-v1",
        "allotmentPark": "Tuinpark Nut & Genoegen",
        "heightSource": "approximate-allotment-prior",
        "height": 3.4,
        "minHeight": 0,
        "roofEavesHeightM": 2.4,
        "roofHeight": 1,
        "roofShape": "gabled",
        "colour": "#75866b",
        "sideColour": "#75866b",
        "roofColour": "#625d52"
      }
    },
    {
      "type": "Feature",
      "geometry": {
        "type": "MultiPolygon",
        "coordinates": [
          [
            [
              [
                4.8607558,
                52.3860877
              ],
              [
                4.8607758,
                52.3860282
              ],
              [
                4.8608747,
                52.3860407
              ],
              [
                4.8608547,
                52.3861002
              ],
              [
                4.8607558,
                52.3860877
              ]
            ]
          ]
        ]
      },
      "properties": {
        "id": "w57865526",
        "tier": 4,
        "building": "yes",
        "osmId": "w57865526",
        "allotmentHouse": "garden-house-v1",
        "allotmentPark": "Tuinpark Nut & Genoegen",
        "heightSource": "approximate-allotment-prior",
        "height": 3.4,
        "minHeight": 0,
        "roofEavesHeightM": 2.4,
        "roofHeight": 1,
        "roofShape": "gabled",
        "colour": "#75866b",
        "sideColour": "#75866b",
        "roofColour": "#625d52"
      }
    },
    {
      "type": "Feature",
      "geometry": {
        "type": "MultiPolygon",
        "coordinates": [
          [
            [
              [
                4.8624352,
                52.3876232
              ],
              [
                4.8624552,
                52.3875635
              ],
              [
                4.8625542,
                52.387576
              ],
              [
                4.8625342,
                52.3876355
              ],
              [
                4.8624352,
                52.3876232
              ]
            ]
          ]
        ]
      },
      "properties": {
        "id": "w57865544",
        "tier": 4,
        "building": "yes",
        "osmId": "w57865544",
        "allotmentHouse": "garden-house-v1",
        "allotmentPark": "Tuinpark Nut & Genoegen",
        "heightSource": "approximate-allotment-prior",
        "height": 3.4,
        "minHeight": 0,
        "roofEavesHeightM": 2.4,
        "roofHeight": 1,
        "roofShape": "gabled",
        "colour": "#8b7664",
        "sideColour": "#8b7664",
        "roofColour": "#625d52"
      }
    },
    {
      "type": "Feature",
      "geometry": {
        "type": "MultiPolygon",
        "coordinates": [
          [
            [
              [
                4.8498123,
                52.387973
              ],
              [
                4.8498845,
                52.3879312
              ],
              [
                4.8499539,
                52.3879759
              ],
              [
                4.8498816,
                52.388018
              ],
              [
                4.8498123,
                52.387973
              ]
            ]
          ]
        ]
      },
      "properties": {
        "id": "w57865549",
        "tier": 4,
        "building": "yes",
        "osmId": "w57865549",
        "allotmentHouse": "garden-house-v1",
        "allotmentPark": "Tuingroep Sloterdijkermeer",
        "heightSource": "approximate-allotment-prior",
        "height": 3.4,
        "minHeight": 0,
        "roofEavesHeightM": 2.4,
        "roofHeight": 1,
        "roofShape": "gabled",
        "colour": "#8b7664",
        "sideColour": "#8b7664",
        "roofColour": "#625d52"
      }
    },
    {
      "type": "Feature",
      "geometry": {
        "type": "MultiPolygon",
        "coordinates": [
          [
            [
              [
                4.8498396,
                52.3869623
              ],
              [
                4.8499118,
                52.3869205
              ],
              [
                4.8499812,
                52.3869654
              ],
              [
                4.849909,
                52.3870072
              ],
              [
                4.8498396,
                52.3869623
              ]
            ]
          ]
        ]
      },
      "properties": {
        "id": "w57865594",
        "tier": 4,
        "building": "yes",
        "osmId": "w57865594",
        "allotmentHouse": "garden-house-v1",
        "allotmentPark": "Tuingroep Sloterdijkermeer",
        "heightSource": "approximate-allotment-prior",
        "height": 3.4,
        "minHeight": 0,
        "roofEavesHeightM": 2.4,
        "roofHeight": 1,
        "roofShape": "gabled",
        "colour": "#8b7664",
        "sideColour": "#8b7664",
        "roofColour": "#625d52"
      }
    },
    {
      "type": "Feature",
      "geometry": {
        "type": "MultiPolygon",
        "coordinates": [
          [
            [
              [
                4.8607677,
                52.3867332
              ],
              [
                4.8607877,
                52.3866737
              ],
              [
                4.8608867,
                52.386686
              ],
              [
                4.8608668,
                52.3867457
              ],
              [
                4.8607677,
                52.3867332
              ]
            ]
          ]
        ]
      },
      "properties": {
        "id": "w57865612",
        "tier": 4,
        "building": "yes",
        "osmId": "w57865612",
        "allotmentHouse": "garden-house-v1",
        "allotmentPark": "Tuinpark Nut & Genoegen",
        "heightSource": "approximate-allotment-prior",
        "height": 3.4,
        "minHeight": 0,
        "roofEavesHeightM": 2.4,
        "roofHeight": 1,
        "roofShape": "gabled",
        "colour": "#99846f",
        "sideColour": "#99846f",
        "roofColour": "#625d52"
      }
    },
    {
      "type": "Feature",
      "geometry": {
        "type": "MultiPolygon",
        "coordinates": [
          [
            [
              [
                4.8545986,
                52.3866137
              ],
              [
                4.8546708,
                52.3865719
              ],
              [
                4.8547402,
                52.3866169
              ],
              [
                4.8546679,
                52.3866587
              ],
              [
                4.8545986,
                52.3866137
              ]
            ]
          ]
        ]
      },
      "properties": {
        "id": "w57865622",
        "tier": 4,
        "building": "yes",
        "osmId": "w57865622",
        "allotmentHouse": "garden-house-v1",
        "allotmentPark": "Tuingroep Sloterdijkermeer",
        "heightSource": "approximate-allotment-prior",
        "height": 3.4,
        "minHeight": 0,
        "roofEavesHeightM": 2.4,
        "roofHeight": 1,
        "roofShape": "gabled",
        "colour": "#99846f",
        "sideColour": "#99846f",
        "roofColour": "#625d52"
      }
    },
    {
      "type": "Feature",
      "geometry": {
        "type": "MultiPolygon",
        "coordinates": [
          [
            [
              [
                4.8630259,
                52.3880938
              ],
              [
                4.863046,
                52.3880343
              ],
              [
                4.8631451,
                52.3880468
              ],
              [
                4.863125,
                52.3881063
              ],
              [
                4.8630259,
                52.3880938
              ]
            ]
          ]
        ]
      },
      "properties": {
        "id": "w57865642",
        "tier": 4,
        "building": "yes",
        "osmId": "w57865642",
        "allotmentHouse": "garden-house-v1",
        "allotmentPark": "Tuinpark Nut & Genoegen",
        "heightSource": "approximate-allotment-prior",
        "height": 3.4,
        "minHeight": 0,
        "roofEavesHeightM": 2.4,
        "roofHeight": 1,
        "roofShape": "gabled",
        "colour": "#99846f",
        "sideColour": "#99846f",
        "roofColour": "#625d52"
      }
    },
    {
      "type": "Feature",
      "geometry": {
        "type": "MultiPolygon",
        "coordinates": [
          [
            [
              [
                4.8604701,
                52.387612
              ],
              [
                4.8604901,
                52.3875523
              ],
              [
                4.860589,
                52.3875648
              ],
              [
                4.860569,
                52.3876243
              ],
              [
                4.8604701,
                52.387612
              ]
            ]
          ]
        ]
      },
      "properties": {
        "id": "w57865644",
        "tier": 4,
        "building": "yes",
        "osmId": "w57865644",
        "allotmentHouse": "garden-house-v1",
        "allotmentPark": "Tuinpark Nut & Genoegen",
        "heightSource": "approximate-allotment-prior",
        "height": 3.4,
        "minHeight": 0,
        "roofEavesHeightM": 2.4,
        "roofHeight": 1,
        "roofShape": "gabled",
        "colour": "#8b7664",
        "sideColour": "#8b7664",
        "roofColour": "#625d52"
      }
    },
    {
      "type": "Feature",
      "geometry": {
        "type": "MultiPolygon",
        "coordinates": [
          [
            [
              [
                4.8627634,
                52.3872267
              ],
              [
                4.8627834,
                52.3871672
              ],
              [
                4.8628824,
                52.3871798
              ],
              [
                4.8628624,
                52.3872392
              ],
              [
                4.8627634,
                52.3872267
              ]
            ]
          ]
        ]
      },
      "properties": {
        "id": "w57865655",
        "tier": 4,
        "building": "yes",
        "osmId": "w57865655",
        "allotmentHouse": "garden-house-v1",
        "allotmentPark": "Tuinpark Nut & Genoegen",
        "heightSource": "approximate-allotment-prior",
        "height": 3.4,
        "minHeight": 0,
        "roofEavesHeightM": 2.4,
        "roofHeight": 1,
        "roofShape": "gabled",
        "colour": "#a18d6c",
        "sideColour": "#a18d6c",
        "roofColour": "#625d52"
      }
    },
    {
      "type": "Feature",
      "geometry": {
        "type": "MultiPolygon",
        "coordinates": [
          [
            [
              [
                4.8600238,
                52.3870299
              ],
              [
                4.8600714,
                52.3869765
              ],
              [
                4.8601601,
                52.3870061
              ],
              [
                4.8601124,
                52.3870595
              ],
              [
                4.8600238,
                52.3870299
              ]
            ]
          ]
        ]
      },
      "properties": {
        "id": "w57865661",
        "tier": 4,
        "building": "yes",
        "osmId": "w57865661",
        "allotmentHouse": "garden-house-v1",
        "allotmentPark": "Tuinpark Nut & Genoegen",
        "heightSource": "approximate-allotment-prior",
        "height": 3.4,
        "minHeight": 0,
        "roofEavesHeightM": 2.4,
        "roofHeight": 1,
        "roofShape": "gabled",
        "colour": "#75866b",
        "sideColour": "#75866b",
        "roofColour": "#625d52"
      }
    },
    {
      "type": "Feature",
      "geometry": {
        "type": "MultiPolygon",
        "coordinates": [
          [
            [
              [
                4.8540556,
                52.3872948
              ],
              [
                4.8541278,
                52.387253
              ],
              [
                4.8541973,
                52.3872977
              ],
              [
                4.854125,
                52.3873395
              ],
              [
                4.8540556,
                52.3872948
              ]
            ]
          ]
        ]
      },
      "properties": {
        "id": "w57865663",
        "tier": 4,
        "building": "yes",
        "osmId": "w57865663",
        "allotmentHouse": "garden-house-v1",
        "allotmentPark": "Tuingroep Sloterdijkermeer",
        "heightSource": "approximate-allotment-prior",
        "height": 3.4,
        "minHeight": 0,
        "roofEavesHeightM": 2.4,
        "roofHeight": 1,
        "roofShape": "gabled",
        "colour": "#c5b798",
        "sideColour": "#c5b798",
        "roofColour": "#625d52"
      }
    },
    {
      "type": "Feature",
      "geometry": {
        "type": "MultiPolygon",
        "coordinates": [
          [
            [
              [
                4.8567887,
                52.3859774
              ],
              [
                4.856888,
                52.3859736
              ],
              [
                4.856894,
                52.3860355
              ],
              [
                4.8567947,
                52.3860389
              ],
              [
                4.8567887,
                52.3859774
              ]
            ]
          ]
        ]
      },
      "properties": {
        "id": "w57865697",
        "tier": 4,
        "building": "yes",
        "osmId": "w57865697",
        "allotmentHouse": "garden-house-v1",
        "allotmentPark": "Tuingroep Sloterdijkermeer",
        "heightSource": "approximate-allotment-prior",
        "height": 3.4,
        "minHeight": 0,
        "roofEavesHeightM": 2.4,
        "roofHeight": 1,
        "roofShape": "gabled",
        "colour": "#99846f",
        "sideColour": "#99846f",
        "roofColour": "#625d52"
      }
    },
    {
      "type": "Feature",
      "geometry": {
        "type": "MultiPolygon",
        "coordinates": [
          [
            [
              [
                4.8586805,
                52.3873978
              ],
              [
                4.8587478,
                52.3873529
              ],
              [
                4.8588222,
                52.3873948
              ],
              [
                4.8587549,
                52.3874394
              ],
              [
                4.8586805,
                52.3873978
              ]
            ]
          ]
        ]
      },
      "properties": {
        "id": "w57865705",
        "tier": 4,
        "building": "yes",
        "osmId": "w57865705",
        "allotmentHouse": "garden-house-v1",
        "allotmentPark": "Tuinpark Nut & Genoegen",
        "heightSource": "approximate-allotment-prior",
        "height": 3.4,
        "minHeight": 0,
        "roofEavesHeightM": 2.4,
        "roofHeight": 1,
        "roofShape": "gabled",
        "colour": "#a18d6c",
        "sideColour": "#a18d6c",
        "roofColour": "#625d52"
      }
    },
    {
      "type": "Feature",
      "geometry": {
        "type": "MultiPolygon",
        "coordinates": [
          [
            [
              [
                4.8531263,
                52.3884725
              ],
              [
                4.8531985,
                52.3884307
              ],
              [
                4.853268,
                52.3884756
              ],
              [
                4.8531957,
                52.3885174
              ],
              [
                4.8531263,
                52.3884725
              ]
            ]
          ]
        ]
      },
      "properties": {
        "id": "w57865723",
        "tier": 4,
        "building": "yes",
        "osmId": "w57865723",
        "allotmentHouse": "garden-house-v1",
        "allotmentPark": "Tuingroep Sloterdijkermeer",
        "heightSource": "approximate-allotment-prior",
        "height": 3.4,
        "minHeight": 0,
        "roofEavesHeightM": 2.4,
        "roofHeight": 1,
        "roofShape": "gabled",
        "colour": "#c5b798",
        "sideColour": "#c5b798",
        "roofColour": "#625d52"
      }
    },
    {
      "type": "Feature",
      "geometry": {
        "type": "MultiPolygon",
        "coordinates": [
          [
            [
              [
                4.8554705,
                52.3868076
              ],
              [
                4.8555428,
                52.3867658
              ],
              [
                4.8556121,
                52.3868107
              ],
              [
                4.8555399,
                52.3868525
              ],
              [
                4.8554705,
                52.3868076
              ]
            ]
          ]
        ]
      },
      "properties": {
        "id": "w57865725",
        "tier": 4,
        "building": "yes",
        "osmId": "w57865725",
        "allotmentHouse": "garden-house-v1",
        "allotmentPark": "Tuingroep Sloterdijkermeer",
        "heightSource": "approximate-allotment-prior",
        "height": 3.4,
        "minHeight": 0,
        "roofEavesHeightM": 2.4,
        "roofHeight": 1,
        "roofShape": "gabled",
        "colour": "#a18d6c",
        "sideColour": "#a18d6c",
        "roofColour": "#625d52"
      }
    },
    {
      "type": "Feature",
      "geometry": {
        "type": "MultiPolygon",
        "coordinates": [
          [
            [
              [
                4.8608982,
                52.3869069
              ],
              [
                4.8609182,
                52.3868474
              ],
              [
                4.8610171,
                52.3868596
              ],
              [
                4.8609971,
                52.3869194
              ],
              [
                4.8608982,
                52.3869069
              ]
            ]
          ]
        ]
      },
      "properties": {
        "id": "w57865736",
        "tier": 4,
        "building": "yes",
        "osmId": "w57865736",
        "allotmentHouse": "garden-house-v1",
        "allotmentPark": "Tuinpark Nut & Genoegen",
        "heightSource": "approximate-allotment-prior",
        "height": 3.4,
        "minHeight": 0,
        "roofEavesHeightM": 2.4,
        "roofHeight": 1,
        "roofShape": "gabled",
        "colour": "#75866b",
        "sideColour": "#75866b",
        "roofColour": "#625d52"
      }
    },
    {
      "type": "Feature",
      "geometry": {
        "type": "MultiPolygon",
        "coordinates": [
          [
            [
              [
                4.8597128,
                52.3877754
              ],
              [
                4.8597605,
                52.387722
              ],
              [
                4.8598492,
                52.3877516
              ],
              [
                4.8598015,
                52.387805
              ],
              [
                4.8597128,
                52.3877754
              ]
            ]
          ]
        ]
      },
      "properties": {
        "id": "w57865754",
        "tier": 4,
        "building": "yes",
        "osmId": "w57865754",
        "allotmentHouse": "garden-house-v1",
        "allotmentPark": "Tuinpark Nut & Genoegen",
        "heightSource": "approximate-allotment-prior",
        "height": 3.4,
        "minHeight": 0,
        "roofEavesHeightM": 2.4,
        "roofHeight": 1,
        "roofShape": "gabled",
        "colour": "#8b7664",
        "sideColour": "#8b7664",
        "roofColour": "#625d52"
      }
    },
    {
      "type": "Feature",
      "geometry": {
        "type": "MultiPolygon",
        "coordinates": [
          [
            [
              [
                4.8632387,
                52.3874407
              ],
              [
                4.8632587,
                52.3873812
              ],
              [
                4.8633577,
                52.3873935
              ],
              [
                4.8633377,
                52.3874532
              ],
              [
                4.8632387,
                52.3874407
              ]
            ]
          ]
        ]
      },
      "properties": {
        "id": "w57865771",
        "tier": 4,
        "building": "yes",
        "osmId": "w57865771",
        "allotmentHouse": "garden-house-v1",
        "allotmentPark": "Tuinpark Nut & Genoegen",
        "heightSource": "approximate-allotment-prior",
        "height": 3.4,
        "minHeight": 0,
        "roofEavesHeightM": 2.4,
        "roofHeight": 1,
        "roofShape": "gabled",
        "colour": "#75866b",
        "sideColour": "#75866b",
        "roofColour": "#625d52"
      }
    },
    {
      "type": "Feature",
      "geometry": {
        "type": "MultiPolygon",
        "coordinates": [
          [
            [
              [
                4.8553529,
                52.3861188
              ],
              [
                4.8554251,
                52.386077
              ],
              [
                4.8554946,
                52.3861219
              ],
              [
                4.8554223,
                52.3861637
              ],
              [
                4.8553529,
                52.3861188
              ]
            ]
          ]
        ]
      },
      "properties": {
        "id": "w57865777",
        "tier": 4,
        "building": "yes",
        "osmId": "w57865777",
        "allotmentHouse": "garden-house-v1",
        "allotmentPark": "Tuingroep Sloterdijkermeer",
        "heightSource": "approximate-allotment-prior",
        "height": 3.4,
        "minHeight": 0,
        "roofEavesHeightM": 2.4,
        "roofHeight": 1,
        "roofShape": "gabled",
        "colour": "#99846f",
        "sideColour": "#99846f",
        "roofColour": "#625d52"
      }
    },
    {
      "type": "Feature",
      "geometry": {
        "type": "MultiPolygon",
        "coordinates": [
          [
            [
              [
                4.8507025,
                52.3869376
              ],
              [
                4.8507747,
                52.3868958
              ],
              [
                4.8508441,
                52.3869408
              ],
              [
                4.8507718,
                52.3869826
              ],
              [
                4.8507025,
                52.3869376
              ]
            ]
          ]
        ]
      },
      "properties": {
        "id": "w57865792",
        "tier": 4,
        "building": "yes",
        "osmId": "w57865792",
        "allotmentHouse": "garden-house-v1",
        "allotmentPark": "Tuingroep Sloterdijkermeer",
        "heightSource": "approximate-allotment-prior",
        "height": 3.4,
        "minHeight": 0,
        "roofEavesHeightM": 2.4,
        "roofHeight": 1,
        "roofShape": "gabled",
        "colour": "#99846f",
        "sideColour": "#99846f",
        "roofColour": "#625d52"
      }
    },
    {
      "type": "Feature",
      "geometry": {
        "type": "MultiPolygon",
        "coordinates": [
          [
            [
              [
                4.8625361,
                52.3873366
              ],
              [
                4.862556,
                52.3872769
              ],
              [
                4.862655,
                52.3872894
              ],
              [
                4.862635,
                52.3873492
              ],
              [
                4.8625361,
                52.3873366
              ]
            ]
          ]
        ]
      },
      "properties": {
        "id": "w57865794",
        "tier": 4,
        "building": "yes",
        "osmId": "w57865794",
        "allotmentHouse": "garden-house-v1",
        "allotmentPark": "Tuinpark Nut & Genoegen",
        "heightSource": "approximate-allotment-prior",
        "height": 3.4,
        "minHeight": 0,
        "roofEavesHeightM": 2.4,
        "roofHeight": 1,
        "roofShape": "gabled",
        "colour": "#8b7664",
        "sideColour": "#8b7664",
        "roofColour": "#625d52"
      }
    },
    {
      "type": "Feature",
      "geometry": {
        "type": "MultiPolygon",
        "coordinates": [
          [
            [
              [
                4.8616515,
                52.3868454
              ],
              [
                4.8616715,
                52.3867856
              ],
              [
                4.8617704,
                52.3867981
              ],
              [
                4.8617504,
                52.3868579
              ],
              [
                4.8616515,
                52.3868454
              ]
            ]
          ]
        ]
      },
      "properties": {
        "id": "w57865804",
        "tier": 4,
        "building": "yes",
        "osmId": "w57865804",
        "allotmentHouse": "garden-house-v1",
        "allotmentPark": "Tuinpark Nut & Genoegen",
        "heightSource": "approximate-allotment-prior",
        "height": 3.4,
        "minHeight": 0,
        "roofEavesHeightM": 2.4,
        "roofHeight": 1,
        "roofShape": "gabled",
        "colour": "#8b7664",
        "sideColour": "#8b7664",
        "roofColour": "#625d52"
      }
    },
    {
      "type": "Feature",
      "geometry": {
        "type": "MultiPolygon",
        "coordinates": [
          [
            [
              [
                4.8603787,
                52.3883881
              ],
              [
                4.8603987,
                52.3883283
              ],
              [
                4.8604976,
                52.3883408
              ],
              [
                4.8604776,
                52.3884003
              ],
              [
                4.8603787,
                52.3883881
              ]
            ]
          ]
        ]
      },
      "properties": {
        "id": "w57865827",
        "tier": 4,
        "building": "yes",
        "osmId": "w57865827",
        "allotmentHouse": "garden-house-v1",
        "allotmentPark": "Tuinpark Nut & Genoegen",
        "heightSource": "approximate-allotment-prior",
        "height": 3.4,
        "minHeight": 0,
        "roofEavesHeightM": 2.4,
        "roofHeight": 1,
        "roofShape": "gabled",
        "colour": "#99846f",
        "sideColour": "#99846f",
        "roofColour": "#625d52"
      }
    },
    {
      "type": "Feature",
      "geometry": {
        "type": "MultiPolygon",
        "coordinates": [
          [
            [
              [
                4.8521812,
                52.3882809
              ],
              [
                4.8522534,
                52.3882391
              ],
              [
                4.8523229,
                52.3882838
              ],
              [
                4.8522505,
                52.3883256
              ],
              [
                4.8521812,
                52.3882809
              ]
            ]
          ]
        ]
      },
      "properties": {
        "id": "w57865829",
        "tier": 4,
        "building": "yes",
        "osmId": "w57865829",
        "allotmentHouse": "garden-house-v1",
        "allotmentPark": "Tuingroep Sloterdijkermeer",
        "heightSource": "approximate-allotment-prior",
        "height": 3.4,
        "minHeight": 0,
        "roofEavesHeightM": 2.4,
        "roofHeight": 1,
        "roofShape": "gabled",
        "colour": "#8b7664",
        "sideColour": "#8b7664",
        "roofColour": "#625d52"
      }
    },
    {
      "type": "Feature",
      "geometry": {
        "type": "MultiPolygon",
        "coordinates": [
          [
            [
              [
                4.8626062,
                52.3861923
              ],
              [
                4.8626262,
                52.3861326
              ],
              [
                4.8627251,
                52.3861451
              ],
              [
                4.8627051,
                52.3862046
              ],
              [
                4.8626062,
                52.3861923
              ]
            ]
          ]
        ]
      },
      "properties": {
        "id": "w57865834",
        "tier": 4,
        "building": "yes",
        "osmId": "w57865834",
        "allotmentHouse": "garden-house-v1",
        "allotmentPark": "Tuinpark Nut & Genoegen",
        "heightSource": "approximate-allotment-prior",
        "height": 3.4,
        "minHeight": 0,
        "roofEavesHeightM": 2.4,
        "roofHeight": 1,
        "roofShape": "gabled",
        "colour": "#8b7664",
        "sideColour": "#8b7664",
        "roofColour": "#625d52"
      }
    },
    {
      "type": "Feature",
      "geometry": {
        "type": "MultiPolygon",
        "coordinates": [
          [
            [
              [
                4.857766,
                52.387327
              ],
              [
                4.8578333,
                52.3872821
              ],
              [
                4.8579078,
                52.387324
              ],
              [
                4.8578404,
                52.3873686
              ],
              [
                4.857766,
                52.387327
              ]
            ]
          ]
        ]
      },
      "properties": {
        "id": "w57865842",
        "tier": 4,
        "building": "yes",
        "osmId": "w57865842",
        "allotmentHouse": "garden-house-v1",
        "allotmentPark": "Tuinpark Nut & Genoegen",
        "heightSource": "approximate-allotment-prior",
        "height": 3.4,
        "minHeight": 0,
        "roofEavesHeightM": 2.4,
        "roofHeight": 1,
        "roofShape": "gabled",
        "colour": "#99846f",
        "sideColour": "#99846f",
        "roofColour": "#625d52"
      }
    },
    {
      "type": "Feature",
      "geometry": {
        "type": "MultiPolygon",
        "coordinates": [
          [
            [
              [
                4.8599646,
                52.3874509
              ],
              [
                4.8600121,
                52.3873975
              ],
              [
                4.8601009,
                52.3874271
              ],
              [
                4.8600533,
                52.3874805
              ],
              [
                4.8599646,
                52.3874509
              ]
            ]
          ]
        ]
      },
      "properties": {
        "id": "w57865844",
        "tier": 4,
        "building": "yes",
        "osmId": "w57865844",
        "allotmentHouse": "garden-house-v1",
        "allotmentPark": "Tuinpark Nut & Genoegen",
        "heightSource": "approximate-allotment-prior",
        "height": 3.4,
        "minHeight": 0,
        "roofEavesHeightM": 2.4,
        "roofHeight": 1,
        "roofShape": "gabled",
        "colour": "#8b7664",
        "sideColour": "#8b7664",
        "roofColour": "#625d52"
      }
    },
    {
      "type": "Feature",
      "geometry": {
        "type": "MultiPolygon",
        "coordinates": [
          [
            [
              [
                4.8613752,
                52.387522
              ],
              [
                4.8613952,
                52.3874622
              ],
              [
                4.8614941,
                52.3874748
              ],
              [
                4.8614741,
                52.3875345
              ],
              [
                4.8613752,
                52.387522
              ]
            ]
          ]
        ]
      },
      "properties": {
        "id": "w57865849",
        "tier": 4,
        "building": "yes",
        "osmId": "w57865849",
        "allotmentHouse": "garden-house-v1",
        "allotmentPark": "Tuinpark Nut & Genoegen",
        "heightSource": "approximate-allotment-prior",
        "height": 3.4,
        "minHeight": 0,
        "roofEavesHeightM": 2.4,
        "roofHeight": 1,
        "roofShape": "gabled",
        "colour": "#8b7664",
        "sideColour": "#8b7664",
        "roofColour": "#625d52"
      }
    },
    {
      "type": "Feature",
      "geometry": {
        "type": "MultiPolygon",
        "coordinates": [
          [
            [
              [
                4.8602655,
                52.3867362
              ],
              [
                4.8603389,
                52.3866935
              ],
              [
                4.8604072,
                52.3867379
              ],
              [
                4.8603339,
                52.3867803
              ],
              [
                4.8602655,
                52.3867362
              ]
            ]
          ]
        ]
      },
      "properties": {
        "id": "w57865860",
        "tier": 4,
        "building": "yes",
        "osmId": "w57865860",
        "allotmentHouse": "garden-house-v1",
        "allotmentPark": "Tuinpark Nut & Genoegen",
        "heightSource": "approximate-allotment-prior",
        "height": 3.4,
        "minHeight": 0,
        "roofEavesHeightM": 2.4,
        "roofHeight": 1,
        "roofShape": "gabled",
        "colour": "#a18d6c",
        "sideColour": "#a18d6c",
        "roofColour": "#625d52"
      }
    },
    {
      "type": "Feature",
      "geometry": {
        "type": "MultiPolygon",
        "coordinates": [
          [
            [
              [
                4.8481312,
                52.3867546
              ],
              [
                4.8482036,
                52.3867128
              ],
              [
                4.8482729,
                52.3867575
              ],
              [
                4.8482007,
                52.3867993
              ],
              [
                4.8481312,
                52.3867546
              ]
            ]
          ]
        ]
      },
      "properties": {
        "id": "w57865862",
        "tier": 4,
        "building": "yes",
        "osmId": "w57865862",
        "allotmentHouse": "garden-house-v1",
        "allotmentPark": "Tuingroep Sloterdijkermeer",
        "heightSource": "approximate-allotment-prior",
        "height": 3.4,
        "minHeight": 0,
        "roofEavesHeightM": 2.4,
        "roofHeight": 1,
        "roofShape": "gabled",
        "colour": "#99846f",
        "sideColour": "#99846f",
        "roofColour": "#625d52"
      }
    },
    {
      "type": "Feature",
      "geometry": {
        "type": "MultiPolygon",
        "coordinates": [
          [
            [
              [
                4.8484374,
                52.3881379
              ],
              [
                4.8485096,
                52.3880961
              ],
              [
                4.8485791,
                52.3881411
              ],
              [
                4.8485069,
                52.3881829
              ],
              [
                4.8484374,
                52.3881379
              ]
            ]
          ]
        ]
      },
      "properties": {
        "id": "w57865875",
        "tier": 4,
        "building": "yes",
        "osmId": "w57865875",
        "allotmentHouse": "garden-house-v1",
        "allotmentPark": "Tuingroep Sloterdijkermeer",
        "heightSource": "approximate-allotment-prior",
        "height": 3.4,
        "minHeight": 0,
        "roofEavesHeightM": 2.4,
        "roofHeight": 1,
        "roofShape": "gabled",
        "colour": "#a18d6c",
        "sideColour": "#a18d6c",
        "roofColour": "#625d52"
      }
    },
    {
      "type": "Feature",
      "geometry": {
        "type": "MultiPolygon",
        "coordinates": [
          [
            [
              [
                4.8616567,
                52.3883183
              ],
              [
                4.8616767,
                52.3882586
              ],
              [
                4.8617756,
                52.3882711
              ],
              [
                4.8617557,
                52.3883305
              ],
              [
                4.8616567,
                52.3883183
              ]
            ]
          ]
        ]
      },
      "properties": {
        "id": "w57865881",
        "tier": 4,
        "building": "yes",
        "osmId": "w57865881",
        "allotmentHouse": "garden-house-v1",
        "allotmentPark": "Tuinpark Nut & Genoegen",
        "heightSource": "approximate-allotment-prior",
        "height": 3.4,
        "minHeight": 0,
        "roofEavesHeightM": 2.4,
        "roofHeight": 1,
        "roofShape": "gabled",
        "colour": "#75866b",
        "sideColour": "#75866b",
        "roofColour": "#625d52"
      }
    },
    {
      "type": "Feature",
      "geometry": {
        "type": "MultiPolygon",
        "coordinates": [
          [
            [
              [
                4.8550502,
                52.3884155
              ],
              [
                4.8551226,
                52.3883737
              ],
              [
                4.8551919,
                52.3884187
              ],
              [
                4.8551197,
                52.3884605
              ],
              [
                4.8550502,
                52.3884155
              ]
            ]
          ]
        ]
      },
      "properties": {
        "id": "w57865883",
        "tier": 4,
        "building": "yes",
        "osmId": "w57865883",
        "allotmentHouse": "garden-house-v1",
        "allotmentPark": "Tuingroep Sloterdijkermeer",
        "heightSource": "approximate-allotment-prior",
        "height": 3.4,
        "minHeight": 0,
        "roofEavesHeightM": 2.4,
        "roofHeight": 1,
        "roofShape": "gabled",
        "colour": "#c5b798",
        "sideColour": "#c5b798",
        "roofColour": "#625d52"
      }
    },
    {
      "type": "Feature",
      "geometry": {
        "type": "MultiPolygon",
        "coordinates": [
          [
            [
              [
                4.8532176,
                52.3867933
              ],
              [
                4.8532898,
                52.3867515
              ],
              [
                4.8533592,
                52.3867964
              ],
              [
                4.8532869,
                52.3868382
              ],
              [
                4.8532176,
                52.3867933
              ]
            ]
          ]
        ]
      },
      "properties": {
        "id": "w57865885",
        "tier": 4,
        "building": "yes",
        "osmId": "w57865885",
        "allotmentHouse": "garden-house-v1",
        "allotmentPark": "Tuingroep Sloterdijkermeer",
        "heightSource": "approximate-allotment-prior",
        "height": 3.4,
        "minHeight": 0,
        "roofEavesHeightM": 2.4,
        "roofHeight": 1,
        "roofShape": "gabled",
        "colour": "#a18d6c",
        "sideColour": "#a18d6c",
        "roofColour": "#625d52"
      }
    },
    {
      "type": "Feature",
      "geometry": {
        "type": "MultiPolygon",
        "coordinates": [
          [
            [
              [
                4.8527851,
                52.3865787
              ],
              [
                4.8528574,
                52.3865369
              ],
              [
                4.8529268,
                52.3865819
              ],
              [
                4.8528545,
                52.3866237
              ],
              [
                4.8527851,
                52.3865787
              ]
            ]
          ]
        ]
      },
      "properties": {
        "id": "w57865889",
        "tier": 4,
        "building": "yes",
        "osmId": "w57865889",
        "allotmentHouse": "garden-house-v1",
        "allotmentPark": "Tuingroep Sloterdijkermeer",
        "heightSource": "approximate-allotment-prior",
        "height": 3.4,
        "minHeight": 0,
        "roofEavesHeightM": 2.4,
        "roofHeight": 1,
        "roofShape": "gabled",
        "colour": "#8b7664",
        "sideColour": "#8b7664",
        "roofColour": "#625d52"
      }
    },
    {
      "type": "Feature",
      "geometry": {
        "type": "MultiPolygon",
        "coordinates": [
          [
            [
              [
                4.8519853,
                52.3868994
              ],
              [
                4.8520576,
                52.3868576
              ],
              [
                4.852127,
                52.3869026
              ],
              [
                4.8520548,
                52.3869444
              ],
              [
                4.8519853,
                52.3868994
              ]
            ]
          ]
        ]
      },
      "properties": {
        "id": "w57865916",
        "tier": 4,
        "building": "yes",
        "osmId": "w57865916",
        "allotmentHouse": "garden-house-v1",
        "allotmentPark": "Tuingroep Sloterdijkermeer",
        "heightSource": "approximate-allotment-prior",
        "height": 3.4,
        "minHeight": 0,
        "roofEavesHeightM": 2.4,
        "roofHeight": 1,
        "roofShape": "gabled",
        "colour": "#75866b",
        "sideColour": "#75866b",
        "roofColour": "#625d52"
      }
    },
    {
      "type": "Feature",
      "geometry": {
        "type": "MultiPolygon",
        "coordinates": [
          [
            [
              [
                4.8607725,
                52.3859522
              ],
              [
                4.8607876,
                52.3858918
              ],
              [
                4.8608875,
                52.3859013
              ],
              [
                4.8608724,
                52.3859613
              ],
              [
                4.8607725,
                52.3859522
              ]
            ]
          ]
        ]
      },
      "properties": {
        "id": "w57865926",
        "tier": 4,
        "building": "yes",
        "osmId": "w57865926",
        "allotmentHouse": "garden-house-v1",
        "allotmentPark": "Tuinpark Nut & Genoegen",
        "heightSource": "approximate-allotment-prior",
        "height": 3.4,
        "minHeight": 0,
        "roofEavesHeightM": 2.4,
        "roofHeight": 1,
        "roofShape": "gabled",
        "colour": "#75866b",
        "sideColour": "#75866b",
        "roofColour": "#625d52"
      }
    },
    {
      "type": "Feature",
      "geometry": {
        "type": "MultiPolygon",
        "coordinates": [
          [
            [
              [
                4.8597868,
                52.387951
              ],
              [
                4.8598344,
                52.3878975
              ],
              [
                4.8599231,
                52.3879271
              ],
              [
                4.8598755,
                52.3879806
              ],
              [
                4.8597868,
                52.387951
              ]
            ]
          ]
        ]
      },
      "properties": {
        "id": "w57865929",
        "tier": 4,
        "building": "yes",
        "osmId": "w57865929",
        "allotmentHouse": "garden-house-v1",
        "allotmentPark": "Tuinpark Nut & Genoegen",
        "heightSource": "approximate-allotment-prior",
        "height": 3.4,
        "minHeight": 0,
        "roofEavesHeightM": 2.4,
        "roofHeight": 1,
        "roofShape": "gabled",
        "colour": "#8b7664",
        "sideColour": "#8b7664",
        "roofColour": "#625d52"
      }
    },
    {
      "type": "Feature",
      "geometry": {
        "type": "MultiPolygon",
        "coordinates": [
          [
            [
              [
                4.8571167,
                52.3862933
              ],
              [
                4.8571889,
                52.3862514
              ],
              [
                4.8572583,
                52.3862964
              ],
              [
                4.857186,
                52.3863382
              ],
              [
                4.8571167,
                52.3862933
              ]
            ]
          ]
        ]
      },
      "properties": {
        "id": "w57865937",
        "tier": 4,
        "building": "yes",
        "osmId": "w57865937",
        "allotmentHouse": "garden-house-v1",
        "allotmentPark": "Tuinpark Nut & Genoegen",
        "heightSource": "approximate-allotment-prior",
        "height": 3.4,
        "minHeight": 0,
        "roofEavesHeightM": 2.4,
        "roofHeight": 1,
        "roofShape": "gabled",
        "colour": "#99846f",
        "sideColour": "#99846f",
        "roofColour": "#625d52"
      }
    },
    {
      "type": "Feature",
      "geometry": {
        "type": "MultiPolygon",
        "coordinates": [
          [
            [
              [
                4.8491027,
                52.3869529
              ],
              [
                4.849175,
                52.3869111
              ],
              [
                4.8492444,
                52.3869561
              ],
              [
                4.8491721,
                52.3869979
              ],
              [
                4.8491027,
                52.3869529
              ]
            ]
          ]
        ]
      },
      "properties": {
        "id": "w57865962",
        "tier": 4,
        "building": "yes",
        "osmId": "w57865962",
        "allotmentHouse": "garden-house-v1",
        "allotmentPark": "Tuingroep Sloterdijkermeer",
        "heightSource": "approximate-allotment-prior",
        "height": 3.4,
        "minHeight": 0,
        "roofEavesHeightM": 2.4,
        "roofHeight": 1,
        "roofShape": "gabled",
        "colour": "#99846f",
        "sideColour": "#99846f",
        "roofColour": "#625d52"
      }
    },
    {
      "type": "Feature",
      "geometry": {
        "type": "MultiPolygon",
        "coordinates": [
          [
            [
              [
                4.8500823,
                52.3876482
              ],
              [
                4.8501546,
                52.3876064
              ],
              [
                4.850224,
                52.3876513
              ],
              [
                4.8501517,
                52.3876931
              ],
              [
                4.8500823,
                52.3876482
              ]
            ]
          ]
        ]
      },
      "properties": {
        "id": "w57865970",
        "tier": 4,
        "building": "yes",
        "osmId": "w57865970",
        "allotmentHouse": "garden-house-v1",
        "allotmentPark": "Tuingroep Sloterdijkermeer",
        "heightSource": "approximate-allotment-prior",
        "height": 3.4,
        "minHeight": 0,
        "roofEavesHeightM": 2.4,
        "roofHeight": 1,
        "roofShape": "gabled",
        "colour": "#a18d6c",
        "sideColour": "#a18d6c",
        "roofColour": "#625d52"
      }
    },
    {
      "type": "Feature",
      "geometry": {
        "type": "MultiPolygon",
        "coordinates": [
          [
            [
              [
                4.8529159,
                52.3863469
              ],
              [
                4.8529882,
                52.3863051
              ],
              [
                4.8530576,
                52.3863498
              ],
              [
                4.8529853,
                52.3863916
              ],
              [
                4.8529159,
                52.3863469
              ]
            ]
          ]
        ]
      },
      "properties": {
        "id": "w57865976",
        "tier": 4,
        "building": "yes",
        "osmId": "w57865976",
        "allotmentHouse": "garden-house-v1",
        "allotmentPark": "Tuingroep Sloterdijkermeer",
        "heightSource": "approximate-allotment-prior",
        "height": 3.4,
        "minHeight": 0,
        "roofEavesHeightM": 2.4,
        "roofHeight": 1,
        "roofShape": "gabled",
        "colour": "#75866b",
        "sideColour": "#75866b",
        "roofColour": "#625d52"
      }
    },
    {
      "type": "Feature",
      "geometry": {
        "type": "MultiPolygon",
        "coordinates": [
          [
            [
              [
                4.8618319,
                52.3863296
              ],
              [
                4.8618519,
                52.3862701
              ],
              [
                4.8619507,
                52.3862823
              ],
              [
                4.8619308,
                52.3863421
              ],
              [
                4.8618319,
                52.3863296
              ]
            ]
          ]
        ]
      },
      "properties": {
        "id": "w57865985",
        "tier": 4,
        "building": "yes",
        "osmId": "w57865985",
        "allotmentHouse": "garden-house-v1",
        "allotmentPark": "Tuinpark Nut & Genoegen",
        "heightSource": "approximate-allotment-prior",
        "height": 3.4,
        "minHeight": 0,
        "roofEavesHeightM": 2.4,
        "roofHeight": 1,
        "roofShape": "gabled",
        "colour": "#a18d6c",
        "sideColour": "#a18d6c",
        "roofColour": "#625d52"
      }
    },
    {
      "type": "Feature",
      "geometry": {
        "type": "MultiPolygon",
        "coordinates": [
          [
            [
              [
                4.8608151,
                52.3871492
              ],
              [
                4.860835,
                52.3870894
              ],
              [
                4.860934,
                52.3871019
              ],
              [
                4.860914,
                52.3871614
              ],
              [
                4.8608151,
                52.3871492
              ]
            ]
          ]
        ]
      },
      "properties": {
        "id": "w57866024",
        "tier": 4,
        "building": "yes",
        "osmId": "w57866024",
        "allotmentHouse": "garden-house-v1",
        "allotmentPark": "Tuinpark Nut & Genoegen",
        "heightSource": "approximate-allotment-prior",
        "height": 3.4,
        "minHeight": 0,
        "roofEavesHeightM": 2.4,
        "roofHeight": 1,
        "roofShape": "gabled",
        "colour": "#8b7664",
        "sideColour": "#8b7664",
        "roofColour": "#625d52"
      }
    },
    {
      "type": "Feature",
      "geometry": {
        "type": "MultiPolygon",
        "coordinates": [
          [
            [
              [
                4.8583577,
                52.3861229
              ],
              [
                4.8584284,
                52.3860805
              ],
              [
                4.8584815,
                52.3861135
              ],
              [
                4.8584108,
                52.3861559
              ],
              [
                4.8583577,
                52.3861229
              ]
            ]
          ]
        ]
      },
      "properties": {
        "id": "w57866033",
        "tier": 4,
        "building": "yes",
        "osmId": "w57866033",
        "allotmentHouse": "garden-house-v1",
        "allotmentPark": "Tuinpark Nut & Genoegen",
        "heightSource": "approximate-allotment-prior",
        "height": 3.4,
        "minHeight": 0,
        "roofEavesHeightM": 2.4,
        "roofHeight": 1,
        "roofShape": "gabled",
        "colour": "#c5b798",
        "sideColour": "#c5b798",
        "roofColour": "#625d52"
      }
    },
    {
      "type": "Feature",
      "geometry": {
        "type": "MultiPolygon",
        "coordinates": [
          [
            [
              [
                4.8559925,
                52.3864843
              ],
              [
                4.8560649,
                52.3864423
              ],
              [
                4.8561342,
                52.3864872
              ],
              [
                4.856062,
                52.386529
              ],
              [
                4.8559925,
                52.3864843
              ]
            ]
          ]
        ]
      },
      "properties": {
        "id": "w57866035",
        "tier": 4,
        "building": "yes",
        "osmId": "w57866035",
        "allotmentHouse": "garden-house-v1",
        "allotmentPark": "Tuingroep Sloterdijkermeer",
        "heightSource": "approximate-allotment-prior",
        "height": 3.4,
        "minHeight": 0,
        "roofEavesHeightM": 2.4,
        "roofHeight": 1,
        "roofShape": "gabled",
        "colour": "#a18d6c",
        "sideColour": "#a18d6c",
        "roofColour": "#625d52"
      }
    },
    {
      "type": "Feature",
      "geometry": {
        "type": "MultiPolygon",
        "coordinates": [
          [
            [
              [
                4.8556625,
                52.3882324
              ],
              [
                4.855722,
                52.3881893
              ],
              [
                4.8557897,
                52.3882252
              ],
              [
                4.8557438,
                52.3882601
              ],
              [
                4.8557032,
                52.3882377
              ],
              [
                4.8556873,
                52.3882485
              ],
              [
                4.8556625,
                52.3882324
              ]
            ]
          ]
        ]
      },
      "properties": {
        "id": "w57866070",
        "tier": 4,
        "building": "yes",
        "osmId": "w57866070",
        "allotmentHouse": "garden-house-v1",
        "allotmentPark": "Tuinpark Nut & Genoegen",
        "heightSource": "approximate-allotment-prior",
        "height": 3.4,
        "minHeight": 0,
        "roofEavesHeightM": 2.4,
        "roofHeight": 1,
        "roofShape": "gabled",
        "colour": "#a18d6c",
        "sideColour": "#a18d6c",
        "roofColour": "#625d52"
      }
    },
    {
      "type": "Feature",
      "geometry": {
        "type": "MultiPolygon",
        "coordinates": [
          [
            [
              [
                4.8620587,
                52.3872528
              ],
              [
                4.8620787,
                52.3871931
              ],
              [
                4.8621776,
                52.3872056
              ],
              [
                4.8621576,
                52.3872653
              ],
              [
                4.8620587,
                52.3872528
              ]
            ]
          ]
        ]
      },
      "properties": {
        "id": "w57866082",
        "tier": 4,
        "building": "yes",
        "osmId": "w57866082",
        "allotmentHouse": "garden-house-v1",
        "allotmentPark": "Tuinpark Nut & Genoegen",
        "heightSource": "approximate-allotment-prior",
        "height": 3.4,
        "minHeight": 0,
        "roofEavesHeightM": 2.4,
        "roofHeight": 1,
        "roofShape": "gabled",
        "colour": "#99846f",
        "sideColour": "#99846f",
        "roofColour": "#625d52"
      }
    },
    {
      "type": "Feature",
      "geometry": {
        "type": "MultiPolygon",
        "coordinates": [
          [
            [
              [
                4.8623777,
                52.3865161
              ],
              [
                4.8623977,
                52.3864567
              ],
              [
                4.8624966,
                52.3864689
              ],
              [
                4.8624766,
                52.3865286
              ],
              [
                4.8623777,
                52.3865161
              ]
            ]
          ]
        ]
      },
      "properties": {
        "id": "w57866094",
        "tier": 4,
        "building": "yes",
        "osmId": "w57866094",
        "allotmentHouse": "garden-house-v1",
        "allotmentPark": "Tuinpark Nut & Genoegen",
        "heightSource": "approximate-allotment-prior",
        "height": 3.4,
        "minHeight": 0,
        "roofEavesHeightM": 2.4,
        "roofHeight": 1,
        "roofShape": "gabled",
        "colour": "#8b7664",
        "sideColour": "#8b7664",
        "roofColour": "#625d52"
      }
    },
    {
      "type": "Feature",
      "geometry": {
        "type": "MultiPolygon",
        "coordinates": [
          [
            [
              [
                4.858319,
                52.3874591
              ],
              [
                4.8583863,
                52.3874144
              ],
              [
                4.8584608,
                52.3874561
              ],
              [
                4.8583935,
                52.3875009
              ],
              [
                4.858319,
                52.3874591
              ]
            ]
          ]
        ]
      },
      "properties": {
        "id": "w57866107",
        "tier": 4,
        "building": "yes",
        "osmId": "w57866107",
        "allotmentHouse": "garden-house-v1",
        "allotmentPark": "Tuinpark Nut & Genoegen",
        "heightSource": "approximate-allotment-prior",
        "height": 3.4,
        "minHeight": 0,
        "roofEavesHeightM": 2.4,
        "roofHeight": 1,
        "roofShape": "gabled",
        "colour": "#99846f",
        "sideColour": "#99846f",
        "roofColour": "#625d52"
      }
    },
    {
      "type": "Feature",
      "geometry": {
        "type": "MultiPolygon",
        "coordinates": [
          [
            [
              [
                4.8618399,
                52.3878343
              ],
              [
                4.8618598,
                52.3877746
              ],
              [
                4.8619587,
                52.3877871
              ],
              [
                4.8619387,
                52.3878468
              ],
              [
                4.8618399,
                52.3878343
              ]
            ]
          ]
        ]
      },
      "properties": {
        "id": "w57866109",
        "tier": 4,
        "building": "yes",
        "osmId": "w57866109",
        "allotmentHouse": "garden-house-v1",
        "allotmentPark": "Tuinpark Nut & Genoegen",
        "heightSource": "approximate-allotment-prior",
        "height": 3.4,
        "minHeight": 0,
        "roofEavesHeightM": 2.4,
        "roofHeight": 1,
        "roofShape": "gabled",
        "colour": "#8b7664",
        "sideColour": "#8b7664",
        "roofColour": "#625d52"
      }
    },
    {
      "type": "Feature",
      "geometry": {
        "type": "MultiPolygon",
        "coordinates": [
          [
            [
              [
                4.8544719,
                52.3869362
              ],
              [
                4.8545443,
                52.3868944
              ],
              [
                4.8546138,
                52.3869393
              ],
              [
                4.8545414,
                52.386981
              ],
              [
                4.8544719,
                52.3869362
              ]
            ]
          ]
        ]
      },
      "properties": {
        "id": "w57866142",
        "tier": 4,
        "building": "yes",
        "osmId": "w57866142",
        "allotmentHouse": "garden-house-v1",
        "allotmentPark": "Tuingroep Sloterdijkermeer",
        "heightSource": "approximate-allotment-prior",
        "height": 3.4,
        "minHeight": 0,
        "roofEavesHeightM": 2.4,
        "roofHeight": 1,
        "roofShape": "gabled",
        "colour": "#99846f",
        "sideColour": "#99846f",
        "roofColour": "#625d52"
      }
    },
    {
      "type": "Feature",
      "geometry": {
        "type": "MultiPolygon",
        "coordinates": [
          [
            [
              [
                4.8622793,
                52.3881267
              ],
              [
                4.8622992,
                52.3880672
              ],
              [
                4.8623982,
                52.3880795
              ],
              [
                4.8623783,
                52.3881392
              ],
              [
                4.8622793,
                52.3881267
              ]
            ]
          ]
        ]
      },
      "properties": {
        "id": "w57866186",
        "tier": 4,
        "building": "yes",
        "osmId": "w57866186",
        "allotmentHouse": "garden-house-v1",
        "allotmentPark": "Tuinpark Nut & Genoegen",
        "heightSource": "approximate-allotment-prior",
        "height": 3.4,
        "minHeight": 0,
        "roofEavesHeightM": 2.4,
        "roofHeight": 1,
        "roofShape": "gabled",
        "colour": "#75866b",
        "sideColour": "#75866b",
        "roofColour": "#625d52"
      }
    },
    {
      "type": "Feature",
      "geometry": {
        "type": "MultiPolygon",
        "coordinates": [
          [
            [
              [
                4.8512824,
                52.3867576
              ],
              [
                4.8513547,
                52.3867158
              ],
              [
                4.851424,
                52.3867608
              ],
              [
                4.8513518,
                52.3868026
              ],
              [
                4.8512824,
                52.3867576
              ]
            ]
          ]
        ]
      },
      "properties": {
        "id": "w57866188",
        "tier": 4,
        "building": "yes",
        "osmId": "w57866188",
        "allotmentHouse": "garden-house-v1",
        "allotmentPark": "Tuingroep Sloterdijkermeer",
        "heightSource": "approximate-allotment-prior",
        "height": 3.4,
        "minHeight": 0,
        "roofEavesHeightM": 2.4,
        "roofHeight": 1,
        "roofShape": "gabled",
        "colour": "#c5b798",
        "sideColour": "#c5b798",
        "roofColour": "#625d52"
      }
    },
    {
      "type": "Feature",
      "geometry": {
        "type": "MultiPolygon",
        "coordinates": [
          [
            [
              [
                4.8622869,
                52.3867836
              ],
              [
                4.8623069,
                52.3867241
              ],
              [
                4.8624058,
                52.3867364
              ],
              [
                4.8623858,
                52.3867961
              ],
              [
                4.8622869,
                52.3867836
              ]
            ]
          ]
        ]
      },
      "properties": {
        "id": "w57866190",
        "tier": 4,
        "building": "yes",
        "osmId": "w57866190",
        "allotmentHouse": "garden-house-v1",
        "allotmentPark": "Tuinpark Nut & Genoegen",
        "heightSource": "approximate-allotment-prior",
        "height": 3.4,
        "minHeight": 0,
        "roofEavesHeightM": 2.4,
        "roofHeight": 1,
        "roofShape": "gabled",
        "colour": "#a18d6c",
        "sideColour": "#a18d6c",
        "roofColour": "#625d52"
      }
    },
    {
      "type": "Feature",
      "geometry": {
        "type": "MultiPolygon",
        "coordinates": [
          [
            [
              [
                4.8618688,
                52.3874016
              ],
              [
                4.8618888,
                52.3873418
              ],
              [
                4.8619878,
                52.3873544
              ],
              [
                4.8619678,
                52.3874138
              ],
              [
                4.8618688,
                52.3874016
              ]
            ]
          ]
        ]
      },
      "properties": {
        "id": "w57866202",
        "tier": 4,
        "building": "yes",
        "osmId": "w57866202",
        "allotmentHouse": "garden-house-v1",
        "allotmentPark": "Tuinpark Nut & Genoegen",
        "heightSource": "approximate-allotment-prior",
        "height": 3.4,
        "minHeight": 0,
        "roofEavesHeightM": 2.4,
        "roofHeight": 1,
        "roofShape": "gabled",
        "colour": "#99846f",
        "sideColour": "#99846f",
        "roofColour": "#625d52"
      }
    },
    {
      "type": "Feature",
      "geometry": {
        "type": "MultiPolygon",
        "coordinates": [
          [
            [
              [
                4.8556829,
                52.3880149
              ],
              [
                4.8557552,
                52.3879731
              ],
              [
                4.8558246,
                52.3880181
              ],
              [
                4.8557523,
                52.3880599
              ],
              [
                4.8556829,
                52.3880149
              ]
            ]
          ]
        ]
      },
      "properties": {
        "id": "w57866210",
        "tier": 4,
        "building": "yes",
        "osmId": "w57866210",
        "allotmentHouse": "garden-house-v1",
        "allotmentPark": "Tuingroep Sloterdijkermeer",
        "heightSource": "approximate-allotment-prior",
        "height": 3.4,
        "minHeight": 0,
        "roofEavesHeightM": 2.4,
        "roofHeight": 1,
        "roofShape": "gabled",
        "colour": "#a18d6c",
        "sideColour": "#a18d6c",
        "roofColour": "#625d52"
      }
    },
    {
      "type": "Feature",
      "geometry": {
        "type": "MultiPolygon",
        "coordinates": [
          [
            [
              [
                4.8558997,
                52.3869751
              ],
              [
                4.8559721,
                52.386933
              ],
              [
                4.8560414,
                52.3869779
              ],
              [
                4.8559692,
                52.3870197
              ],
              [
                4.8558997,
                52.3869751
              ]
            ]
          ]
        ]
      },
      "properties": {
        "id": "w57866223",
        "tier": 4,
        "building": "yes",
        "osmId": "w57866223",
        "allotmentHouse": "garden-house-v1",
        "allotmentPark": "Tuinpark Nut & Genoegen",
        "heightSource": "approximate-allotment-prior",
        "height": 3.4,
        "minHeight": 0,
        "roofEavesHeightM": 2.4,
        "roofHeight": 1,
        "roofShape": "gabled",
        "colour": "#c5b798",
        "sideColour": "#c5b798",
        "roofColour": "#625d52"
      }
    },
    {
      "type": "Feature",
      "geometry": {
        "type": "MultiPolygon",
        "coordinates": [
          [
            [
              [
                4.8630604,
                52.3865017
              ],
              [
                4.8630804,
                52.3864423
              ],
              [
                4.8631793,
                52.3864545
              ],
              [
                4.8631593,
                52.3865143
              ],
              [
                4.8630604,
                52.3865017
              ]
            ]
          ]
        ]
      },
      "properties": {
        "id": "w57866244",
        "tier": 4,
        "building": "yes",
        "osmId": "w57866244",
        "allotmentHouse": "garden-house-v1",
        "allotmentPark": "Tuinpark Nut & Genoegen",
        "heightSource": "approximate-allotment-prior",
        "height": 3.4,
        "minHeight": 0,
        "roofEavesHeightM": 2.4,
        "roofHeight": 1,
        "roofShape": "gabled",
        "colour": "#8b7664",
        "sideColour": "#8b7664",
        "roofColour": "#625d52"
      }
    },
    {
      "type": "Feature",
      "geometry": {
        "type": "MultiPolygon",
        "coordinates": [
          [
            [
              [
                4.848576,
                52.387249
              ],
              [
                4.8486484,
                52.3872072
              ],
              [
                4.8487177,
                52.3872521
              ],
              [
                4.8486455,
                52.3872939
              ],
              [
                4.848576,
                52.387249
              ]
            ]
          ]
        ]
      },
      "properties": {
        "id": "w57866249",
        "tier": 4,
        "building": "yes",
        "osmId": "w57866249",
        "allotmentHouse": "garden-house-v1",
        "allotmentPark": "Tuingroep Sloterdijkermeer",
        "heightSource": "approximate-allotment-prior",
        "height": 3.4,
        "minHeight": 0,
        "roofEavesHeightM": 2.4,
        "roofHeight": 1,
        "roofShape": "gabled",
        "colour": "#8b7664",
        "sideColour": "#8b7664",
        "roofColour": "#625d52"
      }
    },
    {
      "type": "Feature",
      "geometry": {
        "type": "MultiPolygon",
        "coordinates": [
          [
            [
              [
                4.859483,
                52.3867817
              ],
              [
                4.8595503,
                52.3867367
              ],
              [
                4.8596248,
                52.3867786
              ],
              [
                4.8595575,
                52.3868233
              ],
              [
                4.859483,
                52.3867817
              ]
            ]
          ]
        ]
      },
      "properties": {
        "id": "w57866252",
        "tier": 4,
        "building": "yes",
        "osmId": "w57866252",
        "allotmentHouse": "garden-house-v1",
        "allotmentPark": "Tuinpark Nut & Genoegen",
        "heightSource": "approximate-allotment-prior",
        "height": 3.4,
        "minHeight": 0,
        "roofEavesHeightM": 2.4,
        "roofHeight": 1,
        "roofShape": "gabled",
        "colour": "#99846f",
        "sideColour": "#99846f",
        "roofColour": "#625d52"
      }
    },
    {
      "type": "Feature",
      "geometry": {
        "type": "MultiPolygon",
        "coordinates": [
          [
            [
              [
                4.8479171,
                52.3868104
              ],
              [
                4.8479893,
                52.3867686
              ],
              [
                4.8480588,
                52.3868136
              ],
              [
                4.8479864,
                52.3868554
              ],
              [
                4.8479171,
                52.3868104
              ]
            ]
          ]
        ]
      },
      "properties": {
        "id": "w57866254",
        "tier": 4,
        "building": "yes",
        "osmId": "w57866254",
        "allotmentHouse": "garden-house-v1",
        "allotmentPark": "Tuingroep Sloterdijkermeer",
        "heightSource": "approximate-allotment-prior",
        "height": 3.4,
        "minHeight": 0,
        "roofEavesHeightM": 2.4,
        "roofHeight": 1,
        "roofShape": "gabled",
        "colour": "#8b7664",
        "sideColour": "#8b7664",
        "roofColour": "#625d52"
      }
    },
    {
      "type": "Feature",
      "geometry": {
        "type": "MultiPolygon",
        "coordinates": [
          [
            [
              [
                4.8504801,
                52.3879829
              ],
              [
                4.8505524,
                52.3879412
              ],
              [
                4.8506219,
                52.3879861
              ],
              [
                4.8505495,
                52.3880278
              ],
              [
                4.8504801,
                52.3879829
              ]
            ]
          ]
        ]
      },
      "properties": {
        "id": "w57866278",
        "tier": 4,
        "building": "yes",
        "osmId": "w57866278",
        "allotmentHouse": "garden-house-v1",
        "allotmentPark": "Tuingroep Sloterdijkermeer",
        "heightSource": "approximate-allotment-prior",
        "height": 3.4,
        "minHeight": 0,
        "roofEavesHeightM": 2.4,
        "roofHeight": 1,
        "roofShape": "gabled",
        "colour": "#c5b798",
        "sideColour": "#c5b798",
        "roofColour": "#625d52"
      }
    },
    {
      "type": "Feature",
      "geometry": {
        "type": "MultiPolygon",
        "coordinates": [
          [
            [
              [
                4.8602438,
                52.3862604
              ],
              [
                4.8602683,
                52.3862057
              ],
              [
                4.8602958,
                52.3862103
              ],
              [
                4.8602892,
                52.3862249
              ],
              [
                4.8603522,
                52.3862355
              ],
              [
                4.8603343,
                52.3862755
              ],
              [
                4.8602438,
                52.3862604
              ]
            ]
          ]
        ]
      },
      "properties": {
        "id": "w57866285",
        "tier": 4,
        "building": "yes",
        "osmId": "w57866285",
        "allotmentHouse": "garden-house-v1",
        "allotmentPark": "Tuinpark Nut & Genoegen",
        "heightSource": "approximate-allotment-prior",
        "height": 3.4,
        "minHeight": 0,
        "roofEavesHeightM": 2.4,
        "roofHeight": 1,
        "roofShape": "gabled",
        "colour": "#a18d6c",
        "sideColour": "#a18d6c",
        "roofColour": "#625d52"
      }
    },
    {
      "type": "Feature",
      "geometry": {
        "type": "MultiPolygon",
        "coordinates": [
          [
            [
              [
                4.8623984,
                52.3882802
              ],
              [
                4.8624183,
                52.3882205
              ],
              [
                4.8625172,
                52.388233
              ],
              [
                4.8624973,
                52.3882925
              ],
              [
                4.8623984,
                52.3882802
              ]
            ]
          ]
        ]
      },
      "properties": {
        "id": "w57866288",
        "tier": 4,
        "building": "yes",
        "osmId": "w57866288",
        "allotmentHouse": "garden-house-v1",
        "allotmentPark": "Tuinpark Nut & Genoegen",
        "heightSource": "approximate-allotment-prior",
        "height": 3.4,
        "minHeight": 0,
        "roofEavesHeightM": 2.4,
        "roofHeight": 1,
        "roofShape": "gabled",
        "colour": "#c5b798",
        "sideColour": "#c5b798",
        "roofColour": "#625d52"
      }
    },
    {
      "type": "Feature",
      "geometry": {
        "type": "MultiPolygon",
        "coordinates": [
          [
            [
              [
                4.8634924,
                52.3868251
              ],
              [
                4.8635124,
                52.3867653
              ],
              [
                4.8636113,
                52.3867778
              ],
              [
                4.8635913,
                52.3868373
              ],
              [
                4.8634924,
                52.3868251
              ]
            ]
          ]
        ]
      },
      "properties": {
        "id": "w57866303",
        "tier": 4,
        "building": "yes",
        "osmId": "w57866303",
        "allotmentHouse": "garden-house-v1",
        "allotmentPark": "Tuinpark Nut & Genoegen",
        "heightSource": "approximate-allotment-prior",
        "height": 3.4,
        "minHeight": 0,
        "roofEavesHeightM": 2.4,
        "roofHeight": 1,
        "roofShape": "gabled",
        "colour": "#c5b798",
        "sideColour": "#c5b798",
        "roofColour": "#625d52"
      }
    },
    {
      "type": "Feature",
      "geometry": {
        "type": "MultiPolygon",
        "coordinates": [
          [
            [
              [
                4.8516739,
                52.3870897
              ],
              [
                4.8517463,
                52.3870479
              ],
              [
                4.8518156,
                52.3870928
              ],
              [
                4.8517434,
                52.3871346
              ],
              [
                4.8516739,
                52.3870897
              ]
            ]
          ]
        ]
      },
      "properties": {
        "id": "w57866306",
        "tier": 4,
        "building": "yes",
        "osmId": "w57866306",
        "allotmentHouse": "garden-house-v1",
        "allotmentPark": "Tuingroep Sloterdijkermeer",
        "heightSource": "approximate-allotment-prior",
        "height": 3.4,
        "minHeight": 0,
        "roofEavesHeightM": 2.4,
        "roofHeight": 1,
        "roofShape": "gabled",
        "colour": "#75866b",
        "sideColour": "#75866b",
        "roofColour": "#625d52"
      }
    },
    {
      "type": "Feature",
      "geometry": {
        "type": "MultiPolygon",
        "coordinates": [
          [
            [
              [
                4.8612511,
                52.3878565
              ],
              [
                4.861271,
                52.3877967
              ],
              [
                4.86137,
                52.3878092
              ],
              [
                4.86135,
                52.387869
              ],
              [
                4.8612511,
                52.3878565
              ]
            ]
          ]
        ]
      },
      "properties": {
        "id": "w57866307",
        "tier": 4,
        "building": "yes",
        "osmId": "w57866307",
        "allotmentHouse": "garden-house-v1",
        "allotmentPark": "Tuinpark Nut & Genoegen",
        "heightSource": "approximate-allotment-prior",
        "height": 3.4,
        "minHeight": 0,
        "roofEavesHeightM": 2.4,
        "roofHeight": 1,
        "roofShape": "gabled",
        "colour": "#99846f",
        "sideColour": "#99846f",
        "roofColour": "#625d52"
      }
    },
    {
      "type": "Feature",
      "geometry": {
        "type": "MultiPolygon",
        "coordinates": [
          [
            [
              [
                4.8578976,
                52.3862523
              ],
              [
                4.85797,
                52.3862105
              ],
              [
                4.8580394,
                52.3862554
              ],
              [
                4.8579671,
                52.3862971
              ],
              [
                4.8578976,
                52.3862523
              ]
            ]
          ]
        ]
      },
      "properties": {
        "id": "w57866317",
        "tier": 4,
        "building": "yes",
        "osmId": "w57866317",
        "allotmentHouse": "garden-house-v1",
        "allotmentPark": "Tuinpark Nut & Genoegen",
        "heightSource": "approximate-allotment-prior",
        "height": 3.4,
        "minHeight": 0,
        "roofEavesHeightM": 2.4,
        "roofHeight": 1,
        "roofShape": "gabled",
        "colour": "#99846f",
        "sideColour": "#99846f",
        "roofColour": "#625d52"
      }
    },
    {
      "type": "Feature",
      "geometry": {
        "type": "MultiPolygon",
        "coordinates": [
          [
            [
              [
                4.8530323,
                52.3879517
              ],
              [
                4.8531046,
                52.3879097
              ],
              [
                4.853174,
                52.3879546
              ],
              [
                4.8531018,
                52.3879964
              ],
              [
                4.8530323,
                52.3879517
              ]
            ]
          ]
        ]
      },
      "properties": {
        "id": "w57866341",
        "tier": 4,
        "building": "yes",
        "osmId": "w57866341",
        "allotmentHouse": "garden-house-v1",
        "allotmentPark": "Tuingroep Sloterdijkermeer",
        "heightSource": "approximate-allotment-prior",
        "height": 3.4,
        "minHeight": 0,
        "roofEavesHeightM": 2.4,
        "roofHeight": 1,
        "roofShape": "gabled",
        "colour": "#75866b",
        "sideColour": "#75866b",
        "roofColour": "#625d52"
      }
    },
    {
      "type": "Feature",
      "geometry": {
        "type": "MultiPolygon",
        "coordinates": [
          [
            [
              [
                4.8547491,
                52.387467
              ],
              [
                4.8548213,
                52.3874252
              ],
              [
                4.8548908,
                52.3874702
              ],
              [
                4.8548186,
                52.387512
              ],
              [
                4.8547491,
                52.387467
              ]
            ]
          ]
        ]
      },
      "properties": {
        "id": "w57866355",
        "tier": 4,
        "building": "yes",
        "osmId": "w57866355",
        "allotmentHouse": "garden-house-v1",
        "allotmentPark": "Tuingroep Sloterdijkermeer",
        "heightSource": "approximate-allotment-prior",
        "height": 3.4,
        "minHeight": 0,
        "roofEavesHeightM": 2.4,
        "roofHeight": 1,
        "roofShape": "gabled",
        "colour": "#a18d6c",
        "sideColour": "#a18d6c",
        "roofColour": "#625d52"
      }
    },
    {
      "type": "Feature",
      "geometry": {
        "type": "MultiPolygon",
        "coordinates": [
          [
            [
              [
                4.8595481,
                52.387543
              ],
              [
                4.8596002,
                52.3874913
              ],
              [
                4.8596863,
                52.3875237
              ],
              [
                4.8596342,
                52.3875754
              ],
              [
                4.8595481,
                52.387543
              ]
            ]
          ]
        ]
      },
      "properties": {
        "id": "w57866363",
        "tier": 4,
        "building": "yes",
        "osmId": "w57866363",
        "allotmentHouse": "garden-house-v1",
        "allotmentPark": "Tuinpark Nut & Genoegen",
        "heightSource": "approximate-allotment-prior",
        "height": 3.4,
        "minHeight": 0,
        "roofEavesHeightM": 2.4,
        "roofHeight": 1,
        "roofShape": "gabled",
        "colour": "#c5b798",
        "sideColour": "#c5b798",
        "roofColour": "#625d52"
      }
    },
    {
      "type": "Feature",
      "geometry": {
        "type": "MultiPolygon",
        "coordinates": [
          [
            [
              [
                4.8567654,
                52.3861568
              ],
              [
                4.8568376,
                52.386115
              ],
              [
                4.8569071,
                52.38616
              ],
              [
                4.8568348,
                52.3862018
              ],
              [
                4.8567654,
                52.3861568
              ]
            ]
          ]
        ]
      },
      "properties": {
        "id": "w57866365",
        "tier": 4,
        "building": "yes",
        "osmId": "w57866365",
        "allotmentHouse": "garden-house-v1",
        "allotmentPark": "Tuinpark Nut & Genoegen",
        "heightSource": "approximate-allotment-prior",
        "height": 3.4,
        "minHeight": 0,
        "roofEavesHeightM": 2.4,
        "roofHeight": 1,
        "roofShape": "gabled",
        "colour": "#a18d6c",
        "sideColour": "#a18d6c",
        "roofColour": "#625d52"
      }
    },
    {
      "type": "Feature",
      "geometry": {
        "type": "MultiPolygon",
        "coordinates": [
          [
            [
              [
                4.8629083,
                52.3883512
              ],
              [
                4.8629283,
                52.3882915
              ],
              [
                4.8630273,
                52.388304
              ],
              [
                4.8630073,
                52.3883638
              ],
              [
                4.8629083,
                52.3883512
              ]
            ]
          ]
        ]
      },
      "properties": {
        "id": "w57866367",
        "tier": 4,
        "building": "yes",
        "osmId": "w57866367",
        "allotmentHouse": "garden-house-v1",
        "allotmentPark": "Tuinpark Nut & Genoegen",
        "heightSource": "approximate-allotment-prior",
        "height": 3.4,
        "minHeight": 0,
        "roofEavesHeightM": 2.4,
        "roofHeight": 1,
        "roofShape": "gabled",
        "colour": "#99846f",
        "sideColour": "#99846f",
        "roofColour": "#625d52"
      }
    },
    {
      "type": "Feature",
      "geometry": {
        "type": "MultiPolygon",
        "coordinates": [
          [
            [
              [
                4.8589778,
                52.3862723
              ],
              [
                4.8590062,
                52.386214
              ],
              [
                4.859103,
                52.3862315
              ],
              [
                4.8590746,
                52.3862898
              ],
              [
                4.8589778,
                52.3862723
              ]
            ]
          ]
        ]
      },
      "properties": {
        "id": "w57866373",
        "tier": 4,
        "building": "yes",
        "osmId": "w57866373",
        "allotmentHouse": "garden-house-v1",
        "allotmentPark": "Tuinpark Nut & Genoegen",
        "heightSource": "approximate-allotment-prior",
        "height": 3.4,
        "minHeight": 0,
        "roofEavesHeightM": 2.4,
        "roofHeight": 1,
        "roofShape": "gabled",
        "colour": "#c5b798",
        "sideColour": "#c5b798",
        "roofColour": "#625d52"
      }
    },
    {
      "type": "Feature",
      "geometry": {
        "type": "MultiPolygon",
        "coordinates": [
          [
            [
              [
                4.8645996,
                52.388589
              ],
              [
                4.8646196,
                52.3885296
              ],
              [
                4.8647185,
                52.3885421
              ],
              [
                4.8646985,
                52.3886016
              ],
              [
                4.8645996,
                52.388589
              ]
            ]
          ]
        ]
      },
      "properties": {
        "id": "w57866391",
        "tier": 4,
        "building": "yes",
        "osmId": "w57866391",
        "allotmentHouse": "garden-house-v1",
        "allotmentPark": "Tuinpark Nut & Genoegen",
        "heightSource": "approximate-allotment-prior",
        "height": 3.4,
        "minHeight": 0,
        "roofEavesHeightM": 2.4,
        "roofHeight": 1,
        "roofShape": "gabled",
        "colour": "#75866b",
        "sideColour": "#75866b",
        "roofColour": "#625d52"
      }
    },
    {
      "type": "Feature",
      "geometry": {
        "type": "MultiPolygon",
        "coordinates": [
          [
            [
              [
                4.8487523,
                52.3868768
              ],
              [
                4.8488246,
                52.386835
              ],
              [
                4.848894,
                52.3868799
              ],
              [
                4.8488217,
                52.3869217
              ],
              [
                4.8487523,
                52.3868768
              ]
            ]
          ]
        ]
      },
      "properties": {
        "id": "w57866401",
        "tier": 4,
        "building": "yes",
        "osmId": "w57866401",
        "allotmentHouse": "garden-house-v1",
        "allotmentPark": "Tuingroep Sloterdijkermeer",
        "heightSource": "approximate-allotment-prior",
        "height": 3.4,
        "minHeight": 0,
        "roofEavesHeightM": 2.4,
        "roofHeight": 1,
        "roofShape": "gabled",
        "colour": "#75866b",
        "sideColour": "#75866b",
        "roofColour": "#625d52"
      }
    },
    {
      "type": "Feature",
      "geometry": {
        "type": "MultiPolygon",
        "coordinates": [
          [
            [
              [
                4.8538915,
                52.3879787
              ],
              [
                4.8539638,
                52.3879369
              ],
              [
                4.8540332,
                52.3879819
              ],
              [
                4.853961,
                52.3880237
              ],
              [
                4.8538915,
                52.3879787
              ]
            ]
          ]
        ]
      },
      "properties": {
        "id": "w57866410",
        "tier": 4,
        "building": "yes",
        "osmId": "w57866410",
        "allotmentHouse": "garden-house-v1",
        "allotmentPark": "Tuingroep Sloterdijkermeer",
        "heightSource": "approximate-allotment-prior",
        "height": 3.4,
        "minHeight": 0,
        "roofEavesHeightM": 2.4,
        "roofHeight": 1,
        "roofShape": "gabled",
        "colour": "#a18d6c",
        "sideColour": "#a18d6c",
        "roofColour": "#625d52"
      }
    },
    {
      "type": "Feature",
      "geometry": {
        "type": "MultiPolygon",
        "coordinates": [
          [
            [
              [
                4.8580567,
                52.3872834
              ],
              [
                4.858124,
                52.3872385
              ],
              [
                4.8581983,
                52.3872804
              ],
              [
                4.858131,
                52.387325
              ],
              [
                4.8580567,
                52.3872834
              ]
            ]
          ]
        ]
      },
      "properties": {
        "id": "w57866445",
        "tier": 4,
        "building": "yes",
        "osmId": "w57866445",
        "allotmentHouse": "garden-house-v1",
        "allotmentPark": "Tuinpark Nut & Genoegen",
        "heightSource": "approximate-allotment-prior",
        "height": 3.4,
        "minHeight": 0,
        "roofEavesHeightM": 2.4,
        "roofHeight": 1,
        "roofShape": "gabled",
        "colour": "#a18d6c",
        "sideColour": "#a18d6c",
        "roofColour": "#625d52"
      }
    },
    {
      "type": "Feature",
      "geometry": {
        "type": "MultiPolygon",
        "coordinates": [
          [
            [
              [
                4.8495131,
                52.3867772
              ],
              [
                4.8495854,
                52.3867354
              ],
              [
                4.8496548,
                52.3867804
              ],
              [
                4.8495825,
                52.3868222
              ],
              [
                4.8495131,
                52.3867772
              ]
            ]
          ]
        ]
      },
      "properties": {
        "id": "w57866448",
        "tier": 4,
        "building": "yes",
        "osmId": "w57866448",
        "allotmentHouse": "garden-house-v1",
        "allotmentPark": "Tuingroep Sloterdijkermeer",
        "heightSource": "approximate-allotment-prior",
        "height": 3.4,
        "minHeight": 0,
        "roofEavesHeightM": 2.4,
        "roofHeight": 1,
        "roofShape": "gabled",
        "colour": "#c5b798",
        "sideColour": "#c5b798",
        "roofColour": "#625d52"
      }
    },
    {
      "type": "Feature",
      "geometry": {
        "type": "MultiPolygon",
        "coordinates": [
          [
            [
              [
                4.8612887,
                52.3877684
              ],
              [
                4.8613085,
                52.3877087
              ],
              [
                4.8614076,
                52.3877212
              ],
              [
                4.8613876,
                52.3877807
              ],
              [
                4.8612887,
                52.3877684
              ]
            ]
          ]
        ]
      },
      "properties": {
        "id": "w57866468",
        "tier": 4,
        "building": "yes",
        "osmId": "w57866468",
        "allotmentHouse": "garden-house-v1",
        "allotmentPark": "Tuinpark Nut & Genoegen",
        "heightSource": "approximate-allotment-prior",
        "height": 3.4,
        "minHeight": 0,
        "roofEavesHeightM": 2.4,
        "roofHeight": 1,
        "roofShape": "gabled",
        "colour": "#c5b798",
        "sideColour": "#c5b798",
        "roofColour": "#625d52"
      }
    },
    {
      "type": "Feature",
      "geometry": {
        "type": "MultiPolygon",
        "coordinates": [
          [
            [
              [
                4.8592553,
                52.3864324
              ],
              [
                4.8593277,
                52.3863906
              ],
              [
                4.859397,
                52.3864356
              ],
              [
                4.8593248,
                52.3864774
              ],
              [
                4.8592553,
                52.3864324
              ]
            ]
          ]
        ]
      },
      "properties": {
        "id": "w57866473",
        "tier": 4,
        "building": "yes",
        "osmId": "w57866473",
        "allotmentHouse": "garden-house-v1",
        "allotmentPark": "Tuinpark Nut & Genoegen",
        "heightSource": "approximate-allotment-prior",
        "height": 3.4,
        "minHeight": 0,
        "roofEavesHeightM": 2.4,
        "roofHeight": 1,
        "roofShape": "gabled",
        "colour": "#c5b798",
        "sideColour": "#c5b798",
        "roofColour": "#625d52"
      }
    },
    {
      "type": "Feature",
      "geometry": {
        "type": "MultiPolygon",
        "coordinates": [
          [
            [
              [
                4.849305,
                52.3871455
              ],
              [
                4.8493772,
                52.3871037
              ],
              [
                4.8494466,
                52.3871487
              ],
              [
                4.8493743,
                52.3871905
              ],
              [
                4.849305,
                52.3871455
              ]
            ]
          ]
        ]
      },
      "properties": {
        "id": "w57866484",
        "tier": 4,
        "building": "yes",
        "osmId": "w57866484",
        "allotmentHouse": "garden-house-v1",
        "allotmentPark": "Tuingroep Sloterdijkermeer",
        "heightSource": "approximate-allotment-prior",
        "height": 3.4,
        "minHeight": 0,
        "roofEavesHeightM": 2.4,
        "roofHeight": 1,
        "roofShape": "gabled",
        "colour": "#8b7664",
        "sideColour": "#8b7664",
        "roofColour": "#625d52"
      }
    },
    {
      "type": "Feature",
      "geometry": {
        "type": "MultiPolygon",
        "coordinates": [
          [
            [
              [
                4.8535247,
                52.3884276
              ],
              [
                4.8535969,
                52.3883858
              ],
              [
                4.8536662,
                52.3884307
              ],
              [
                4.853594,
                52.3884725
              ],
              [
                4.8535247,
                52.3884276
              ]
            ]
          ]
        ]
      },
      "properties": {
        "id": "w57866496",
        "tier": 4,
        "building": "yes",
        "osmId": "w57866496",
        "allotmentHouse": "garden-house-v1",
        "allotmentPark": "Tuingroep Sloterdijkermeer",
        "heightSource": "approximate-allotment-prior",
        "height": 3.4,
        "minHeight": 0,
        "roofEavesHeightM": 2.4,
        "roofHeight": 1,
        "roofShape": "gabled",
        "colour": "#75866b",
        "sideColour": "#75866b",
        "roofColour": "#625d52"
      }
    },
    {
      "type": "Feature",
      "geometry": {
        "type": "MultiPolygon",
        "coordinates": [
          [
            [
              [
                4.8587864,
                52.3877446
              ],
              [
                4.8588385,
                52.3876926
              ],
              [
                4.8589246,
                52.387725
              ],
              [
                4.8588724,
                52.387777
              ],
              [
                4.8587864,
                52.3877446
              ]
            ]
          ]
        ]
      },
      "properties": {
        "id": "w57866519",
        "tier": 4,
        "building": "yes",
        "osmId": "w57866519",
        "allotmentHouse": "garden-house-v1",
        "allotmentPark": "Tuinpark Nut & Genoegen",
        "heightSource": "approximate-allotment-prior",
        "height": 3.4,
        "minHeight": 0,
        "roofEavesHeightM": 2.4,
        "roofHeight": 1,
        "roofShape": "gabled",
        "colour": "#8b7664",
        "sideColour": "#8b7664",
        "roofColour": "#625d52"
      }
    },
    {
      "type": "Feature",
      "geometry": {
        "type": "MultiPolygon",
        "coordinates": [
          [
            [
              [
                4.8597248,
                52.3873479
              ],
              [
                4.8597769,
                52.3872959
              ],
              [
                4.8598629,
                52.3873283
              ],
              [
                4.8598108,
                52.38738
              ],
              [
                4.8597248,
                52.3873479
              ]
            ]
          ]
        ]
      },
      "properties": {
        "id": "w57866533",
        "tier": 4,
        "building": "yes",
        "osmId": "w57866533",
        "allotmentHouse": "garden-house-v1",
        "allotmentPark": "Tuinpark Nut & Genoegen",
        "heightSource": "approximate-allotment-prior",
        "height": 3.4,
        "minHeight": 0,
        "roofEavesHeightM": 2.4,
        "roofHeight": 1,
        "roofShape": "gabled",
        "colour": "#c5b798",
        "sideColour": "#c5b798",
        "roofColour": "#625d52"
      }
    },
    {
      "type": "Feature",
      "geometry": {
        "type": "MultiPolygon",
        "coordinates": [
          [
            [
              [
                4.8626442,
                52.387119
              ],
              [
                4.8626642,
                52.3870595
              ],
              [
                4.8627632,
                52.387072
              ],
              [
                4.8627433,
                52.3871315
              ],
              [
                4.8626442,
                52.387119
              ]
            ]
          ]
        ]
      },
      "properties": {
        "id": "w57866542",
        "tier": 4,
        "building": "yes",
        "osmId": "w57866542",
        "allotmentHouse": "garden-house-v1",
        "allotmentPark": "Tuinpark Nut & Genoegen",
        "heightSource": "approximate-allotment-prior",
        "height": 3.4,
        "minHeight": 0,
        "roofEavesHeightM": 2.4,
        "roofHeight": 1,
        "roofShape": "gabled",
        "colour": "#99846f",
        "sideColour": "#99846f",
        "roofColour": "#625d52"
      }
    },
    {
      "type": "Feature",
      "geometry": {
        "type": "MultiPolygon",
        "coordinates": [
          [
            [
              [
                4.8595155,
                52.3864142
              ],
              [
                4.8595877,
                52.3863724
              ],
              [
                4.8596572,
                52.3864173
              ],
              [
                4.8595848,
                52.3864592
              ],
              [
                4.8595155,
                52.3864142
              ]
            ]
          ]
        ]
      },
      "properties": {
        "id": "w57866551",
        "tier": 4,
        "building": "yes",
        "osmId": "w57866551",
        "allotmentHouse": "garden-house-v1",
        "allotmentPark": "Tuinpark Nut & Genoegen",
        "heightSource": "approximate-allotment-prior",
        "height": 3.4,
        "minHeight": 0,
        "roofEavesHeightM": 2.4,
        "roofHeight": 1,
        "roofShape": "gabled",
        "colour": "#75866b",
        "sideColour": "#75866b",
        "roofColour": "#625d52"
      }
    },
    {
      "type": "Feature",
      "geometry": {
        "type": "MultiPolygon",
        "coordinates": [
          [
            [
              [
                4.8573294,
                52.3870752
              ],
              [
                4.8574016,
                52.3870334
              ],
              [
                4.8574711,
                52.3870784
              ],
              [
                4.8573988,
                52.3871202
              ],
              [
                4.8573294,
                52.3870752
              ]
            ]
          ]
        ]
      },
      "properties": {
        "id": "w57866552",
        "tier": 4,
        "building": "yes",
        "osmId": "w57866552",
        "allotmentHouse": "garden-house-v1",
        "allotmentPark": "Tuinpark Nut & Genoegen",
        "heightSource": "approximate-allotment-prior",
        "height": 3.4,
        "minHeight": 0,
        "roofEavesHeightM": 2.4,
        "roofHeight": 1,
        "roofShape": "gabled",
        "colour": "#99846f",
        "sideColour": "#99846f",
        "roofColour": "#625d52"
      }
    },
    {
      "type": "Feature",
      "geometry": {
        "type": "MultiPolygon",
        "coordinates": [
          [
            [
              [
                4.8597993,
                52.386589
              ],
              [
                4.8598667,
                52.3865443
              ],
              [
                4.859941,
                52.3865862
              ],
              [
                4.8598737,
                52.3866308
              ],
              [
                4.8597993,
                52.386589
              ]
            ]
          ]
        ]
      },
      "properties": {
        "id": "w57866558",
        "tier": 4,
        "building": "yes",
        "osmId": "w57866558",
        "allotmentHouse": "garden-house-v1",
        "allotmentPark": "Tuinpark Nut & Genoegen",
        "heightSource": "approximate-allotment-prior",
        "height": 3.4,
        "minHeight": 0,
        "roofEavesHeightM": 2.4,
        "roofHeight": 1,
        "roofShape": "gabled",
        "colour": "#c5b798",
        "sideColour": "#c5b798",
        "roofColour": "#625d52"
      }
    },
    {
      "type": "Feature",
      "geometry": {
        "type": "MultiPolygon",
        "coordinates": [
          [
            [
              [
                4.8611798,
                52.386226
              ],
              [
                4.8611998,
                52.3861662
              ],
              [
                4.8612987,
                52.3861788
              ],
              [
                4.8612787,
                52.3862382
              ],
              [
                4.8611798,
                52.386226
              ]
            ]
          ]
        ]
      },
      "properties": {
        "id": "w57866574",
        "tier": 4,
        "building": "yes",
        "osmId": "w57866574",
        "allotmentHouse": "garden-house-v1",
        "allotmentPark": "Tuinpark Nut & Genoegen",
        "heightSource": "approximate-allotment-prior",
        "height": 3.4,
        "minHeight": 0,
        "roofEavesHeightM": 2.4,
        "roofHeight": 1,
        "roofShape": "gabled",
        "colour": "#8b7664",
        "sideColour": "#8b7664",
        "roofColour": "#625d52"
      }
    },
    {
      "type": "Feature",
      "geometry": {
        "type": "MultiPolygon",
        "coordinates": [
          [
            [
              [
                4.8515319,
                52.387795
              ],
              [
                4.8516041,
                52.3877532
              ],
              [
                4.8516735,
                52.3877981
              ],
              [
                4.8516013,
                52.38784
              ],
              [
                4.8515319,
                52.387795
              ]
            ]
          ]
        ]
      },
      "properties": {
        "id": "w57866581",
        "tier": 4,
        "building": "yes",
        "osmId": "w57866581",
        "allotmentHouse": "garden-house-v1",
        "allotmentPark": "Tuingroep Sloterdijkermeer",
        "heightSource": "approximate-allotment-prior",
        "height": 3.4,
        "minHeight": 0,
        "roofEavesHeightM": 2.4,
        "roofHeight": 1,
        "roofShape": "gabled",
        "colour": "#75866b",
        "sideColour": "#75866b",
        "roofColour": "#625d52"
      }
    },
    {
      "type": "Feature",
      "geometry": {
        "type": "MultiPolygon",
        "coordinates": [
          [
            [
              [
                4.849488,
                52.3883823
              ],
              [
                4.8495602,
                52.3883402
              ],
              [
                4.8496296,
                52.3883851
              ],
              [
                4.8495573,
                52.3884269
              ],
              [
                4.849488,
                52.3883823
              ]
            ]
          ]
        ]
      },
      "properties": {
        "id": "w57866582",
        "tier": 4,
        "building": "bungalow",
        "osmId": "w57866582",
        "allotmentHouse": "garden-house-v1",
        "allotmentPark": "Tuingroep Sloterdijkermeer",
        "heightSource": "approximate-allotment-prior",
        "height": 3.4,
        "minHeight": 0,
        "roofEavesHeightM": 2.4,
        "roofHeight": 1,
        "roofShape": "gabled",
        "colour": "#99846f",
        "sideColour": "#99846f",
        "roofColour": "#625d52"
      }
    },
    {
      "type": "Feature",
      "geometry": {
        "type": "MultiPolygon",
        "coordinates": [
          [
            [
              [
                4.8615365,
                52.3871158
              ],
              [
                4.8615565,
                52.3870561
              ],
              [
                4.8616554,
                52.3870686
              ],
              [
                4.8616354,
                52.3871281
              ],
              [
                4.8615365,
                52.3871158
              ]
            ]
          ]
        ]
      },
      "properties": {
        "id": "w57866588",
        "tier": 4,
        "building": "yes",
        "osmId": "w57866588",
        "allotmentHouse": "garden-house-v1",
        "allotmentPark": "Tuinpark Nut & Genoegen",
        "heightSource": "approximate-allotment-prior",
        "height": 3.4,
        "minHeight": 0,
        "roofEavesHeightM": 2.4,
        "roofHeight": 1,
        "roofShape": "gabled",
        "colour": "#c5b798",
        "sideColour": "#c5b798",
        "roofColour": "#625d52"
      }
    },
    {
      "type": "Feature",
      "geometry": {
        "type": "MultiPolygon",
        "coordinates": [
          [
            [
              [
                4.8613269,
                52.38721
              ],
              [
                4.8613469,
                52.3871505
              ],
              [
                4.8614458,
                52.3871628
              ],
              [
                4.8614258,
                52.3872225
              ],
              [
                4.8613269,
                52.38721
              ]
            ]
          ]
        ]
      },
      "properties": {
        "id": "w57866593",
        "tier": 4,
        "building": "yes",
        "osmId": "w57866593",
        "allotmentHouse": "garden-house-v1",
        "allotmentPark": "Tuinpark Nut & Genoegen",
        "heightSource": "approximate-allotment-prior",
        "height": 3.4,
        "minHeight": 0,
        "roofEavesHeightM": 2.4,
        "roofHeight": 1,
        "roofShape": "gabled",
        "colour": "#c5b798",
        "sideColour": "#c5b798",
        "roofColour": "#625d52"
      }
    },
    {
      "type": "Feature",
      "geometry": {
        "type": "MultiPolygon",
        "coordinates": [
          [
            [
              [
                4.8517136,
                52.3865066
              ],
              [
                4.8517858,
                52.3864647
              ],
              [
                4.8518553,
                52.3865097
              ],
              [
                4.851783,
                52.3865515
              ],
              [
                4.8517136,
                52.3865066
              ]
            ]
          ]
        ]
      },
      "properties": {
        "id": "w57866620",
        "tier": 4,
        "building": "yes",
        "osmId": "w57866620",
        "allotmentHouse": "garden-house-v1",
        "allotmentPark": "Tuingroep Sloterdijkermeer",
        "heightSource": "approximate-allotment-prior",
        "height": 3.4,
        "minHeight": 0,
        "roofEavesHeightM": 2.4,
        "roofHeight": 1,
        "roofShape": "gabled",
        "colour": "#a18d6c",
        "sideColour": "#a18d6c",
        "roofColour": "#625d52"
      }
    },
    {
      "type": "Feature",
      "geometry": {
        "type": "MultiPolygon",
        "coordinates": [
          [
            [
              [
                4.851473,
                52.3884594
              ],
              [
                4.8515453,
                52.3884176
              ],
              [
                4.8516147,
                52.3884626
              ],
              [
                4.8515424,
                52.3885044
              ],
              [
                4.851473,
                52.3884594
              ]
            ]
          ]
        ]
      },
      "properties": {
        "id": "w57866629",
        "tier": 4,
        "building": "yes",
        "osmId": "w57866629",
        "allotmentHouse": "garden-house-v1",
        "allotmentPark": "Tuingroep Sloterdijkermeer",
        "heightSource": "approximate-allotment-prior",
        "height": 3.4,
        "minHeight": 0,
        "roofEavesHeightM": 2.4,
        "roofHeight": 1,
        "roofShape": "gabled",
        "colour": "#8b7664",
        "sideColour": "#8b7664",
        "roofColour": "#625d52"
      }
    },
    {
      "type": "Feature",
      "geometry": {
        "type": "MultiPolygon",
        "coordinates": [
          [
            [
              [
                4.8582083,
                52.387947
              ],
              [
                4.8582805,
                52.3879052
              ],
              [
                4.8583499,
                52.3879502
              ],
              [
                4.8582776,
                52.387992
              ],
              [
                4.8582083,
                52.387947
              ]
            ]
          ]
        ]
      },
      "properties": {
        "id": "w57866632",
        "tier": 4,
        "building": "yes",
        "osmId": "w57866632",
        "allotmentHouse": "garden-house-v1",
        "allotmentPark": "Tuinpark Nut & Genoegen",
        "heightSource": "approximate-allotment-prior",
        "height": 3.4,
        "minHeight": 0,
        "roofEavesHeightM": 2.4,
        "roofHeight": 1,
        "roofShape": "gabled",
        "colour": "#99846f",
        "sideColour": "#99846f",
        "roofColour": "#625d52"
      }
    },
    {
      "type": "Feature",
      "geometry": {
        "type": "MultiPolygon",
        "coordinates": [
          [
            [
              [
                4.8511023,
                52.3875374
              ],
              [
                4.8511745,
                52.3874956
              ],
              [
                4.851244,
                52.3875405
              ],
              [
                4.8511718,
                52.3875823
              ],
              [
                4.8511023,
                52.3875374
              ]
            ]
          ]
        ]
      },
      "properties": {
        "id": "w57866639",
        "tier": 4,
        "building": "yes",
        "osmId": "w57866639",
        "allotmentHouse": "garden-house-v1",
        "allotmentPark": "Tuingroep Sloterdijkermeer",
        "heightSource": "approximate-allotment-prior",
        "height": 3.4,
        "minHeight": 0,
        "roofEavesHeightM": 2.4,
        "roofHeight": 1,
        "roofShape": "gabled",
        "colour": "#8b7664",
        "sideColour": "#8b7664",
        "roofColour": "#625d52"
      }
    },
    {
      "type": "Feature",
      "geometry": {
        "type": "MultiPolygon",
        "coordinates": [
          [
            [
              [
                4.8479265,
                52.3883539
              ],
              [
                4.8479989,
                52.3883121
              ],
              [
                4.8480682,
                52.3883571
              ],
              [
                4.847996,
                52.3883989
              ],
              [
                4.8479265,
                52.3883539
              ]
            ]
          ]
        ]
      },
      "properties": {
        "id": "w57866640",
        "tier": 4,
        "building": "yes",
        "osmId": "w57866640",
        "allotmentHouse": "garden-house-v1",
        "allotmentPark": "Tuingroep Sloterdijkermeer",
        "heightSource": "approximate-allotment-prior",
        "height": 3.4,
        "minHeight": 0,
        "roofEavesHeightM": 2.4,
        "roofHeight": 1,
        "roofShape": "gabled",
        "colour": "#a18d6c",
        "sideColour": "#a18d6c",
        "roofColour": "#625d52"
      }
    },
    {
      "type": "Feature",
      "geometry": {
        "type": "MultiPolygon",
        "coordinates": [
          [
            [
              [
                4.8621394,
                52.3866514
              ],
              [
                4.8621594,
                52.386592
              ],
              [
                4.8622583,
                52.3866042
              ],
              [
                4.8622383,
                52.3866639
              ],
              [
                4.8621394,
                52.3866514
              ]
            ]
          ]
        ]
      },
      "properties": {
        "id": "w57866674",
        "tier": 4,
        "building": "yes",
        "osmId": "w57866674",
        "allotmentHouse": "garden-house-v1",
        "allotmentPark": "Tuinpark Nut & Genoegen",
        "heightSource": "approximate-allotment-prior",
        "height": 3.4,
        "minHeight": 0,
        "roofEavesHeightM": 2.4,
        "roofHeight": 1,
        "roofShape": "gabled",
        "colour": "#8b7664",
        "sideColour": "#8b7664",
        "roofColour": "#625d52"
      }
    },
    {
      "type": "Feature",
      "geometry": {
        "type": "MultiPolygon",
        "coordinates": [
          [
            [
              [
                4.8544121,
                52.3880633
              ],
              [
                4.8544844,
                52.3880215
              ],
              [
                4.8545537,
                52.3880665
              ],
              [
                4.8544815,
                52.3881083
              ],
              [
                4.8544121,
                52.3880633
              ]
            ]
          ]
        ]
      },
      "properties": {
        "id": "w57866686",
        "tier": 4,
        "building": "yes",
        "osmId": "w57866686",
        "allotmentHouse": "garden-house-v1",
        "allotmentPark": "Tuingroep Sloterdijkermeer",
        "heightSource": "approximate-allotment-prior",
        "height": 3.4,
        "minHeight": 0,
        "roofEavesHeightM": 2.4,
        "roofHeight": 1,
        "roofShape": "gabled",
        "colour": "#75866b",
        "sideColour": "#75866b",
        "roofColour": "#625d52"
      }
    },
    {
      "type": "Feature",
      "geometry": {
        "type": "MultiPolygon",
        "coordinates": [
          [
            [
              [
                4.8493699,
                52.3868665
              ],
              [
                4.8494421,
                52.3868247
              ],
              [
                4.8495116,
                52.3868694
              ],
              [
                4.8494394,
                52.3869112
              ],
              [
                4.8493699,
                52.3868665
              ]
            ]
          ]
        ]
      },
      "properties": {
        "id": "w57866709",
        "tier": 4,
        "building": "yes",
        "osmId": "w57866709",
        "allotmentHouse": "garden-house-v1",
        "allotmentPark": "Tuingroep Sloterdijkermeer",
        "heightSource": "approximate-allotment-prior",
        "height": 3.4,
        "minHeight": 0,
        "roofEavesHeightM": 2.4,
        "roofHeight": 1,
        "roofShape": "gabled",
        "colour": "#8b7664",
        "sideColour": "#8b7664",
        "roofColour": "#625d52"
      }
    },
    {
      "type": "Feature",
      "geometry": {
        "type": "MultiPolygon",
        "coordinates": [
          [
            [
              [
                4.8586221,
                52.3859474
              ],
              [
                4.8586956,
                52.3859049
              ],
              [
                4.8587641,
                52.3859491
              ],
              [
                4.8586905,
                52.3859915
              ],
              [
                4.8586221,
                52.3859474
              ]
            ]
          ]
        ]
      },
      "properties": {
        "id": "w57866719",
        "tier": 4,
        "building": "yes",
        "osmId": "w57866719",
        "allotmentHouse": "garden-house-v1",
        "allotmentPark": "Tuinpark Nut & Genoegen",
        "heightSource": "approximate-allotment-prior",
        "height": 3.4,
        "minHeight": 0,
        "roofEavesHeightM": 2.4,
        "roofHeight": 1,
        "roofShape": "gabled",
        "colour": "#8b7664",
        "sideColour": "#8b7664",
        "roofColour": "#625d52"
      }
    },
    {
      "type": "Feature",
      "geometry": {
        "type": "MultiPolygon",
        "coordinates": [
          [
            [
              [
                4.8617483,
                52.3880701
              ],
              [
                4.8617683,
                52.3880104
              ],
              [
                4.8618672,
                52.3880229
              ],
              [
                4.8618472,
                52.3880824
              ],
              [
                4.8617483,
                52.3880701
              ]
            ]
          ]
        ]
      },
      "properties": {
        "id": "w57866729",
        "tier": 4,
        "building": "yes",
        "osmId": "w57866729",
        "allotmentHouse": "garden-house-v1",
        "allotmentPark": "Tuinpark Nut & Genoegen",
        "heightSource": "approximate-allotment-prior",
        "height": 3.4,
        "minHeight": 0,
        "roofEavesHeightM": 2.4,
        "roofHeight": 1,
        "roofShape": "gabled",
        "colour": "#8b7664",
        "sideColour": "#8b7664",
        "roofColour": "#625d52"
      }
    },
    {
      "type": "Feature",
      "geometry": {
        "type": "MultiPolygon",
        "coordinates": [
          [
            [
              [
                4.8592675,
                52.3860809
              ],
              [
                4.8592877,
                52.3860437
              ],
              [
                4.8593729,
                52.3860608
              ],
              [
                4.8593527,
                52.3860981
              ],
              [
                4.8592675,
                52.3860809
              ]
            ]
          ]
        ]
      },
      "properties": {
        "id": "w57866736",
        "tier": 4,
        "building": "yes",
        "osmId": "w57866736",
        "allotmentHouse": "garden-house-v1",
        "allotmentPark": "Tuinpark Nut & Genoegen",
        "heightSource": "approximate-allotment-prior",
        "height": 3.4,
        "minHeight": 0,
        "roofEavesHeightM": 2.4,
        "roofHeight": 1,
        "roofShape": "gabled",
        "colour": "#75866b",
        "sideColour": "#75866b",
        "roofColour": "#625d52"
      }
    },
    {
      "type": "Feature",
      "geometry": {
        "type": "MultiPolygon",
        "coordinates": [
          [
            [
              [
                4.8483931,
                52.3879464
              ],
              [
                4.8484589,
                52.3879109
              ],
              [
                4.848515,
                52.3879496
              ],
              [
                4.8484492,
                52.3879851
              ],
              [
                4.8483931,
                52.3879464
              ]
            ]
          ]
        ]
      },
      "properties": {
        "id": "w57866738",
        "tier": 4,
        "building": "yes",
        "osmId": "w57866738",
        "allotmentHouse": "garden-house-v1",
        "allotmentPark": "Tuingroep Sloterdijkermeer",
        "heightSource": "approximate-allotment-prior",
        "height": 3.4,
        "minHeight": 0,
        "roofEavesHeightM": 2.4,
        "roofHeight": 1,
        "roofShape": "gabled",
        "colour": "#c5b798",
        "sideColour": "#c5b798",
        "roofColour": "#625d52"
      }
    },
    {
      "type": "Feature",
      "geometry": {
        "type": "MultiPolygon",
        "coordinates": [
          [
            [
              [
                4.8585554,
                52.3864988
              ],
              [
                4.8586276,
                52.386457
              ],
              [
                4.8586971,
                52.386502
              ],
              [
                4.8586247,
                52.3865438
              ],
              [
                4.8585554,
                52.3864988
              ]
            ]
          ]
        ]
      },
      "properties": {
        "id": "w57866741",
        "tier": 4,
        "building": "yes",
        "osmId": "w57866741",
        "allotmentHouse": "garden-house-v1",
        "allotmentPark": "Tuinpark Nut & Genoegen",
        "heightSource": "approximate-allotment-prior",
        "height": 3.4,
        "minHeight": 0,
        "roofEavesHeightM": 2.4,
        "roofHeight": 1,
        "roofShape": "gabled",
        "colour": "#75866b",
        "sideColour": "#75866b",
        "roofColour": "#625d52"
      }
    },
    {
      "type": "Feature",
      "geometry": {
        "type": "MultiPolygon",
        "coordinates": [
          [
            [
              [
                4.8577585,
                52.3882657
              ],
              [
                4.8578037,
                52.3882103
              ],
              [
                4.8578927,
                52.3882377
              ],
              [
                4.8578475,
                52.3882928
              ],
              [
                4.8577585,
                52.3882657
              ]
            ]
          ]
        ]
      },
      "properties": {
        "id": "w57866746",
        "tier": 4,
        "building": "yes",
        "osmId": "w57866746",
        "allotmentHouse": "garden-house-v1",
        "allotmentPark": "Tuinpark Nut & Genoegen",
        "heightSource": "approximate-allotment-prior",
        "height": 3.4,
        "minHeight": 0,
        "roofEavesHeightM": 2.4,
        "roofHeight": 1,
        "roofShape": "gabled",
        "colour": "#75866b",
        "sideColour": "#75866b",
        "roofColour": "#625d52"
      }
    },
    {
      "type": "Feature",
      "geometry": {
        "type": "MultiPolygon",
        "coordinates": [
          [
            [
              [
                4.8633803,
                52.3870764
              ],
              [
                4.8634003,
                52.387017
              ],
              [
                4.8634993,
                52.3870292
              ],
              [
                4.8634793,
                52.3870889
              ],
              [
                4.8633803,
                52.3870764
              ]
            ]
          ]
        ]
      },
      "properties": {
        "id": "w57866748",
        "tier": 4,
        "building": "yes",
        "osmId": "w57866748",
        "allotmentHouse": "garden-house-v1",
        "allotmentPark": "Tuinpark Nut & Genoegen",
        "heightSource": "approximate-allotment-prior",
        "height": 3.4,
        "minHeight": 0,
        "roofEavesHeightM": 2.4,
        "roofHeight": 1,
        "roofShape": "gabled",
        "colour": "#c5b798",
        "sideColour": "#c5b798",
        "roofColour": "#625d52"
      }
    },
    {
      "type": "Feature",
      "geometry": {
        "type": "MultiPolygon",
        "coordinates": [
          [
            [
              [
                4.8492077,
                52.3876026
              ],
              [
                4.8492801,
                52.3875608
              ],
              [
                4.8493494,
                52.3876058
              ],
              [
                4.8492772,
                52.3876476
              ],
              [
                4.8492077,
                52.3876026
              ]
            ]
          ]
        ]
      },
      "properties": {
        "id": "w57866749",
        "tier": 4,
        "building": "yes",
        "osmId": "w57866749",
        "allotmentHouse": "garden-house-v1",
        "allotmentPark": "Tuingroep Sloterdijkermeer",
        "heightSource": "approximate-allotment-prior",
        "height": 3.4,
        "minHeight": 0,
        "roofEavesHeightM": 2.4,
        "roofHeight": 1,
        "roofShape": "gabled",
        "colour": "#8b7664",
        "sideColour": "#8b7664",
        "roofColour": "#625d52"
      }
    },
    {
      "type": "Feature",
      "geometry": {
        "type": "MultiPolygon",
        "coordinates": [
          [
            [
              [
                4.856072,
                52.3868722
              ],
              [
                4.8561442,
                52.3868304
              ],
              [
                4.8562137,
                52.3868751
              ],
              [
                4.8561414,
                52.3869169
              ],
              [
                4.856072,
                52.3868722
              ]
            ]
          ]
        ]
      },
      "properties": {
        "id": "w57866771",
        "tier": 4,
        "building": "yes",
        "osmId": "w57866771",
        "allotmentHouse": "garden-house-v1",
        "allotmentPark": "Tuinpark Nut & Genoegen",
        "heightSource": "approximate-allotment-prior",
        "height": 3.4,
        "minHeight": 0,
        "roofEavesHeightM": 2.4,
        "roofHeight": 1,
        "roofShape": "gabled",
        "colour": "#75866b",
        "sideColour": "#75866b",
        "roofColour": "#625d52"
      }
    },
    {
      "type": "Feature",
      "geometry": {
        "type": "MultiPolygon",
        "coordinates": [
          [
            [
              [
                4.8534768,
                52.3882381
              ],
              [
                4.853549,
                52.3881963
              ],
              [
                4.8536185,
                52.3882413
              ],
              [
                4.8535461,
                52.3882831
              ],
              [
                4.8534768,
                52.3882381
              ]
            ]
          ]
        ]
      },
      "properties": {
        "id": "w57866796",
        "tier": 4,
        "building": "yes",
        "osmId": "w57866796",
        "allotmentHouse": "garden-house-v1",
        "allotmentPark": "Tuingroep Sloterdijkermeer",
        "heightSource": "approximate-allotment-prior",
        "height": 3.4,
        "minHeight": 0,
        "roofEavesHeightM": 2.4,
        "roofHeight": 1,
        "roofShape": "gabled",
        "colour": "#75866b",
        "sideColour": "#75866b",
        "roofColour": "#625d52"
      }
    },
    {
      "type": "Feature",
      "geometry": {
        "type": "MultiPolygon",
        "coordinates": [
          [
            [
              [
                4.8578345,
                52.3868045
              ],
              [
                4.8579067,
                52.3867627
              ],
              [
                4.8579762,
                52.3868077
              ],
              [
                4.8579038,
                52.3868495
              ],
              [
                4.8578345,
                52.3868045
              ]
            ]
          ]
        ]
      },
      "properties": {
        "id": "w57866826",
        "tier": 4,
        "building": "yes",
        "osmId": "w57866826",
        "allotmentHouse": "garden-house-v1",
        "allotmentPark": "Tuinpark Nut & Genoegen",
        "heightSource": "approximate-allotment-prior",
        "height": 3.4,
        "minHeight": 0,
        "roofEavesHeightM": 2.4,
        "roofHeight": 1,
        "roofShape": "gabled",
        "colour": "#75866b",
        "sideColour": "#75866b",
        "roofColour": "#625d52"
      }
    },
    {
      "type": "Feature",
      "geometry": {
        "type": "MultiPolygon",
        "coordinates": [
          [
            [
              [
                4.8530741,
                52.386859
              ],
              [
                4.8531463,
                52.3868172
              ],
              [
                4.8532158,
                52.3868619
              ],
              [
                4.8531436,
                52.3869037
              ],
              [
                4.8530741,
                52.386859
              ]
            ]
          ]
        ]
      },
      "properties": {
        "id": "w57866831",
        "tier": 4,
        "building": "yes",
        "osmId": "w57866831",
        "allotmentHouse": "garden-house-v1",
        "allotmentPark": "Tuingroep Sloterdijkermeer",
        "heightSource": "approximate-allotment-prior",
        "height": 3.4,
        "minHeight": 0,
        "roofEavesHeightM": 2.4,
        "roofHeight": 1,
        "roofShape": "gabled",
        "colour": "#75866b",
        "sideColour": "#75866b",
        "roofColour": "#625d52"
      }
    },
    {
      "type": "Feature",
      "geometry": {
        "type": "MultiPolygon",
        "coordinates": [
          [
            [
              [
                4.8601791,
                52.3884046
              ],
              [
                4.8601991,
                52.3883449
              ],
              [
                4.860298,
                52.3883574
              ],
              [
                4.8602781,
                52.3884169
              ],
              [
                4.8601791,
                52.3884046
              ]
            ]
          ]
        ]
      },
      "properties": {
        "id": "w57866848",
        "tier": 4,
        "building": "yes",
        "osmId": "w57866848",
        "allotmentHouse": "garden-house-v1",
        "allotmentPark": "Tuinpark Nut & Genoegen",
        "heightSource": "approximate-allotment-prior",
        "height": 3.4,
        "minHeight": 0,
        "roofEavesHeightM": 2.4,
        "roofHeight": 1,
        "roofShape": "gabled",
        "colour": "#c5b798",
        "sideColour": "#c5b798",
        "roofColour": "#625d52"
      }
    },
    {
      "type": "Feature",
      "geometry": {
        "type": "MultiPolygon",
        "coordinates": [
          [
            [
              [
                4.8574045,
                52.3861034
              ],
              [
                4.8574767,
                52.3860616
              ],
              [
                4.8575462,
                52.3861063
              ],
              [
                4.8574739,
                52.3861481
              ],
              [
                4.8574045,
                52.3861034
              ]
            ]
          ]
        ]
      },
      "properties": {
        "id": "w57866854",
        "tier": 4,
        "building": "yes",
        "osmId": "w57866854",
        "allotmentHouse": "garden-house-v1",
        "allotmentPark": "Tuinpark Nut & Genoegen",
        "heightSource": "approximate-allotment-prior",
        "height": 3.4,
        "minHeight": 0,
        "roofEavesHeightM": 2.4,
        "roofHeight": 1,
        "roofShape": "gabled",
        "colour": "#8b7664",
        "sideColour": "#8b7664",
        "roofColour": "#625d52"
      }
    },
    {
      "type": "Feature",
      "geometry": {
        "type": "MultiPolygon",
        "coordinates": [
          [
            [
              [
                4.8551604,
                52.387409
              ],
              [
                4.8552328,
                52.3873672
              ],
              [
                4.8553021,
                52.3874122
              ],
              [
                4.8552299,
                52.387454
              ],
              [
                4.8551604,
                52.387409
              ]
            ]
          ]
        ]
      },
      "properties": {
        "id": "w57866857",
        "tier": 4,
        "building": "yes",
        "osmId": "w57866857",
        "allotmentHouse": "garden-house-v1",
        "allotmentPark": "Tuingroep Sloterdijkermeer",
        "heightSource": "approximate-allotment-prior",
        "height": 3.4,
        "minHeight": 0,
        "roofEavesHeightM": 2.4,
        "roofHeight": 1,
        "roofShape": "gabled",
        "colour": "#99846f",
        "sideColour": "#99846f",
        "roofColour": "#625d52"
      }
    },
    {
      "type": "Feature",
      "geometry": {
        "type": "MultiPolygon",
        "coordinates": [
          [
            [
              [
                4.848059,
                52.3877404
              ],
              [
                4.8481188,
                52.3877044
              ],
              [
                4.8482057,
                52.3877582
              ],
              [
                4.8481458,
                52.3877942
              ],
              [
                4.848059,
                52.3877404
              ]
            ]
          ]
        ]
      },
      "properties": {
        "id": "w57866859",
        "tier": 4,
        "building": "yes",
        "osmId": "w57866859",
        "allotmentHouse": "garden-house-v1",
        "allotmentPark": "Tuingroep Sloterdijkermeer",
        "heightSource": "approximate-allotment-prior",
        "height": 3.4,
        "minHeight": 0,
        "roofEavesHeightM": 2.4,
        "roofHeight": 1,
        "roofShape": "gabled",
        "colour": "#8b7664",
        "sideColour": "#8b7664",
        "roofColour": "#625d52"
      }
    },
    {
      "type": "Feature",
      "geometry": {
        "type": "MultiPolygon",
        "coordinates": [
          [
            [
              [
                4.8564381,
                52.3868794
              ],
              [
                4.8565104,
                52.3868377
              ],
              [
                4.8565799,
                52.3868825
              ],
              [
                4.8565076,
                52.3869243
              ],
              [
                4.8564381,
                52.3868794
              ]
            ]
          ]
        ]
      },
      "properties": {
        "id": "w57866873",
        "tier": 4,
        "building": "yes",
        "osmId": "w57866873",
        "allotmentHouse": "garden-house-v1",
        "allotmentPark": "Tuinpark Nut & Genoegen",
        "heightSource": "approximate-allotment-prior",
        "height": 3.4,
        "minHeight": 0,
        "roofEavesHeightM": 2.4,
        "roofHeight": 1,
        "roofShape": "gabled",
        "colour": "#c5b798",
        "sideColour": "#c5b798",
        "roofColour": "#625d52"
      }
    },
    {
      "type": "Feature",
      "geometry": {
        "type": "MultiPolygon",
        "coordinates": [
          [
            [
              [
                4.8645883,
                52.3882191
              ],
              [
                4.864664,
                52.3881789
              ],
              [
                4.8647344,
                52.3882283
              ],
              [
                4.8646586,
                52.3882685
              ],
              [
                4.8645883,
                52.3882191
              ]
            ]
          ]
        ]
      },
      "properties": {
        "id": "w57866898",
        "tier": 4,
        "building": "yes",
        "osmId": "w57866898",
        "allotmentHouse": "garden-house-v1",
        "allotmentPark": "Tuinpark Nut & Genoegen",
        "heightSource": "approximate-allotment-prior",
        "height": 3.4,
        "minHeight": 0,
        "roofEavesHeightM": 2.4,
        "roofHeight": 1,
        "roofShape": "gabled",
        "colour": "#c5b798",
        "sideColour": "#c5b798",
        "roofColour": "#625d52"
      }
    },
    {
      "type": "Feature",
      "geometry": {
        "type": "MultiPolygon",
        "coordinates": [
          [
            [
              [
                4.8635622,
                52.3863874
              ],
              [
                4.8635821,
                52.3863276
              ],
              [
                4.8636811,
                52.3863401
              ],
              [
                4.8636611,
                52.3863996
              ],
              [
                4.8635622,
                52.3863874
              ]
            ]
          ]
        ]
      },
      "properties": {
        "id": "w57866902",
        "tier": 4,
        "building": "yes",
        "osmId": "w57866902",
        "allotmentHouse": "garden-house-v1",
        "allotmentPark": "Tuinpark Nut & Genoegen",
        "heightSource": "approximate-allotment-prior",
        "height": 3.4,
        "minHeight": 0,
        "roofEavesHeightM": 2.4,
        "roofHeight": 1,
        "roofShape": "gabled",
        "colour": "#99846f",
        "sideColour": "#99846f",
        "roofColour": "#625d52"
      }
    },
    {
      "type": "Feature",
      "geometry": {
        "type": "MultiPolygon",
        "coordinates": [
          [
            [
              [
                4.8501763,
                52.3866235
              ],
              [
                4.8502485,
                52.3865817
              ],
              [
                4.850318,
                52.3866264
              ],
              [
                4.8502456,
                52.3866682
              ],
              [
                4.8501763,
                52.3866235
              ]
            ]
          ]
        ]
      },
      "properties": {
        "id": "w57866903",
        "tier": 4,
        "building": "yes",
        "osmId": "w57866903",
        "allotmentHouse": "garden-house-v1",
        "allotmentPark": "Tuingroep Sloterdijkermeer",
        "heightSource": "approximate-allotment-prior",
        "height": 3.4,
        "minHeight": 0,
        "roofEavesHeightM": 2.4,
        "roofHeight": 1,
        "roofShape": "gabled",
        "colour": "#c5b798",
        "sideColour": "#c5b798",
        "roofColour": "#625d52"
      }
    },
    {
      "type": "Feature",
      "geometry": {
        "type": "MultiPolygon",
        "coordinates": [
          [
            [
              [
                4.8570823,
                52.3884061
              ],
              [
                4.8571424,
                52.3883567
              ],
              [
                4.8572223,
                52.388393
              ],
              [
                4.8571622,
                52.3884424
              ],
              [
                4.8570823,
                52.3884061
              ]
            ]
          ]
        ]
      },
      "properties": {
        "id": "w57866907",
        "tier": 4,
        "building": "yes",
        "osmId": "w57866907",
        "allotmentHouse": "garden-house-v1",
        "allotmentPark": "Tuinpark Nut & Genoegen",
        "heightSource": "approximate-allotment-prior",
        "height": 3.4,
        "minHeight": 0,
        "roofEavesHeightM": 2.4,
        "roofHeight": 1,
        "roofShape": "gabled",
        "colour": "#99846f",
        "sideColour": "#99846f",
        "roofColour": "#625d52"
      }
    },
    {
      "type": "Feature",
      "geometry": {
        "type": "MultiPolygon",
        "coordinates": [
          [
            [
              [
                4.8590631,
                52.3875712
              ],
              [
                4.8591305,
                52.3875263
              ],
              [
                4.8592048,
                52.3875682
              ],
              [
                4.8591376,
                52.3876131
              ],
              [
                4.8590631,
                52.3875712
              ]
            ]
          ]
        ]
      },
      "properties": {
        "id": "w57866914",
        "tier": 4,
        "building": "yes",
        "osmId": "w57866914",
        "allotmentHouse": "garden-house-v1",
        "allotmentPark": "Tuinpark Nut & Genoegen",
        "heightSource": "approximate-allotment-prior",
        "height": 3.4,
        "minHeight": 0,
        "roofEavesHeightM": 2.4,
        "roofHeight": 1,
        "roofShape": "gabled",
        "colour": "#8b7664",
        "sideColour": "#8b7664",
        "roofColour": "#625d52"
      }
    },
    {
      "type": "Feature",
      "geometry": {
        "type": "MultiPolygon",
        "coordinates": [
          [
            [
              [
                4.8500575,
                52.3874602
              ],
              [
                4.8501298,
                52.3874184
              ],
              [
                4.8501992,
                52.3874633
              ],
              [
                4.8501269,
                52.3875051
              ],
              [
                4.8500575,
                52.3874602
              ]
            ]
          ]
        ]
      },
      "properties": {
        "id": "w57866917",
        "tier": 4,
        "building": "yes",
        "osmId": "w57866917",
        "allotmentHouse": "garden-house-v1",
        "allotmentPark": "Tuingroep Sloterdijkermeer",
        "heightSource": "approximate-allotment-prior",
        "height": 3.4,
        "minHeight": 0,
        "roofEavesHeightM": 2.4,
        "roofHeight": 1,
        "roofShape": "gabled",
        "colour": "#99846f",
        "sideColour": "#99846f",
        "roofColour": "#625d52"
      }
    },
    {
      "type": "Feature",
      "geometry": {
        "type": "MultiPolygon",
        "coordinates": [
          [
            [
              [
                4.8555632,
                52.3871805
              ],
              [
                4.8556354,
                52.3871387
              ],
              [
                4.8557049,
                52.3871837
              ],
              [
                4.8556327,
                52.3872255
              ],
              [
                4.8555632,
                52.3871805
              ]
            ]
          ]
        ]
      },
      "properties": {
        "id": "w57866930",
        "tier": 4,
        "building": "yes",
        "osmId": "w57866930",
        "allotmentHouse": "garden-house-v1",
        "allotmentPark": "Tuinpark Nut & Genoegen",
        "heightSource": "approximate-allotment-prior",
        "height": 3.4,
        "minHeight": 0,
        "roofEavesHeightM": 2.4,
        "roofHeight": 1,
        "roofShape": "gabled",
        "colour": "#a18d6c",
        "sideColour": "#a18d6c",
        "roofColour": "#625d52"
      }
    },
    {
      "type": "Feature",
      "geometry": {
        "type": "MultiPolygon",
        "coordinates": [
          [
            [
              [
                4.8480678,
                52.3869284
              ],
              [
                4.84814,
                52.3868866
              ],
              [
                4.8482094,
                52.3869316
              ],
              [
                4.8481371,
                52.3869734
              ],
              [
                4.8480678,
                52.3869284
              ]
            ]
          ]
        ]
      },
      "properties": {
        "id": "w57866942",
        "tier": 4,
        "building": "yes",
        "osmId": "w57866942",
        "allotmentHouse": "garden-house-v1",
        "allotmentPark": "Tuingroep Sloterdijkermeer",
        "heightSource": "approximate-allotment-prior",
        "height": 3.4,
        "minHeight": 0,
        "roofEavesHeightM": 2.4,
        "roofHeight": 1,
        "roofShape": "gabled",
        "colour": "#99846f",
        "sideColour": "#99846f",
        "roofColour": "#625d52"
      }
    },
    {
      "type": "Feature",
      "geometry": {
        "type": "MultiPolygon",
        "coordinates": [
          [
            [
              [
                4.8575338,
                52.3866286
              ],
              [
                4.857606,
                52.3865865
              ],
              [
                4.8576753,
                52.3866315
              ],
              [
                4.8576031,
                52.3866733
              ],
              [
                4.8575338,
                52.3866286
              ]
            ]
          ]
        ]
      },
      "properties": {
        "id": "w57866949",
        "tier": 4,
        "building": "yes",
        "osmId": "w57866949",
        "allotmentHouse": "garden-house-v1",
        "allotmentPark": "Tuinpark Nut & Genoegen",
        "heightSource": "approximate-allotment-prior",
        "height": 3.4,
        "minHeight": 0,
        "roofEavesHeightM": 2.4,
        "roofHeight": 1,
        "roofShape": "gabled",
        "colour": "#8b7664",
        "sideColour": "#8b7664",
        "roofColour": "#625d52"
      }
    },
    {
      "type": "Feature",
      "geometry": {
        "type": "MultiPolygon",
        "coordinates": [
          [
            [
              [
                4.8530545,
                52.3864204
              ],
              [
                4.8531267,
                52.3863786
              ],
              [
                4.8531962,
                52.3864235
              ],
              [
                4.8531238,
                52.3864654
              ],
              [
                4.8530545,
                52.3864204
              ]
            ]
          ]
        ]
      },
      "properties": {
        "id": "w57866961",
        "tier": 4,
        "building": "yes",
        "osmId": "w57866961",
        "allotmentHouse": "garden-house-v1",
        "allotmentPark": "Tuingroep Sloterdijkermeer",
        "heightSource": "approximate-allotment-prior",
        "height": 3.4,
        "minHeight": 0,
        "roofEavesHeightM": 2.4,
        "roofHeight": 1,
        "roofShape": "gabled",
        "colour": "#75866b",
        "sideColour": "#75866b",
        "roofColour": "#625d52"
      }
    },
    {
      "type": "Feature",
      "geometry": {
        "type": "MultiPolygon",
        "coordinates": [
          [
            [
              [
                4.8515433,
                52.3873188
              ],
              [
                4.8516155,
                52.387277
              ],
              [
                4.851685,
                52.3873219
              ],
              [
                4.8516127,
                52.3873638
              ],
              [
                4.8515433,
                52.3873188
              ]
            ]
          ]
        ]
      },
      "properties": {
        "id": "w57866964",
        "tier": 4,
        "building": "yes",
        "osmId": "w57866964",
        "allotmentHouse": "garden-house-v1",
        "allotmentPark": "Tuingroep Sloterdijkermeer",
        "heightSource": "approximate-allotment-prior",
        "height": 3.4,
        "minHeight": 0,
        "roofEavesHeightM": 2.4,
        "roofHeight": 1,
        "roofShape": "gabled",
        "colour": "#8b7664",
        "sideColour": "#8b7664",
        "roofColour": "#625d52"
      }
    },
    {
      "type": "Feature",
      "geometry": {
        "type": "MultiPolygon",
        "coordinates": [
          [
            [
              [
                4.8592918,
                52.3878093
              ],
              [
                4.8593394,
                52.3877559
              ],
              [
                4.8594281,
                52.3877855
              ],
              [
                4.8593805,
                52.3878389
              ],
              [
                4.8592918,
                52.3878093
              ]
            ]
          ]
        ]
      },
      "properties": {
        "id": "w57866967",
        "tier": 4,
        "building": "yes",
        "osmId": "w57866967",
        "allotmentHouse": "garden-house-v1",
        "allotmentPark": "Tuinpark Nut & Genoegen",
        "heightSource": "approximate-allotment-prior",
        "height": 3.4,
        "minHeight": 0,
        "roofEavesHeightM": 2.4,
        "roofHeight": 1,
        "roofShape": "gabled",
        "colour": "#99846f",
        "sideColour": "#99846f",
        "roofColour": "#625d52"
      }
    },
    {
      "type": "Feature",
      "geometry": {
        "type": "MultiPolygon",
        "coordinates": [
          [
            [
              [
                4.8609053,
                52.3883473
              ],
              [
                4.8609253,
                52.3882876
              ],
              [
                4.8610242,
                52.3883001
              ],
              [
                4.8610043,
                52.3883598
              ],
              [
                4.8609053,
                52.3883473
              ]
            ]
          ]
        ]
      },
      "properties": {
        "id": "w57866972",
        "tier": 4,
        "building": "yes",
        "osmId": "w57866972",
        "allotmentHouse": "garden-house-v1",
        "allotmentPark": "Tuinpark Nut & Genoegen",
        "heightSource": "approximate-allotment-prior",
        "height": 3.4,
        "minHeight": 0,
        "roofEavesHeightM": 2.4,
        "roofHeight": 1,
        "roofShape": "gabled",
        "colour": "#99846f",
        "sideColour": "#99846f",
        "roofColour": "#625d52"
      }
    },
    {
      "type": "Feature",
      "geometry": {
        "type": "MultiPolygon",
        "coordinates": [
          [
            [
              [
                4.8525364,
                52.3867308
              ],
              [
                4.8526087,
                52.386689
              ],
              [
                4.852678,
                52.386734
              ],
              [
                4.8526058,
                52.3867758
              ],
              [
                4.8525364,
                52.3867308
              ]
            ]
          ]
        ]
      },
      "properties": {
        "id": "w57866984",
        "tier": 4,
        "building": "yes",
        "osmId": "w57866984",
        "allotmentHouse": "garden-house-v1",
        "allotmentPark": "Tuingroep Sloterdijkermeer",
        "heightSource": "approximate-allotment-prior",
        "height": 3.4,
        "minHeight": 0,
        "roofEavesHeightM": 2.4,
        "roofHeight": 1,
        "roofShape": "gabled",
        "colour": "#8b7664",
        "sideColour": "#8b7664",
        "roofColour": "#625d52"
      }
    },
    {
      "type": "Feature",
      "geometry": {
        "type": "MultiPolygon",
        "coordinates": [
          [
            [
              [
                4.8584085,
                52.387076
              ],
              [
                4.8584758,
                52.3870313
              ],
              [
                4.8585501,
                52.387073
              ],
              [
                4.8584829,
                52.3871179
              ],
              [
                4.8584085,
                52.387076
              ]
            ]
          ]
        ]
      },
      "properties": {
        "id": "w57866987",
        "tier": 4,
        "building": "yes",
        "osmId": "w57866987",
        "allotmentHouse": "garden-house-v1",
        "allotmentPark": "Tuinpark Nut & Genoegen",
        "heightSource": "approximate-allotment-prior",
        "height": 3.4,
        "minHeight": 0,
        "roofEavesHeightM": 2.4,
        "roofHeight": 1,
        "roofShape": "gabled",
        "colour": "#99846f",
        "sideColour": "#99846f",
        "roofColour": "#625d52"
      }
    },
    {
      "type": "Feature",
      "geometry": {
        "type": "MultiPolygon",
        "coordinates": [
          [
            [
              [
                4.8598247,
                52.3871667
              ],
              [
                4.8598767,
                52.387115
              ],
              [
                4.8599628,
                52.3871474
              ],
              [
                4.8599107,
                52.3871991
              ],
              [
                4.8598247,
                52.3871667
              ]
            ]
          ]
        ]
      },
      "properties": {
        "id": "w57866989",
        "tier": 4,
        "building": "yes",
        "osmId": "w57866989",
        "allotmentHouse": "garden-house-v1",
        "allotmentPark": "Tuinpark Nut & Genoegen",
        "heightSource": "approximate-allotment-prior",
        "height": 3.4,
        "minHeight": 0,
        "roofEavesHeightM": 2.4,
        "roofHeight": 1,
        "roofShape": "gabled",
        "colour": "#8b7664",
        "sideColour": "#8b7664",
        "roofColour": "#625d52"
      }
    },
    {
      "type": "Feature",
      "geometry": {
        "type": "MultiPolygon",
        "coordinates": [
          [
            [
              [
                4.8509187,
                52.3883315
              ],
              [
                4.8509909,
                52.3882894
              ],
              [
                4.8510602,
                52.3883343
              ],
              [
                4.850988,
                52.3883762
              ],
              [
                4.8509187,
                52.3883315
              ]
            ]
          ]
        ]
      },
      "properties": {
        "id": "w57866999",
        "tier": 4,
        "building": "yes",
        "osmId": "w57866999",
        "allotmentHouse": "garden-house-v1",
        "allotmentPark": "Tuingroep Sloterdijkermeer",
        "heightSource": "approximate-allotment-prior",
        "height": 3.4,
        "minHeight": 0,
        "roofEavesHeightM": 2.4,
        "roofHeight": 1,
        "roofShape": "gabled",
        "colour": "#8b7664",
        "sideColour": "#8b7664",
        "roofColour": "#625d52"
      }
    },
    {
      "type": "Feature",
      "geometry": {
        "type": "MultiPolygon",
        "coordinates": [
          [
            [
              [
                4.8538158,
                52.38637
              ],
              [
                4.853888,
                52.3863282
              ],
              [
                4.8539575,
                52.3863731
              ],
              [
                4.8538851,
                52.3864149
              ],
              [
                4.8538158,
                52.38637
              ]
            ]
          ]
        ]
      },
      "properties": {
        "id": "w57867001",
        "tier": 4,
        "building": "yes",
        "osmId": "w57867001",
        "allotmentHouse": "garden-house-v1",
        "allotmentPark": "Tuingroep Sloterdijkermeer",
        "heightSource": "approximate-allotment-prior",
        "height": 3.4,
        "minHeight": 0,
        "roofEavesHeightM": 2.4,
        "roofHeight": 1,
        "roofShape": "gabled",
        "colour": "#75866b",
        "sideColour": "#75866b",
        "roofColour": "#625d52"
      }
    },
    {
      "type": "Feature",
      "geometry": {
        "type": "MultiPolygon",
        "coordinates": [
          [
            [
              [
                4.8616312,
                52.3864386
              ],
              [
                4.8616512,
                52.3863792
              ],
              [
                4.8617501,
                52.3863914
              ],
              [
                4.8617301,
                52.3864512
              ],
              [
                4.8616312,
                52.3864386
              ]
            ]
          ]
        ]
      },
      "properties": {
        "id": "w57867004",
        "tier": 4,
        "building": "yes",
        "osmId": "w57867004",
        "allotmentHouse": "garden-house-v1",
        "allotmentPark": "Tuinpark Nut & Genoegen",
        "heightSource": "approximate-allotment-prior",
        "height": 3.4,
        "minHeight": 0,
        "roofEavesHeightM": 2.4,
        "roofHeight": 1,
        "roofShape": "gabled",
        "colour": "#8b7664",
        "sideColour": "#8b7664",
        "roofColour": "#625d52"
      }
    },
    {
      "type": "Feature",
      "geometry": {
        "type": "MultiPolygon",
        "coordinates": [
          [
            [
              [
                4.8562372,
                52.3865021
              ],
              [
                4.8563094,
                52.3864603
              ],
              [
                4.8563789,
                52.3865052
              ],
              [
                4.8563065,
                52.386547
              ],
              [
                4.8562372,
                52.3865021
              ]
            ]
          ]
        ]
      },
      "properties": {
        "id": "w57867007",
        "tier": 4,
        "building": "yes",
        "osmId": "w57867007",
        "allotmentHouse": "garden-house-v1",
        "allotmentPark": "Tuinpark Nut & Genoegen",
        "heightSource": "approximate-allotment-prior",
        "height": 3.4,
        "minHeight": 0,
        "roofEavesHeightM": 2.4,
        "roofHeight": 1,
        "roofShape": "gabled",
        "colour": "#99846f",
        "sideColour": "#99846f",
        "roofColour": "#625d52"
      }
    },
    {
      "type": "Feature",
      "geometry": {
        "type": "MultiPolygon",
        "coordinates": [
          [
            [
              [
                4.8604675,
                52.3859779
              ],
              [
                4.8604792,
                52.3859174
              ],
              [
                4.8605796,
                52.3859249
              ],
              [
                4.8605677,
                52.3859852
              ],
              [
                4.8604675,
                52.3859779
              ]
            ]
          ]
        ]
      },
      "properties": {
        "id": "w57867021",
        "tier": 4,
        "building": "yes",
        "osmId": "w57867021",
        "allotmentHouse": "garden-house-v1",
        "allotmentPark": "Tuinpark Nut & Genoegen",
        "heightSource": "approximate-allotment-prior",
        "height": 3.4,
        "minHeight": 0,
        "roofEavesHeightM": 2.4,
        "roofHeight": 1,
        "roofShape": "gabled",
        "colour": "#75866b",
        "sideColour": "#75866b",
        "roofColour": "#625d52"
      }
    },
    {
      "type": "Feature",
      "geometry": {
        "type": "MultiPolygon",
        "coordinates": [
          [
            [
              [
                4.8512363,
                52.3881333
              ],
              [
                4.8513087,
                52.3880915
              ],
              [
                4.851378,
                52.3881364
              ],
              [
                4.8513058,
                52.3881783
              ],
              [
                4.8512363,
                52.3881333
              ]
            ]
          ]
        ]
      },
      "properties": {
        "id": "w57867028",
        "tier": 4,
        "building": "yes",
        "osmId": "w57867028",
        "allotmentHouse": "garden-house-v1",
        "allotmentPark": "Tuingroep Sloterdijkermeer",
        "heightSource": "approximate-allotment-prior",
        "height": 3.4,
        "minHeight": 0,
        "roofEavesHeightM": 2.4,
        "roofHeight": 1,
        "roofShape": "gabled",
        "colour": "#c5b798",
        "sideColour": "#c5b798",
        "roofColour": "#625d52"
      }
    },
    {
      "type": "Feature",
      "geometry": {
        "type": "MultiPolygon",
        "coordinates": [
          [
            [
              [
                4.858124,
                52.3871105
              ],
              [
                4.8581913,
                52.3870655
              ],
              [
                4.8582657,
                52.3871074
              ],
              [
                4.8581983,
                52.3871521
              ],
              [
                4.858124,
                52.3871105
              ]
            ]
          ]
        ]
      },
      "properties": {
        "id": "w57867044",
        "tier": 4,
        "building": "yes",
        "osmId": "w57867044",
        "allotmentHouse": "garden-house-v1",
        "allotmentPark": "Tuinpark Nut & Genoegen",
        "heightSource": "approximate-allotment-prior",
        "height": 3.4,
        "minHeight": 0,
        "roofEavesHeightM": 2.4,
        "roofHeight": 1,
        "roofShape": "gabled",
        "colour": "#8b7664",
        "sideColour": "#8b7664",
        "roofColour": "#625d52"
      }
    },
    {
      "type": "Feature",
      "geometry": {
        "type": "MultiPolygon",
        "coordinates": [
          [
            [
              [
                4.8522149,
                52.3869359
              ],
              [
                4.8522871,
                52.3868941
              ],
              [
                4.8523566,
                52.3869388
              ],
              [
                4.8522843,
                52.3869809
              ],
              [
                4.8522149,
                52.3869359
              ]
            ]
          ]
        ]
      },
      "properties": {
        "id": "w57867060",
        "tier": 4,
        "building": "yes",
        "osmId": "w57867060",
        "allotmentHouse": "garden-house-v1",
        "allotmentPark": "Tuingroep Sloterdijkermeer",
        "heightSource": "approximate-allotment-prior",
        "height": 3.4,
        "minHeight": 0,
        "roofEavesHeightM": 2.4,
        "roofHeight": 1,
        "roofShape": "gabled",
        "colour": "#a18d6c",
        "sideColour": "#a18d6c",
        "roofColour": "#625d52"
      }
    },
    {
      "type": "Feature",
      "geometry": {
        "type": "MultiPolygon",
        "coordinates": [
          [
            [
              [
                4.8543003,
                52.3877168
              ],
              [
                4.8543726,
                52.387675
              ],
              [
                4.854442,
                52.3877197
              ],
              [
                4.8543698,
                52.3877615
              ],
              [
                4.8543003,
                52.3877168
              ]
            ]
          ]
        ]
      },
      "properties": {
        "id": "w57867063",
        "tier": 4,
        "building": "yes",
        "osmId": "w57867063",
        "allotmentHouse": "garden-house-v1",
        "allotmentPark": "Tuingroep Sloterdijkermeer",
        "heightSource": "approximate-allotment-prior",
        "height": 3.4,
        "minHeight": 0,
        "roofEavesHeightM": 2.4,
        "roofHeight": 1,
        "roofShape": "gabled",
        "colour": "#c5b798",
        "sideColour": "#c5b798",
        "roofColour": "#625d52"
      }
    },
    {
      "type": "Feature",
      "geometry": {
        "type": "MultiPolygon",
        "coordinates": [
          [
            [
              [
                4.8531538,
                52.3878656
              ],
              [
                4.853226,
                52.3878238
              ],
              [
                4.8532955,
                52.3878687
              ],
              [
                4.8532231,
                52.3879105
              ],
              [
                4.8531538,
                52.3878656
              ]
            ]
          ]
        ]
      },
      "properties": {
        "id": "w57867078",
        "tier": 4,
        "building": "yes",
        "osmId": "w57867078",
        "allotmentHouse": "garden-house-v1",
        "allotmentPark": "Tuingroep Sloterdijkermeer",
        "heightSource": "approximate-allotment-prior",
        "height": 3.4,
        "minHeight": 0,
        "roofEavesHeightM": 2.4,
        "roofHeight": 1,
        "roofShape": "gabled",
        "colour": "#c5b798",
        "sideColour": "#c5b798",
        "roofColour": "#625d52"
      }
    },
    {
      "type": "Feature",
      "geometry": {
        "type": "MultiPolygon",
        "coordinates": [
          [
            [
              [
                4.8576543,
                52.387047
              ],
              [
                4.8577265,
                52.3870052
              ],
              [
                4.8577959,
                52.3870499
              ],
              [
                4.8577237,
                52.3870917
              ],
              [
                4.8576543,
                52.387047
              ]
            ]
          ]
        ]
      },
      "properties": {
        "id": "w57867085",
        "tier": 4,
        "building": "yes",
        "osmId": "w57867085",
        "allotmentHouse": "garden-house-v1",
        "allotmentPark": "Tuinpark Nut & Genoegen",
        "heightSource": "approximate-allotment-prior",
        "height": 3.4,
        "minHeight": 0,
        "roofEavesHeightM": 2.4,
        "roofHeight": 1,
        "roofShape": "gabled",
        "colour": "#a18d6c",
        "sideColour": "#a18d6c",
        "roofColour": "#625d52"
      }
    },
    {
      "type": "Feature",
      "geometry": {
        "type": "MultiPolygon",
        "coordinates": [
          [
            [
              [
                4.861953,
                52.3871552
              ],
              [
                4.8619729,
                52.3870958
              ],
              [
                4.8620719,
                52.387108
              ],
              [
                4.862052,
                52.3871677
              ],
              [
                4.861953,
                52.3871552
              ]
            ]
          ]
        ]
      },
      "properties": {
        "id": "w57867090",
        "tier": 4,
        "building": "yes",
        "osmId": "w57867090",
        "allotmentHouse": "garden-house-v1",
        "allotmentPark": "Tuinpark Nut & Genoegen",
        "heightSource": "approximate-allotment-prior",
        "height": 3.4,
        "minHeight": 0,
        "roofEavesHeightM": 2.4,
        "roofHeight": 1,
        "roofShape": "gabled",
        "colour": "#a18d6c",
        "sideColour": "#a18d6c",
        "roofColour": "#625d52"
      }
    },
    {
      "type": "Feature",
      "geometry": {
        "type": "MultiPolygon",
        "coordinates": [
          [
            [
              [
                4.8587487,
                52.3868609
              ],
              [
                4.8588211,
                52.3868191
              ],
              [
                4.8588906,
                52.3868641
              ],
              [
                4.8588183,
                52.3869058
              ],
              [
                4.8587487,
                52.3868609
              ]
            ]
          ]
        ]
      },
      "properties": {
        "id": "w57867103",
        "tier": 4,
        "building": "yes",
        "osmId": "w57867103",
        "allotmentHouse": "garden-house-v1",
        "allotmentPark": "Tuinpark Nut & Genoegen",
        "heightSource": "approximate-allotment-prior",
        "height": 3.4,
        "minHeight": 0,
        "roofEavesHeightM": 2.4,
        "roofHeight": 1,
        "roofShape": "gabled",
        "colour": "#c5b798",
        "sideColour": "#c5b798",
        "roofColour": "#625d52"
      }
    },
    {
      "type": "Feature",
      "geometry": {
        "type": "MultiPolygon",
        "coordinates": [
          [
            [
              [
                4.8600494,
                52.386239
              ],
              [
                4.860075,
                52.3861894
              ],
              [
                4.8601619,
                52.3862061
              ],
              [
                4.8601364,
                52.3862557
              ],
              [
                4.8600494,
                52.386239
              ]
            ]
          ]
        ]
      },
      "properties": {
        "id": "w57867114",
        "tier": 4,
        "building": "yes",
        "osmId": "w57867114",
        "allotmentHouse": "garden-house-v1",
        "allotmentPark": "Tuinpark Nut & Genoegen",
        "heightSource": "approximate-allotment-prior",
        "height": 3.4,
        "minHeight": 0,
        "roofEavesHeightM": 2.4,
        "roofHeight": 1,
        "roofShape": "gabled",
        "colour": "#8b7664",
        "sideColour": "#8b7664",
        "roofColour": "#625d52"
      }
    },
    {
      "type": "Feature",
      "geometry": {
        "type": "MultiPolygon",
        "coordinates": [
          [
            [
              [
                4.8495213,
                52.387792
              ],
              [
                4.8495935,
                52.3877502
              ],
              [
                4.8496629,
                52.3877951
              ],
              [
                4.8495906,
                52.3878369
              ],
              [
                4.8495213,
                52.387792
              ]
            ]
          ]
        ]
      },
      "properties": {
        "id": "w57867118",
        "tier": 4,
        "building": "yes",
        "osmId": "w57867118",
        "allotmentHouse": "garden-house-v1",
        "allotmentPark": "Tuingroep Sloterdijkermeer",
        "heightSource": "approximate-allotment-prior",
        "height": 3.4,
        "minHeight": 0,
        "roofEavesHeightM": 2.4,
        "roofHeight": 1,
        "roofShape": "gabled",
        "colour": "#c5b798",
        "sideColour": "#c5b798",
        "roofColour": "#625d52"
      }
    },
    {
      "type": "Feature",
      "geometry": {
        "type": "MultiPolygon",
        "coordinates": [
          [
            [
              [
                4.8515422,
                52.3879427
              ],
              [
                4.8516145,
                52.3879009
              ],
              [
                4.8516839,
                52.3879459
              ],
              [
                4.8516117,
                52.3879877
              ],
              [
                4.8515422,
                52.3879427
              ]
            ]
          ]
        ]
      },
      "properties": {
        "id": "w57867120",
        "tier": 4,
        "building": "yes",
        "osmId": "w57867120",
        "allotmentHouse": "garden-house-v1",
        "allotmentPark": "Tuingroep Sloterdijkermeer",
        "heightSource": "approximate-allotment-prior",
        "height": 3.4,
        "minHeight": 0,
        "roofEavesHeightM": 2.4,
        "roofHeight": 1,
        "roofShape": "gabled",
        "colour": "#a18d6c",
        "sideColour": "#a18d6c",
        "roofColour": "#625d52"
      }
    },
    {
      "type": "Feature",
      "geometry": {
        "type": "MultiPolygon",
        "coordinates": [
          [
            [
              [
                4.854915,
                52.3877475
              ],
              [
                4.8549872,
                52.3877057
              ],
              [
                4.8550567,
                52.3877507
              ],
              [
                4.8549845,
                52.3877925
              ],
              [
                4.854915,
                52.3877475
              ]
            ]
          ]
        ]
      },
      "properties": {
        "id": "w57867128",
        "tier": 4,
        "building": "yes",
        "osmId": "w57867128",
        "allotmentHouse": "garden-house-v1",
        "allotmentPark": "Tuingroep Sloterdijkermeer",
        "heightSource": "approximate-allotment-prior",
        "height": 3.4,
        "minHeight": 0,
        "roofEavesHeightM": 2.4,
        "roofHeight": 1,
        "roofShape": "gabled",
        "colour": "#c5b798",
        "sideColour": "#c5b798",
        "roofColour": "#625d52"
      }
    },
    {
      "type": "Feature",
      "geometry": {
        "type": "MultiPolygon",
        "coordinates": [
          [
            [
              [
                4.8590505,
                52.3880602
              ],
              [
                4.859098,
                52.3880068
              ],
              [
                4.8591867,
                52.3880364
              ],
              [
                4.8591392,
                52.3880898
              ],
              [
                4.8590505,
                52.3880602
              ]
            ]
          ]
        ]
      },
      "properties": {
        "id": "w57867136",
        "tier": 4,
        "building": "yes",
        "osmId": "w57867136",
        "allotmentHouse": "garden-house-v1",
        "allotmentPark": "Tuinpark Nut & Genoegen",
        "heightSource": "approximate-allotment-prior",
        "height": 3.4,
        "minHeight": 0,
        "roofEavesHeightM": 2.4,
        "roofHeight": 1,
        "roofShape": "gabled",
        "colour": "#75866b",
        "sideColour": "#75866b",
        "roofColour": "#625d52"
      }
    },
    {
      "type": "Feature",
      "geometry": {
        "type": "MultiPolygon",
        "coordinates": [
          [
            [
              [
                4.8570369,
                52.3871969
              ],
              [
                4.8571091,
                52.3871551
              ],
              [
                4.8571786,
                52.3871998
              ],
              [
                4.8571063,
                52.3872416
              ],
              [
                4.8570369,
                52.3871969
              ]
            ]
          ]
        ]
      },
      "properties": {
        "id": "w57867147",
        "tier": 4,
        "building": "yes",
        "osmId": "w57867147",
        "allotmentHouse": "garden-house-v1",
        "allotmentPark": "Tuinpark Nut & Genoegen",
        "heightSource": "approximate-allotment-prior",
        "height": 3.4,
        "minHeight": 0,
        "roofEavesHeightM": 2.4,
        "roofHeight": 1,
        "roofShape": "gabled",
        "colour": "#99846f",
        "sideColour": "#99846f",
        "roofColour": "#625d52"
      }
    },
    {
      "type": "Feature",
      "geometry": {
        "type": "MultiPolygon",
        "coordinates": [
          [
            [
              [
                4.854805,
                52.3876687
              ],
              [
                4.8548773,
                52.3876269
              ],
              [
                4.8549467,
                52.3876719
              ],
              [
                4.8548745,
                52.3877137
              ],
              [
                4.854805,
                52.3876687
              ]
            ]
          ]
        ]
      },
      "properties": {
        "id": "w57867148",
        "tier": 4,
        "building": "yes",
        "osmId": "w57867148",
        "allotmentHouse": "garden-house-v1",
        "allotmentPark": "Tuingroep Sloterdijkermeer",
        "heightSource": "approximate-allotment-prior",
        "height": 3.4,
        "minHeight": 0,
        "roofEavesHeightM": 2.4,
        "roofHeight": 1,
        "roofShape": "gabled",
        "colour": "#c5b798",
        "sideColour": "#c5b798",
        "roofColour": "#625d52"
      }
    },
    {
      "type": "Feature",
      "geometry": {
        "type": "MultiPolygon",
        "coordinates": [
          [
            [
              [
                4.857859,
                52.388372
              ],
              [
                4.8579042,
                52.3883166
              ],
              [
                4.8579932,
                52.3883439
              ],
              [
                4.857948,
                52.3883991
              ],
              [
                4.857859,
                52.388372
              ]
            ]
          ]
        ]
      },
      "properties": {
        "id": "w57867159",
        "tier": 4,
        "building": "yes",
        "osmId": "w57867159",
        "allotmentHouse": "garden-house-v1",
        "allotmentPark": "Tuinpark Nut & Genoegen",
        "heightSource": "approximate-allotment-prior",
        "height": 3.4,
        "minHeight": 0,
        "roofEavesHeightM": 2.4,
        "roofHeight": 1,
        "roofShape": "gabled",
        "colour": "#8b7664",
        "sideColour": "#8b7664",
        "roofColour": "#625d52"
      }
    },
    {
      "type": "Feature",
      "geometry": {
        "type": "MultiPolygon",
        "coordinates": [
          [
            [
              [
                4.855526,
                52.3869231
              ],
              [
                4.8555982,
                52.3868813
              ],
              [
                4.8556677,
                52.386926
              ],
              [
                4.8555953,
                52.3869678
              ],
              [
                4.855526,
                52.3869231
              ]
            ]
          ]
        ]
      },
      "properties": {
        "id": "w57867160",
        "tier": 4,
        "building": "yes",
        "osmId": "w57867160",
        "allotmentHouse": "garden-house-v1",
        "allotmentPark": "Tuinpark Nut & Genoegen",
        "heightSource": "approximate-allotment-prior",
        "height": 3.4,
        "minHeight": 0,
        "roofEavesHeightM": 2.4,
        "roofHeight": 1,
        "roofShape": "gabled",
        "colour": "#a18d6c",
        "sideColour": "#a18d6c",
        "roofColour": "#625d52"
      }
    },
    {
      "type": "Feature",
      "geometry": {
        "type": "MultiPolygon",
        "coordinates": [
          [
            [
              [
                4.8551699,
                52.3876061
              ],
              [
                4.8552422,
                52.3875643
              ],
              [
                4.8553115,
                52.3876093
              ],
              [
                4.8552393,
                52.3876511
              ],
              [
                4.8551699,
                52.3876061
              ]
            ]
          ]
        ]
      },
      "properties": {
        "id": "w57867173",
        "tier": 4,
        "building": "yes",
        "osmId": "w57867173",
        "allotmentHouse": "garden-house-v1",
        "allotmentPark": "Tuingroep Sloterdijkermeer",
        "heightSource": "approximate-allotment-prior",
        "height": 3.4,
        "minHeight": 0,
        "roofEavesHeightM": 2.4,
        "roofHeight": 1,
        "roofShape": "gabled",
        "colour": "#c5b798",
        "sideColour": "#c5b798",
        "roofColour": "#625d52"
      }
    },
    {
      "type": "Feature",
      "geometry": {
        "type": "MultiPolygon",
        "coordinates": [
          [
            [
              [
                4.8564413,
                52.3880405
              ],
              [
                4.8564915,
                52.3880034
              ],
              [
                4.8565775,
                52.3880468
              ],
              [
                4.8565273,
                52.3880839
              ],
              [
                4.8564413,
                52.3880405
              ]
            ]
          ]
        ]
      },
      "properties": {
        "id": "w57867175",
        "tier": 4,
        "building": "yes",
        "osmId": "w57867175",
        "allotmentHouse": "garden-house-v1",
        "allotmentPark": "Tuinpark Nut & Genoegen",
        "heightSource": "approximate-allotment-prior",
        "height": 3.4,
        "minHeight": 0,
        "roofEavesHeightM": 2.4,
        "roofHeight": 1,
        "roofShape": "gabled",
        "colour": "#a18d6c",
        "sideColour": "#a18d6c",
        "roofColour": "#625d52"
      }
    },
    {
      "type": "Feature",
      "geometry": {
        "type": "MultiPolygon",
        "coordinates": [
          [
            [
              [
                4.8561922,
                52.3880203
              ],
              [
                4.8562451,
                52.3879768
              ],
              [
                4.8563284,
                52.3880143
              ],
              [
                4.8562733,
                52.3880561
              ],
              [
                4.8561922,
                52.3880203
              ]
            ]
          ]
        ]
      },
      "properties": {
        "id": "w57867181",
        "tier": 4,
        "building": "yes",
        "osmId": "w57867181",
        "allotmentHouse": "garden-house-v1",
        "allotmentPark": "Tuinpark Nut & Genoegen",
        "heightSource": "approximate-allotment-prior",
        "height": 3.4,
        "minHeight": 0,
        "roofEavesHeightM": 2.4,
        "roofHeight": 1,
        "roofShape": "gabled",
        "colour": "#75866b",
        "sideColour": "#75866b",
        "roofColour": "#625d52"
      }
    },
    {
      "type": "Feature",
      "geometry": {
        "type": "MultiPolygon",
        "coordinates": [
          [
            [
              [
                4.8615462,
                52.3881442
              ],
              [
                4.8615662,
                52.3880848
              ],
              [
                4.8616652,
                52.388097
              ],
              [
                4.8616452,
                52.3881567
              ],
              [
                4.8615462,
                52.3881442
              ]
            ]
          ]
        ]
      },
      "properties": {
        "id": "w57867183",
        "tier": 4,
        "building": "yes",
        "osmId": "w57867183",
        "allotmentHouse": "garden-house-v1",
        "allotmentPark": "Tuinpark Nut & Genoegen",
        "heightSource": "approximate-allotment-prior",
        "height": 3.4,
        "minHeight": 0,
        "roofEavesHeightM": 2.4,
        "roofHeight": 1,
        "roofShape": "gabled",
        "colour": "#c5b798",
        "sideColour": "#c5b798",
        "roofColour": "#625d52"
      }
    },
    {
      "type": "Feature",
      "geometry": {
        "type": "MultiPolygon",
        "coordinates": [
          [
            [
              [
                4.8609803,
                52.386655
              ],
              [
                4.8610002,
                52.3865952
              ],
              [
                4.8610991,
                52.3866077
              ],
              [
                4.8610791,
                52.3866672
              ],
              [
                4.8609803,
                52.386655
              ]
            ]
          ]
        ]
      },
      "properties": {
        "id": "w57867208",
        "tier": 4,
        "building": "yes",
        "osmId": "w57867208",
        "allotmentHouse": "garden-house-v1",
        "allotmentPark": "Tuinpark Nut & Genoegen",
        "heightSource": "approximate-allotment-prior",
        "height": 3.4,
        "minHeight": 0,
        "roofEavesHeightM": 2.4,
        "roofHeight": 1,
        "roofShape": "gabled",
        "colour": "#c5b798",
        "sideColour": "#c5b798",
        "roofColour": "#625d52"
      }
    },
    {
      "type": "Feature",
      "geometry": {
        "type": "MultiPolygon",
        "coordinates": [
          [
            [
              [
                4.8537783,
                52.3884518
              ],
              [
                4.8538507,
                52.38841
              ],
              [
                4.85392,
                52.388455
              ],
              [
                4.8538478,
                52.3884968
              ],
              [
                4.8537783,
                52.3884518
              ]
            ]
          ]
        ]
      },
      "properties": {
        "id": "w57867221",
        "tier": 4,
        "building": "yes",
        "osmId": "w57867221",
        "allotmentHouse": "garden-house-v1",
        "allotmentPark": "Tuingroep Sloterdijkermeer",
        "heightSource": "approximate-allotment-prior",
        "height": 3.4,
        "minHeight": 0,
        "roofEavesHeightM": 2.4,
        "roofHeight": 1,
        "roofShape": "gabled",
        "colour": "#75866b",
        "sideColour": "#75866b",
        "roofColour": "#625d52"
      }
    },
    {
      "type": "Feature",
      "geometry": {
        "type": "MultiPolygon",
        "coordinates": [
          [
            [
              [
                4.8554665,
                52.3881682
              ],
              [
                4.8555387,
                52.3881264
              ],
              [
                4.8556081,
                52.3881714
              ],
              [
                4.8555358,
                52.3882132
              ],
              [
                4.8554665,
                52.3881682
              ]
            ]
          ]
        ]
      },
      "properties": {
        "id": "w57867226",
        "tier": 4,
        "building": "yes",
        "osmId": "w57867226",
        "allotmentHouse": "garden-house-v1",
        "allotmentPark": "Tuingroep Sloterdijkermeer",
        "heightSource": "approximate-allotment-prior",
        "height": 3.4,
        "minHeight": 0,
        "roofEavesHeightM": 2.4,
        "roofHeight": 1,
        "roofShape": "gabled",
        "colour": "#75866b",
        "sideColour": "#75866b",
        "roofColour": "#625d52"
      }
    },
    {
      "type": "Feature",
      "geometry": {
        "type": "MultiPolygon",
        "coordinates": [
          [
            [
              [
                4.8602582,
                52.3881783
              ],
              [
                4.8602782,
                52.3881188
              ],
              [
                4.8603771,
                52.388131
              ],
              [
                4.8603571,
                52.3881908
              ],
              [
                4.8602582,
                52.3881783
              ]
            ]
          ]
        ]
      },
      "properties": {
        "id": "w57867229",
        "tier": 4,
        "building": "yes",
        "osmId": "w57867229",
        "allotmentHouse": "garden-house-v1",
        "allotmentPark": "Tuinpark Nut & Genoegen",
        "heightSource": "approximate-allotment-prior",
        "height": 3.4,
        "minHeight": 0,
        "roofEavesHeightM": 2.4,
        "roofHeight": 1,
        "roofShape": "gabled",
        "colour": "#8b7664",
        "sideColour": "#8b7664",
        "roofColour": "#625d52"
      }
    },
    {
      "type": "Feature",
      "geometry": {
        "type": "MultiPolygon",
        "coordinates": [
          [
            [
              [
                4.8550498,
                52.3872709
              ],
              [
                4.8551221,
                52.3872291
              ],
              [
                4.8551915,
                52.3872741
              ],
              [
                4.8551192,
                52.3873159
              ],
              [
                4.8550498,
                52.3872709
              ]
            ]
          ]
        ]
      },
      "properties": {
        "id": "w57867239",
        "tier": 4,
        "building": "yes",
        "osmId": "w57867239",
        "allotmentHouse": "garden-house-v1",
        "allotmentPark": "Tuingroep Sloterdijkermeer",
        "heightSource": "approximate-allotment-prior",
        "height": 3.4,
        "minHeight": 0,
        "roofEavesHeightM": 2.4,
        "roofHeight": 1,
        "roofShape": "gabled",
        "colour": "#8b7664",
        "sideColour": "#8b7664",
        "roofColour": "#625d52"
      }
    },
    {
      "type": "Feature",
      "geometry": {
        "type": "MultiPolygon",
        "coordinates": [
          [
            [
              [
                4.8616646,
                52.386042
              ],
              [
                4.8616846,
                52.3859825
              ],
              [
                4.8617836,
                52.3859948
              ],
              [
                4.8617636,
                52.3860545
              ],
              [
                4.8616646,
                52.386042
              ]
            ]
          ]
        ]
      },
      "properties": {
        "id": "w57867242",
        "tier": 4,
        "building": "yes",
        "osmId": "w57867242",
        "allotmentHouse": "garden-house-v1",
        "allotmentPark": "Tuinpark Nut & Genoegen",
        "heightSource": "approximate-allotment-prior",
        "height": 3.4,
        "minHeight": 0,
        "roofEavesHeightM": 2.4,
        "roofHeight": 1,
        "roofShape": "gabled",
        "colour": "#99846f",
        "sideColour": "#99846f",
        "roofColour": "#625d52"
      }
    },
    {
      "type": "Feature",
      "geometry": {
        "type": "MultiPolygon",
        "coordinates": [
          [
            [
              [
                4.8607248,
                52.387429
              ],
              [
                4.8607448,
                52.3873695
              ],
              [
                4.8608437,
                52.3873817
              ],
              [
                4.8608238,
                52.3874415
              ],
              [
                4.8607248,
                52.387429
              ]
            ]
          ]
        ]
      },
      "properties": {
        "id": "w57867251",
        "tier": 4,
        "building": "yes",
        "osmId": "w57867251",
        "allotmentHouse": "garden-house-v1",
        "allotmentPark": "Tuinpark Nut & Genoegen",
        "heightSource": "approximate-allotment-prior",
        "height": 3.4,
        "minHeight": 0,
        "roofEavesHeightM": 2.4,
        "roofHeight": 1,
        "roofShape": "gabled",
        "colour": "#75866b",
        "sideColour": "#75866b",
        "roofColour": "#625d52"
      }
    },
    {
      "type": "Feature",
      "geometry": {
        "type": "MultiPolygon",
        "coordinates": [
          [
            [
              [
                4.8493866,
                52.3872614
              ],
              [
                4.8494588,
                52.3872196
              ],
              [
                4.8495283,
                52.3872643
              ],
              [
                4.8494559,
                52.3873061
              ],
              [
                4.8493866,
                52.3872614
              ]
            ]
          ]
        ]
      },
      "properties": {
        "id": "w57867257",
        "tier": 4,
        "building": "yes",
        "osmId": "w57867257",
        "allotmentHouse": "garden-house-v1",
        "allotmentPark": "Tuingroep Sloterdijkermeer",
        "heightSource": "approximate-allotment-prior",
        "height": 3.4,
        "minHeight": 0,
        "roofEavesHeightM": 2.4,
        "roofHeight": 1,
        "roofShape": "gabled",
        "colour": "#99846f",
        "sideColour": "#99846f",
        "roofColour": "#625d52"
      }
    },
    {
      "type": "Feature",
      "geometry": {
        "type": "MultiPolygon",
        "coordinates": [
          [
            [
              [
                4.8593683,
                52.3869839
              ],
              [
                4.8594357,
                52.386939
              ],
              [
                4.8595101,
                52.3869809
              ],
              [
                4.8594428,
                52.3870255
              ],
              [
                4.8593683,
                52.3869839
              ]
            ]
          ]
        ]
      },
      "properties": {
        "id": "w57867262",
        "tier": 4,
        "building": "yes",
        "osmId": "w57867262",
        "allotmentHouse": "garden-house-v1",
        "allotmentPark": "Tuinpark Nut & Genoegen",
        "heightSource": "approximate-allotment-prior",
        "height": 3.4,
        "minHeight": 0,
        "roofEavesHeightM": 2.4,
        "roofHeight": 1,
        "roofShape": "gabled",
        "colour": "#99846f",
        "sideColour": "#99846f",
        "roofColour": "#625d52"
      }
    },
    {
      "type": "Feature",
      "geometry": {
        "type": "MultiPolygon",
        "coordinates": [
          [
            [
              [
                4.85045,
                52.386778
              ],
              [
                4.8505222,
                52.3867362
              ],
              [
                4.8505917,
                52.3867812
              ],
              [
                4.8505195,
                52.386823
              ],
              [
                4.85045,
                52.386778
              ]
            ]
          ]
        ]
      },
      "properties": {
        "id": "w57867278",
        "tier": 4,
        "building": "yes",
        "osmId": "w57867278",
        "allotmentHouse": "garden-house-v1",
        "allotmentPark": "Tuingroep Sloterdijkermeer",
        "heightSource": "approximate-allotment-prior",
        "height": 3.4,
        "minHeight": 0,
        "roofEavesHeightM": 2.4,
        "roofHeight": 1,
        "roofShape": "gabled",
        "colour": "#c5b798",
        "sideColour": "#c5b798",
        "roofColour": "#625d52"
      }
    },
    {
      "type": "Feature",
      "geometry": {
        "type": "MultiPolygon",
        "coordinates": [
          [
            [
              [
                4.8604312,
                52.3864129
              ],
              [
                4.8604326,
                52.3863601
              ],
              [
                4.8605273,
                52.3863611
              ],
              [
                4.8605259,
                52.3864139
              ],
              [
                4.8604312,
                52.3864129
              ]
            ]
          ]
        ]
      },
      "properties": {
        "id": "w57867282",
        "tier": 4,
        "building": "yes",
        "osmId": "w57867282",
        "allotmentHouse": "garden-house-v1",
        "allotmentPark": "Tuinpark Nut & Genoegen",
        "heightSource": "approximate-allotment-prior",
        "height": 3.4,
        "minHeight": 0,
        "roofEavesHeightM": 2.4,
        "roofHeight": 1,
        "roofShape": "gabled",
        "colour": "#99846f",
        "sideColour": "#99846f",
        "roofColour": "#625d52"
      }
    },
    {
      "type": "Feature",
      "geometry": {
        "type": "MultiPolygon",
        "coordinates": [
          [
            [
              [
                4.8568644,
                52.388254
              ],
              [
                4.8569366,
                52.3882121
              ],
              [
                4.857006,
                52.3882568
              ],
              [
                4.8569337,
                52.3882989
              ],
              [
                4.8568644,
                52.388254
              ]
            ]
          ]
        ]
      },
      "properties": {
        "id": "w57867286",
        "tier": 4,
        "building": "yes",
        "osmId": "w57867286",
        "allotmentHouse": "garden-house-v1",
        "allotmentPark": "Tuinpark Nut & Genoegen",
        "heightSource": "approximate-allotment-prior",
        "height": 3.4,
        "minHeight": 0,
        "roofEavesHeightM": 2.4,
        "roofHeight": 1,
        "roofShape": "gabled",
        "colour": "#75866b",
        "sideColour": "#75866b",
        "roofColour": "#625d52"
      }
    },
    {
      "type": "Feature",
      "geometry": {
        "type": "MultiPolygon",
        "coordinates": [
          [
            [
              [
                4.8600736,
                52.3865579
              ],
              [
                4.8601411,
                52.3865131
              ],
              [
                4.8602156,
                52.3865549
              ],
              [
                4.8601481,
                52.3865997
              ],
              [
                4.8600736,
                52.3865579
              ]
            ]
          ]
        ]
      },
      "properties": {
        "id": "w57867289",
        "tier": 4,
        "building": "yes",
        "osmId": "w57867289",
        "allotmentHouse": "garden-house-v1",
        "allotmentPark": "Tuinpark Nut & Genoegen",
        "heightSource": "approximate-allotment-prior",
        "height": 3.4,
        "minHeight": 0,
        "roofEavesHeightM": 2.4,
        "roofHeight": 1,
        "roofShape": "gabled",
        "colour": "#8b7664",
        "sideColour": "#8b7664",
        "roofColour": "#625d52"
      }
    },
    {
      "type": "Feature",
      "geometry": {
        "type": "MultiPolygon",
        "coordinates": [
          [
            [
              [
                4.858155,
                52.3862419
              ],
              [
                4.8582272,
                52.3862001
              ],
              [
                4.8582967,
                52.386245
              ],
              [
                4.8582245,
                52.3862868
              ],
              [
                4.858155,
                52.3862419
              ]
            ]
          ]
        ]
      },
      "properties": {
        "id": "w57867292",
        "tier": 4,
        "building": "yes",
        "osmId": "w57867292",
        "allotmentHouse": "garden-house-v1",
        "allotmentPark": "Tuinpark Nut & Genoegen",
        "heightSource": "approximate-allotment-prior",
        "height": 3.4,
        "minHeight": 0,
        "roofEavesHeightM": 2.4,
        "roofHeight": 1,
        "roofShape": "gabled",
        "colour": "#99846f",
        "sideColour": "#99846f",
        "roofColour": "#625d52"
      }
    },
    {
      "type": "Feature",
      "geometry": {
        "type": "MultiPolygon",
        "coordinates": [
          [
            [
              [
                4.8537335,
                52.387322
              ],
              [
                4.8538057,
                52.3872802
              ],
              [
                4.8538751,
                52.3873252
              ],
              [
                4.8538028,
                52.387367
              ],
              [
                4.8537335,
                52.387322
              ]
            ]
          ]
        ]
      },
      "properties": {
        "id": "w57867295",
        "tier": 4,
        "building": "yes",
        "osmId": "w57867295",
        "allotmentHouse": "garden-house-v1",
        "allotmentPark": "Tuingroep Sloterdijkermeer",
        "heightSource": "approximate-allotment-prior",
        "height": 3.4,
        "minHeight": 0,
        "roofEavesHeightM": 2.4,
        "roofHeight": 1,
        "roofShape": "gabled",
        "colour": "#a18d6c",
        "sideColour": "#a18d6c",
        "roofColour": "#625d52"
      }
    },
    {
      "type": "Feature",
      "geometry": {
        "type": "MultiPolygon",
        "coordinates": [
          [
            [
              [
                4.8498474,
                52.3874673
              ],
              [
                4.8498501,
                52.3874055
              ],
              [
                4.8499496,
                52.3874072
              ],
              [
                4.8499468,
                52.387469
              ],
              [
                4.8498474,
                52.3874673
              ]
            ]
          ]
        ]
      },
      "properties": {
        "id": "w57867297",
        "tier": 4,
        "building": "yes",
        "osmId": "w57867297",
        "allotmentHouse": "garden-house-v1",
        "allotmentPark": "Tuingroep Sloterdijkermeer",
        "heightSource": "approximate-allotment-prior",
        "height": 3.4,
        "minHeight": 0,
        "roofEavesHeightM": 2.4,
        "roofHeight": 1,
        "roofShape": "gabled",
        "colour": "#99846f",
        "sideColour": "#99846f",
        "roofColour": "#625d52"
      }
    },
    {
      "type": "Feature",
      "geometry": {
        "type": "MultiPolygon",
        "coordinates": [
          [
            [
              [
                4.8572039,
                52.3868243
              ],
              [
                4.8572761,
                52.3867825
              ],
              [
                4.8573454,
                52.3868275
              ],
              [
                4.8572732,
                52.3868693
              ],
              [
                4.8572039,
                52.3868243
              ]
            ]
          ]
        ]
      },
      "properties": {
        "id": "w57867327",
        "tier": 4,
        "building": "yes",
        "osmId": "w57867327",
        "allotmentHouse": "garden-house-v1",
        "allotmentPark": "Tuinpark Nut & Genoegen",
        "heightSource": "approximate-allotment-prior",
        "height": 3.4,
        "minHeight": 0,
        "roofEavesHeightM": 2.4,
        "roofHeight": 1,
        "roofShape": "gabled",
        "colour": "#99846f",
        "sideColour": "#99846f",
        "roofColour": "#625d52"
      }
    },
    {
      "type": "Feature",
      "geometry": {
        "type": "MultiPolygon",
        "coordinates": [
          [
            [
              [
                4.8595391,
                52.3882674
              ],
              [
                4.8595867,
                52.3882139
              ],
              [
                4.8596754,
                52.3882435
              ],
              [
                4.8596278,
                52.388297
              ],
              [
                4.8595391,
                52.3882674
              ]
            ]
          ]
        ]
      },
      "properties": {
        "id": "w57867339",
        "tier": 4,
        "building": "yes",
        "osmId": "w57867339",
        "allotmentHouse": "garden-house-v1",
        "allotmentPark": "Tuinpark Nut & Genoegen",
        "heightSource": "approximate-allotment-prior",
        "height": 3.4,
        "minHeight": 0,
        "roofEavesHeightM": 2.4,
        "roofHeight": 1,
        "roofShape": "gabled",
        "colour": "#8b7664",
        "sideColour": "#8b7664",
        "roofColour": "#625d52"
      }
    },
    {
      "type": "Feature",
      "geometry": {
        "type": "MultiPolygon",
        "coordinates": [
          [
            [
              [
                4.8631281,
                52.3884038
              ],
              [
                4.8631481,
                52.3883444
              ],
              [
                4.863247,
                52.3883566
              ],
              [
                4.863227,
                52.3884163
              ],
              [
                4.8631281,
                52.3884038
              ]
            ]
          ]
        ]
      },
      "properties": {
        "id": "w57867341",
        "tier": 4,
        "building": "yes",
        "osmId": "w57867341",
        "allotmentHouse": "garden-house-v1",
        "allotmentPark": "Tuinpark Nut & Genoegen",
        "heightSource": "approximate-allotment-prior",
        "height": 3.4,
        "minHeight": 0,
        "roofEavesHeightM": 2.4,
        "roofHeight": 1,
        "roofShape": "gabled",
        "colour": "#75866b",
        "sideColour": "#75866b",
        "roofColour": "#625d52"
      }
    },
    {
      "type": "Feature",
      "geometry": {
        "type": "MultiPolygon",
        "coordinates": [
          [
            [
              [
                4.8593172,
                52.3883242
              ],
              [
                4.8593647,
                52.3882707
              ],
              [
                4.8594534,
                52.3883003
              ],
              [
                4.8594059,
                52.3883538
              ],
              [
                4.8593172,
                52.3883242
              ]
            ]
          ]
        ]
      },
      "properties": {
        "id": "w57867346",
        "tier": 4,
        "building": "yes",
        "osmId": "w57867346",
        "allotmentHouse": "garden-house-v1",
        "allotmentPark": "Tuinpark Nut & Genoegen",
        "heightSource": "approximate-allotment-prior",
        "height": 3.4,
        "minHeight": 0,
        "roofEavesHeightM": 2.4,
        "roofHeight": 1,
        "roofShape": "gabled",
        "colour": "#75866b",
        "sideColour": "#75866b",
        "roofColour": "#625d52"
      }
    },
    {
      "type": "Feature",
      "geometry": {
        "type": "MultiPolygon",
        "coordinates": [
          [
            [
              [
                4.857242,
                52.3866396
              ],
              [
                4.8573144,
                52.3865979
              ],
              [
                4.8573839,
                52.3866428
              ],
              [
                4.8573116,
                52.3866846
              ],
              [
                4.857242,
                52.3866396
              ]
            ]
          ]
        ]
      },
      "properties": {
        "id": "w57867348",
        "tier": 4,
        "building": "yes",
        "osmId": "w57867348",
        "allotmentHouse": "garden-house-v1",
        "allotmentPark": "Tuinpark Nut & Genoegen",
        "heightSource": "approximate-allotment-prior",
        "height": 3.4,
        "minHeight": 0,
        "roofEavesHeightM": 2.4,
        "roofHeight": 1,
        "roofShape": "gabled",
        "colour": "#c5b798",
        "sideColour": "#c5b798",
        "roofColour": "#625d52"
      }
    },
    {
      "type": "Feature",
      "geometry": {
        "type": "MultiPolygon",
        "coordinates": [
          [
            [
              [
                4.8537124,
                52.3866633
              ],
              [
                4.8537847,
                52.3866215
              ],
              [
                4.8538541,
                52.3866665
              ],
              [
                4.8537818,
                52.3867083
              ],
              [
                4.8537124,
                52.3866633
              ]
            ]
          ]
        ]
      },
      "properties": {
        "id": "w57867351",
        "tier": 4,
        "building": "yes",
        "osmId": "w57867351",
        "allotmentHouse": "garden-house-v1",
        "allotmentPark": "Tuingroep Sloterdijkermeer",
        "heightSource": "approximate-allotment-prior",
        "height": 3.4,
        "minHeight": 0,
        "roofEavesHeightM": 2.4,
        "roofHeight": 1,
        "roofShape": "gabled",
        "colour": "#75866b",
        "sideColour": "#75866b",
        "roofColour": "#625d52"
      }
    },
    {
      "type": "Feature",
      "geometry": {
        "type": "MultiPolygon",
        "coordinates": [
          [
            [
              [
                4.8611823,
                52.387599
              ],
              [
                4.8612023,
                52.3875392
              ],
              [
                4.8613013,
                52.3875518
              ],
              [
                4.8612813,
                52.3876115
              ],
              [
                4.8611823,
                52.387599
              ]
            ]
          ]
        ]
      },
      "properties": {
        "id": "w57867368",
        "tier": 4,
        "building": "yes",
        "osmId": "w57867368",
        "allotmentHouse": "garden-house-v1",
        "allotmentPark": "Tuinpark Nut & Genoegen",
        "heightSource": "approximate-allotment-prior",
        "height": 3.4,
        "minHeight": 0,
        "roofEavesHeightM": 2.4,
        "roofHeight": 1,
        "roofShape": "gabled",
        "colour": "#c5b798",
        "sideColour": "#c5b798",
        "roofColour": "#625d52"
      }
    },
    {
      "type": "Feature",
      "geometry": {
        "type": "MultiPolygon",
        "coordinates": [
          [
            [
              [
                4.8545767,
                52.3870406
              ],
              [
                4.8546489,
                52.3869988
              ],
              [
                4.8547184,
                52.3870437
              ],
              [
                4.8546462,
                52.3870855
              ],
              [
                4.8545767,
                52.3870406
              ]
            ]
          ]
        ]
      },
      "properties": {
        "id": "w57867387",
        "tier": 4,
        "building": "yes",
        "osmId": "w57867387",
        "allotmentHouse": "garden-house-v1",
        "allotmentPark": "Tuingroep Sloterdijkermeer",
        "heightSource": "approximate-allotment-prior",
        "height": 3.4,
        "minHeight": 0,
        "roofEavesHeightM": 2.4,
        "roofHeight": 1,
        "roofShape": "gabled",
        "colour": "#99846f",
        "sideColour": "#99846f",
        "roofColour": "#625d52"
      }
    },
    {
      "type": "Feature",
      "geometry": {
        "type": "MultiPolygon",
        "coordinates": [
          [
            [
              [
                4.8524381,
                52.3883362
              ],
              [
                4.8525103,
                52.3882941
              ],
              [
                4.8525798,
                52.3883391
              ],
              [
                4.8525074,
                52.3883809
              ],
              [
                4.8524381,
                52.3883362
              ]
            ]
          ]
        ]
      },
      "properties": {
        "id": "w57867390",
        "tier": 4,
        "building": "yes",
        "osmId": "w57867390",
        "allotmentHouse": "garden-house-v1",
        "allotmentPark": "Tuingroep Sloterdijkermeer",
        "heightSource": "approximate-allotment-prior",
        "height": 3.4,
        "minHeight": 0,
        "roofEavesHeightM": 2.4,
        "roofHeight": 1,
        "roofShape": "gabled",
        "colour": "#a18d6c",
        "sideColour": "#a18d6c",
        "roofColour": "#625d52"
      }
    },
    {
      "type": "Feature",
      "geometry": {
        "type": "MultiPolygon",
        "coordinates": [
          [
            [
              [
                4.855618,
                52.3861188
              ],
              [
                4.8556781,
                52.3860691
              ],
              [
                4.855758,
                52.3861054
              ],
              [
                4.8556977,
                52.3861551
              ],
              [
                4.855618,
                52.3861188
              ]
            ]
          ]
        ]
      },
      "properties": {
        "id": "w57867398",
        "tier": 4,
        "building": "yes",
        "osmId": "w57867398",
        "allotmentHouse": "garden-house-v1",
        "allotmentPark": "Tuingroep Sloterdijkermeer",
        "heightSource": "approximate-allotment-prior",
        "height": 3.4,
        "minHeight": 0,
        "roofEavesHeightM": 2.4,
        "roofHeight": 1,
        "roofShape": "gabled",
        "colour": "#c5b798",
        "sideColour": "#c5b798",
        "roofColour": "#625d52"
      }
    },
    {
      "type": "Feature",
      "geometry": {
        "type": "MultiPolygon",
        "coordinates": [
          [
            [
              [
                4.8505775,
                52.3883644
              ],
              [
                4.8506497,
                52.3883226
              ],
              [
                4.8507192,
                52.3883676
              ],
              [
                4.8506469,
                52.3884094
              ],
              [
                4.8505775,
                52.3883644
              ]
            ]
          ]
        ]
      },
      "properties": {
        "id": "w57867406",
        "tier": 4,
        "building": "yes",
        "osmId": "w57867406",
        "allotmentHouse": "garden-house-v1",
        "allotmentPark": "Tuingroep Sloterdijkermeer",
        "heightSource": "approximate-allotment-prior",
        "height": 3.4,
        "minHeight": 0,
        "roofEavesHeightM": 2.4,
        "roofHeight": 1,
        "roofShape": "gabled",
        "colour": "#75866b",
        "sideColour": "#75866b",
        "roofColour": "#625d52"
      }
    },
    {
      "type": "Feature",
      "geometry": {
        "type": "MultiPolygon",
        "coordinates": [
          [
            [
              [
                4.8543658,
                52.3879088
              ],
              [
                4.8544381,
                52.3878667
              ],
              [
                4.8545074,
                52.3879116
              ],
              [
                4.8544352,
                52.3879535
              ],
              [
                4.8543658,
                52.3879088
              ]
            ]
          ]
        ]
      },
      "properties": {
        "id": "w57867413",
        "tier": 4,
        "building": "yes",
        "osmId": "w57867413",
        "allotmentHouse": "garden-house-v1",
        "allotmentPark": "Tuingroep Sloterdijkermeer",
        "heightSource": "approximate-allotment-prior",
        "height": 3.4,
        "minHeight": 0,
        "roofEavesHeightM": 2.4,
        "roofHeight": 1,
        "roofShape": "gabled",
        "colour": "#c5b798",
        "sideColour": "#c5b798",
        "roofColour": "#625d52"
      }
    },
    {
      "type": "Feature",
      "geometry": {
        "type": "MultiPolygon",
        "coordinates": [
          [
            [
              [
                4.8586001,
                52.3862558
              ],
              [
                4.8586723,
                52.386214
              ],
              [
                4.8587417,
                52.3862589
              ],
              [
                4.8586695,
                52.3863007
              ],
              [
                4.8586001,
                52.3862558
              ]
            ]
          ]
        ]
      },
      "properties": {
        "id": "w57867421",
        "tier": 4,
        "building": "yes",
        "osmId": "w57867421",
        "allotmentHouse": "garden-house-v1",
        "allotmentPark": "Tuinpark Nut & Genoegen",
        "heightSource": "approximate-allotment-prior",
        "height": 3.4,
        "minHeight": 0,
        "roofEavesHeightM": 2.4,
        "roofHeight": 1,
        "roofShape": "gabled",
        "colour": "#75866b",
        "sideColour": "#75866b",
        "roofColour": "#625d52"
      }
    },
    {
      "type": "Feature",
      "geometry": {
        "type": "MultiPolygon",
        "coordinates": [
          [
            [
              [
                4.8554251,
                52.3874569
              ],
              [
                4.8554973,
                52.3874151
              ],
              [
                4.8555668,
                52.3874601
              ],
              [
                4.8554946,
                52.3875019
              ],
              [
                4.8554251,
                52.3874569
              ]
            ]
          ]
        ]
      },
      "properties": {
        "id": "w57867422",
        "tier": 4,
        "building": "yes",
        "osmId": "w57867422",
        "allotmentHouse": "garden-house-v1",
        "allotmentPark": "Tuingroep Sloterdijkermeer",
        "heightSource": "approximate-allotment-prior",
        "height": 3.4,
        "minHeight": 0,
        "roofEavesHeightM": 2.4,
        "roofHeight": 1,
        "roofShape": "gabled",
        "colour": "#99846f",
        "sideColour": "#99846f",
        "roofColour": "#625d52"
      }
    },
    {
      "type": "Feature",
      "geometry": {
        "type": "MultiPolygon",
        "coordinates": [
          [
            [
              [
                4.8489507,
                52.3875989
              ],
              [
                4.8490229,
                52.3875571
              ],
              [
                4.8490924,
                52.3876018
              ],
              [
                4.8490201,
                52.3876436
              ],
              [
                4.8489507,
                52.3875989
              ]
            ]
          ]
        ]
      },
      "properties": {
        "id": "w57867431",
        "tier": 4,
        "building": "yes",
        "osmId": "w57867431",
        "allotmentHouse": "garden-house-v1",
        "allotmentPark": "Tuingroep Sloterdijkermeer",
        "heightSource": "approximate-allotment-prior",
        "height": 3.4,
        "minHeight": 0,
        "roofEavesHeightM": 2.4,
        "roofHeight": 1,
        "roofShape": "gabled",
        "colour": "#75866b",
        "sideColour": "#75866b",
        "roofColour": "#625d52"
      }
    },
    {
      "type": "Feature",
      "geometry": {
        "type": "MultiPolygon",
        "coordinates": [
          [
            [
              [
                4.8590497,
                52.3870279
              ],
              [
                4.859117,
                52.3869829
              ],
              [
                4.8591913,
                52.3870248
              ],
              [
                4.859124,
                52.3870698
              ],
              [
                4.8590497,
                52.3870279
              ]
            ]
          ]
        ]
      },
      "properties": {
        "id": "w57867436",
        "tier": 4,
        "building": "yes",
        "osmId": "w57867436",
        "allotmentHouse": "garden-house-v1",
        "allotmentPark": "Tuinpark Nut & Genoegen",
        "heightSource": "approximate-allotment-prior",
        "height": 3.4,
        "minHeight": 0,
        "roofEavesHeightM": 2.4,
        "roofHeight": 1,
        "roofShape": "gabled",
        "colour": "#75866b",
        "sideColour": "#75866b",
        "roofColour": "#625d52"
      }
    },
    {
      "type": "Feature",
      "geometry": {
        "type": "MultiPolygon",
        "coordinates": [
          [
            [
              [
                4.8609955,
                52.3885106
              ],
              [
                4.8610155,
                52.3884512
              ],
              [
                4.8611144,
                52.3884634
              ],
              [
                4.8610944,
                52.3885231
              ],
              [
                4.8609955,
                52.3885106
              ]
            ]
          ]
        ]
      },
      "properties": {
        "id": "w57867449",
        "tier": 4,
        "building": "yes",
        "osmId": "w57867449",
        "allotmentHouse": "garden-house-v1",
        "allotmentPark": "Tuinpark Nut & Genoegen",
        "heightSource": "approximate-allotment-prior",
        "height": 3.4,
        "minHeight": 0,
        "roofEavesHeightM": 2.4,
        "roofHeight": 1,
        "roofShape": "gabled",
        "colour": "#8b7664",
        "sideColour": "#8b7664",
        "roofColour": "#625d52"
      }
    },
    {
      "type": "Feature",
      "geometry": {
        "type": "MultiPolygon",
        "coordinates": [
          [
            [
              [
                4.8604865,
                52.3866404
              ],
              [
                4.8605385,
                52.3865887
              ],
              [
                4.8606245,
                52.3866211
              ],
              [
                4.8605725,
                52.3866728
              ],
              [
                4.8604865,
                52.3866404
              ]
            ]
          ]
        ]
      },
      "properties": {
        "id": "w57867451",
        "tier": 4,
        "building": "yes",
        "osmId": "w57867451",
        "allotmentHouse": "garden-house-v1",
        "allotmentPark": "Tuinpark Nut & Genoegen",
        "heightSource": "approximate-allotment-prior",
        "height": 3.4,
        "minHeight": 0,
        "roofEavesHeightM": 2.4,
        "roofHeight": 1,
        "roofShape": "gabled",
        "colour": "#75866b",
        "sideColour": "#75866b",
        "roofColour": "#625d52"
      }
    },
    {
      "type": "Feature",
      "geometry": {
        "type": "MultiPolygon",
        "coordinates": [
          [
            [
              [
                4.847693,
                52.3875642
              ],
              [
                4.8477653,
                52.3875225
              ],
              [
                4.8478348,
                52.3875674
              ],
              [
                4.8477624,
                52.3876091
              ],
              [
                4.847693,
                52.3875642
              ]
            ]
          ]
        ]
      },
      "properties": {
        "id": "w57867464",
        "tier": 4,
        "building": "yes",
        "osmId": "w57867464",
        "allotmentHouse": "garden-house-v1",
        "allotmentPark": "Tuingroep Sloterdijkermeer",
        "heightSource": "approximate-allotment-prior",
        "height": 3.4,
        "minHeight": 0,
        "roofEavesHeightM": 2.4,
        "roofHeight": 1,
        "roofShape": "gabled",
        "colour": "#8b7664",
        "sideColour": "#8b7664",
        "roofColour": "#625d52"
      }
    },
    {
      "type": "Feature",
      "geometry": {
        "type": "MultiPolygon",
        "coordinates": [
          [
            [
              [
                4.8595042,
                52.3880567
              ],
              [
                4.8595518,
                52.3880032
              ],
              [
                4.8596405,
                52.3880328
              ],
              [
                4.8595929,
                52.3880863
              ],
              [
                4.8595042,
                52.3880567
              ]
            ]
          ]
        ]
      },
      "properties": {
        "id": "w57867470",
        "tier": 4,
        "building": "yes",
        "osmId": "w57867470",
        "allotmentHouse": "garden-house-v1",
        "allotmentPark": "Tuinpark Nut & Genoegen",
        "heightSource": "approximate-allotment-prior",
        "height": 3.4,
        "minHeight": 0,
        "roofEavesHeightM": 2.4,
        "roofHeight": 1,
        "roofShape": "gabled",
        "colour": "#a18d6c",
        "sideColour": "#a18d6c",
        "roofColour": "#625d52"
      }
    },
    {
      "type": "Feature",
      "geometry": {
        "type": "MultiPolygon",
        "coordinates": [
          [
            [
              [
                4.8577684,
                52.386029
              ],
              [
                4.8578407,
                52.3859872
              ],
              [
                4.8579103,
                52.3860321
              ],
              [
                4.857838,
                52.3860738
              ],
              [
                4.8577684,
                52.386029
              ]
            ]
          ]
        ]
      },
      "properties": {
        "id": "w57867477",
        "tier": 4,
        "building": "yes",
        "osmId": "w57867477",
        "allotmentHouse": "garden-house-v1",
        "allotmentPark": "Tuinpark Nut & Genoegen",
        "heightSource": "approximate-allotment-prior",
        "height": 3.4,
        "minHeight": 0,
        "roofEavesHeightM": 2.4,
        "roofHeight": 1,
        "roofShape": "gabled",
        "colour": "#99846f",
        "sideColour": "#99846f",
        "roofColour": "#625d52"
      }
    },
    {
      "type": "Feature",
      "geometry": {
        "type": "MultiPolygon",
        "coordinates": [
          [
            [
              [
                4.8635527,
                52.3885683
              ],
              [
                4.8635619,
                52.3885077
              ],
              [
                4.8636624,
                52.3885134
              ],
              [
                4.8636532,
                52.388574
              ],
              [
                4.8635527,
                52.3885683
              ]
            ]
          ]
        ]
      },
      "properties": {
        "id": "w57867500",
        "tier": 4,
        "building": "yes",
        "osmId": "w57867500",
        "allotmentHouse": "garden-house-v1",
        "allotmentPark": "Tuinpark Nut & Genoegen",
        "heightSource": "approximate-allotment-prior",
        "height": 3.4,
        "minHeight": 0,
        "roofEavesHeightM": 2.4,
        "roofHeight": 1,
        "roofShape": "gabled",
        "colour": "#a18d6c",
        "sideColour": "#a18d6c",
        "roofColour": "#625d52"
      }
    },
    {
      "type": "Feature",
      "geometry": {
        "type": "MultiPolygon",
        "coordinates": [
          [
            [
              [
                4.856666,
                52.3867028
              ],
              [
                4.8567382,
                52.386661
              ],
              [
                4.8568077,
                52.3867057
              ],
              [
                4.8567354,
                52.3867475
              ],
              [
                4.856666,
                52.3867028
              ]
            ]
          ]
        ]
      },
      "properties": {
        "id": "w57867502",
        "tier": 4,
        "building": "yes",
        "osmId": "w57867502",
        "allotmentHouse": "garden-house-v1",
        "allotmentPark": "Tuinpark Nut & Genoegen",
        "heightSource": "approximate-allotment-prior",
        "height": 3.4,
        "minHeight": 0,
        "roofEavesHeightM": 2.4,
        "roofHeight": 1,
        "roofShape": "gabled",
        "colour": "#99846f",
        "sideColour": "#99846f",
        "roofColour": "#625d52"
      }
    },
    {
      "type": "Feature",
      "geometry": {
        "type": "MultiPolygon",
        "coordinates": [
          [
            [
              [
                4.8588218,
                52.3866702
              ],
              [
                4.8588941,
                52.3866284
              ],
              [
                4.8589635,
                52.3866734
              ],
              [
                4.8588912,
                52.3867152
              ],
              [
                4.8588218,
                52.3866702
              ]
            ]
          ]
        ]
      },
      "properties": {
        "id": "w57867506",
        "tier": 4,
        "building": "yes",
        "osmId": "w57867506",
        "allotmentHouse": "garden-house-v1",
        "allotmentPark": "Tuinpark Nut & Genoegen",
        "heightSource": "approximate-allotment-prior",
        "height": 3.4,
        "minHeight": 0,
        "roofEavesHeightM": 2.4,
        "roofHeight": 1,
        "roofShape": "gabled",
        "colour": "#75866b",
        "sideColour": "#75866b",
        "roofColour": "#625d52"
      }
    },
    {
      "type": "Feature",
      "geometry": {
        "type": "MultiPolygon",
        "coordinates": [
          [
            [
              [
                4.8524461,
                52.3865562
              ],
              [
                4.8525184,
                52.3865144
              ],
              [
                4.8525878,
                52.3865594
              ],
              [
                4.8525155,
                52.3866012
              ],
              [
                4.8524461,
                52.3865562
              ]
            ]
          ]
        ]
      },
      "properties": {
        "id": "w57867515",
        "tier": 4,
        "building": "yes",
        "osmId": "w57867515",
        "allotmentHouse": "garden-house-v1",
        "allotmentPark": "Tuingroep Sloterdijkermeer",
        "heightSource": "approximate-allotment-prior",
        "height": 3.4,
        "minHeight": 0,
        "roofEavesHeightM": 2.4,
        "roofHeight": 1,
        "roofShape": "gabled",
        "colour": "#a18d6c",
        "sideColour": "#a18d6c",
        "roofColour": "#625d52"
      }
    },
    {
      "type": "Feature",
      "geometry": {
        "type": "MultiPolygon",
        "coordinates": [
          [
            [
              [
                4.8633299,
                52.3872202
              ],
              [
                4.8633498,
                52.3871608
              ],
              [
                4.8634487,
                52.387173
              ],
              [
                4.8634287,
                52.3872328
              ],
              [
                4.8633299,
                52.3872202
              ]
            ]
          ]
        ]
      },
      "properties": {
        "id": "w57867519",
        "tier": 4,
        "building": "yes",
        "osmId": "w57867519",
        "allotmentHouse": "garden-house-v1",
        "allotmentPark": "Tuinpark Nut & Genoegen",
        "heightSource": "approximate-allotment-prior",
        "height": 3.4,
        "minHeight": 0,
        "roofEavesHeightM": 2.4,
        "roofHeight": 1,
        "roofShape": "gabled",
        "colour": "#8b7664",
        "sideColour": "#8b7664",
        "roofColour": "#625d52"
      }
    },
    {
      "type": "Feature",
      "geometry": {
        "type": "MultiPolygon",
        "coordinates": [
          [
            [
              [
                4.8626048,
                52.3877574
              ],
              [
                4.8626248,
                52.3876977
              ],
              [
                4.8627238,
                52.3877102
              ],
              [
                4.8627038,
                52.3877699
              ],
              [
                4.8626048,
                52.3877574
              ]
            ]
          ]
        ]
      },
      "properties": {
        "id": "w57867531",
        "tier": 4,
        "building": "yes",
        "osmId": "w57867531",
        "allotmentHouse": "garden-house-v1",
        "allotmentPark": "Tuinpark Nut & Genoegen",
        "heightSource": "approximate-allotment-prior",
        "height": 3.4,
        "minHeight": 0,
        "roofEavesHeightM": 2.4,
        "roofHeight": 1,
        "roofShape": "gabled",
        "colour": "#75866b",
        "sideColour": "#75866b",
        "roofColour": "#625d52"
      }
    },
    {
      "type": "Feature",
      "geometry": {
        "type": "MultiPolygon",
        "coordinates": [
          [
            [
              [
                4.8509216,
                52.3881673
              ],
              [
                4.8509939,
                52.3881255
              ],
              [
                4.8510633,
                52.3881702
              ],
              [
                4.8509911,
                52.388212
              ],
              [
                4.8509216,
                52.3881673
              ]
            ]
          ]
        ]
      },
      "properties": {
        "id": "w57867534",
        "tier": 4,
        "building": "yes",
        "osmId": "w57867534",
        "allotmentHouse": "garden-house-v1",
        "allotmentPark": "Tuingroep Sloterdijkermeer",
        "heightSource": "approximate-allotment-prior",
        "height": 3.4,
        "minHeight": 0,
        "roofEavesHeightM": 2.4,
        "roofHeight": 1,
        "roofShape": "gabled",
        "colour": "#8b7664",
        "sideColour": "#8b7664",
        "roofColour": "#625d52"
      }
    },
    {
      "type": "Feature",
      "geometry": {
        "type": "MultiPolygon",
        "coordinates": [
          [
            [
              [
                4.8548355,
                52.3885128
              ],
              [
                4.8549077,
                52.388471
              ],
              [
                4.8549772,
                52.388516
              ],
              [
                4.8549048,
                52.3885578
              ],
              [
                4.8548355,
                52.3885128
              ]
            ]
          ]
        ]
      },
      "properties": {
        "id": "w57867536",
        "tier": 4,
        "building": "yes",
        "osmId": "w57867536",
        "allotmentHouse": "garden-house-v1",
        "allotmentPark": "Tuingroep Sloterdijkermeer",
        "heightSource": "approximate-allotment-prior",
        "height": 3.4,
        "minHeight": 0,
        "roofEavesHeightM": 2.4,
        "roofHeight": 1,
        "roofShape": "gabled",
        "colour": "#75866b",
        "sideColour": "#75866b",
        "roofColour": "#625d52"
      }
    },
    {
      "type": "Feature",
      "geometry": {
        "type": "MultiPolygon",
        "coordinates": [
          [
            [
              [
                4.8543627,
                52.3870012
              ],
              [
                4.854435,
                52.3869594
              ],
              [
                4.8545045,
                52.3870041
              ],
              [
                4.8544322,
                52.387046
              ],
              [
                4.8543627,
                52.3870012
              ]
            ]
          ]
        ]
      },
      "properties": {
        "id": "w57867545",
        "tier": 4,
        "building": "yes",
        "osmId": "w57867545",
        "allotmentHouse": "garden-house-v1",
        "allotmentPark": "Tuingroep Sloterdijkermeer",
        "heightSource": "approximate-allotment-prior",
        "height": 3.4,
        "minHeight": 0,
        "roofEavesHeightM": 2.4,
        "roofHeight": 1,
        "roofShape": "gabled",
        "colour": "#a18d6c",
        "sideColour": "#a18d6c",
        "roofColour": "#625d52"
      }
    },
    {
      "type": "Feature",
      "geometry": {
        "type": "MultiPolygon",
        "coordinates": [
          [
            [
              [
                4.8600505,
                52.3863723
              ],
              [
                4.8601238,
                52.3863332
              ],
              [
                4.8601939,
                52.386382
              ],
              [
                4.8601485,
                52.3864062
              ],
              [
                4.8601189,
                52.3863856
              ],
              [
                4.860091,
                52.3864005
              ],
              [
                4.8600505,
                52.3863723
              ]
            ]
          ]
        ]
      },
      "properties": {
        "id": "w57867559",
        "tier": 4,
        "building": "yes",
        "osmId": "w57867559",
        "allotmentHouse": "garden-house-v1",
        "allotmentPark": "Tuinpark Nut & Genoegen",
        "heightSource": "approximate-allotment-prior",
        "height": 3.4,
        "minHeight": 0,
        "roofEavesHeightM": 2.4,
        "roofHeight": 1,
        "roofShape": "gabled",
        "colour": "#8b7664",
        "sideColour": "#8b7664",
        "roofColour": "#625d52"
      }
    },
    {
      "type": "Feature",
      "geometry": {
        "type": "MultiPolygon",
        "coordinates": [
          [
            [
              [
                4.8500018,
                52.3870591
              ],
              [
                4.8500741,
                52.3870173
              ],
              [
                4.8501435,
                52.3870623
              ],
              [
                4.8500712,
                52.3871041
              ],
              [
                4.8500018,
                52.3870591
              ]
            ]
          ]
        ]
      },
      "properties": {
        "id": "w57867563",
        "tier": 4,
        "building": "yes",
        "osmId": "w57867563",
        "allotmentHouse": "garden-house-v1",
        "allotmentPark": "Tuingroep Sloterdijkermeer",
        "heightSource": "approximate-allotment-prior",
        "height": 3.4,
        "minHeight": 0,
        "roofEavesHeightM": 2.4,
        "roofHeight": 1,
        "roofShape": "gabled",
        "colour": "#c5b798",
        "sideColour": "#c5b798",
        "roofColour": "#625d52"
      }
    },
    {
      "type": "Feature",
      "geometry": {
        "type": "MultiPolygon",
        "coordinates": [
          [
            [
              [
                4.8595365,
                52.3859601
              ],
              [
                4.8595479,
                52.3858998
              ],
              [
                4.8596483,
                52.3859067
              ],
              [
                4.8596368,
                52.3859673
              ],
              [
                4.8595365,
                52.3859601
              ]
            ]
          ]
        ]
      },
      "properties": {
        "id": "w57867571",
        "tier": 4,
        "building": "yes",
        "osmId": "w57867571",
        "allotmentHouse": "garden-house-v1",
        "allotmentPark": "Tuinpark Nut & Genoegen",
        "heightSource": "approximate-allotment-prior",
        "height": 3.4,
        "minHeight": 0,
        "roofEavesHeightM": 2.4,
        "roofHeight": 1,
        "roofShape": "gabled",
        "colour": "#75866b",
        "sideColour": "#75866b",
        "roofColour": "#625d52"
      }
    },
    {
      "type": "Feature",
      "geometry": {
        "type": "MultiPolygon",
        "coordinates": [
          [
            [
              [
                4.8503397,
                52.3878201
              ],
              [
                4.850412,
                52.3877783
              ],
              [
                4.8504814,
                52.387823
              ],
              [
                4.8504092,
                52.3878648
              ],
              [
                4.8503397,
                52.3878201
              ]
            ]
          ]
        ]
      },
      "properties": {
        "id": "w57867582",
        "tier": 4,
        "building": "yes",
        "osmId": "w57867582",
        "allotmentHouse": "garden-house-v1",
        "allotmentPark": "Tuingroep Sloterdijkermeer",
        "heightSource": "approximate-allotment-prior",
        "height": 3.4,
        "minHeight": 0,
        "roofEavesHeightM": 2.4,
        "roofHeight": 1,
        "roofShape": "gabled",
        "colour": "#99846f",
        "sideColour": "#99846f",
        "roofColour": "#625d52"
      }
    },
    {
      "type": "Feature",
      "geometry": {
        "type": "MultiPolygon",
        "coordinates": [
          [
            [
              [
                4.8597022,
                52.386783
              ],
              [
                4.8597696,
                52.3867384
              ],
              [
                4.8598439,
                52.38678
              ],
              [
                4.8597766,
                52.3868249
              ],
              [
                4.8597022,
                52.386783
              ]
            ]
          ]
        ]
      },
      "properties": {
        "id": "w57867608",
        "tier": 4,
        "building": "yes",
        "osmId": "w57867608",
        "allotmentHouse": "garden-house-v1",
        "allotmentPark": "Tuinpark Nut & Genoegen",
        "heightSource": "approximate-allotment-prior",
        "height": 3.4,
        "minHeight": 0,
        "roofEavesHeightM": 2.4,
        "roofHeight": 1,
        "roofShape": "gabled",
        "colour": "#c5b798",
        "sideColour": "#c5b798",
        "roofColour": "#625d52"
      }
    },
    {
      "type": "Feature",
      "geometry": {
        "type": "MultiPolygon",
        "coordinates": [
          [
            [
              [
                4.8533545,
                52.3867279
              ],
              [
                4.8534267,
                52.3866861
              ],
              [
                4.8534962,
                52.3867307
              ],
              [
                4.8534238,
                52.3867725
              ],
              [
                4.8533545,
                52.3867279
              ]
            ]
          ]
        ]
      },
      "properties": {
        "id": "w57867624",
        "tier": 4,
        "building": "yes",
        "osmId": "w57867624",
        "allotmentHouse": "garden-house-v1",
        "allotmentPark": "Tuingroep Sloterdijkermeer",
        "heightSource": "approximate-allotment-prior",
        "height": 3.4,
        "minHeight": 0,
        "roofEavesHeightM": 2.4,
        "roofHeight": 1,
        "roofShape": "gabled",
        "colour": "#8b7664",
        "sideColour": "#8b7664",
        "roofColour": "#625d52"
      }
    },
    {
      "type": "Feature",
      "geometry": {
        "type": "MultiPolygon",
        "coordinates": [
          [
            [
              [
                4.8621777,
                52.3883998
              ],
              [
                4.8621977,
                52.3883404
              ],
              [
                4.8622965,
                52.3883526
              ],
              [
                4.8622766,
                52.3884123
              ],
              [
                4.8621777,
                52.3883998
              ]
            ]
          ]
        ]
      },
      "properties": {
        "id": "w57867637",
        "tier": 4,
        "building": "yes",
        "osmId": "w57867637",
        "allotmentHouse": "garden-house-v1",
        "allotmentPark": "Tuinpark Nut & Genoegen",
        "heightSource": "approximate-allotment-prior",
        "height": 3.4,
        "minHeight": 0,
        "roofEavesHeightM": 2.4,
        "roofHeight": 1,
        "roofShape": "gabled",
        "colour": "#99846f",
        "sideColour": "#99846f",
        "roofColour": "#625d52"
      }
    },
    {
      "type": "Feature",
      "geometry": {
        "type": "MultiPolygon",
        "coordinates": [
          [
            [
              [
                4.8519328,
                52.3870986
              ],
              [
                4.8520051,
                52.3870568
              ],
              [
                4.8520745,
                52.3871018
              ],
              [
                4.8520022,
                52.3871436
              ],
              [
                4.8519328,
                52.3870986
              ]
            ]
          ]
        ]
      },
      "properties": {
        "id": "w57867642",
        "tier": 4,
        "building": "yes",
        "osmId": "w57867642",
        "allotmentHouse": "garden-house-v1",
        "allotmentPark": "Tuingroep Sloterdijkermeer",
        "heightSource": "approximate-allotment-prior",
        "height": 3.4,
        "minHeight": 0,
        "roofEavesHeightM": 2.4,
        "roofHeight": 1,
        "roofShape": "gabled",
        "colour": "#99846f",
        "sideColour": "#99846f",
        "roofColour": "#625d52"
      }
    },
    {
      "type": "Feature",
      "geometry": {
        "type": "MultiPolygon",
        "coordinates": [
          [
            [
              [
                4.8599198,
                52.3858894
              ],
              [
                4.8599983,
                52.3858886
              ],
              [
                4.8599993,
                52.3859268
              ],
              [
                4.8600413,
                52.3859264
              ],
              [
                4.8600427,
                52.3859805
              ],
              [
                4.8599401,
                52.3859815
              ],
              [
                4.859939,
                52.3859374
              ],
              [
                4.859921,
                52.3859376
              ],
              [
                4.8599198,
                52.3858894
              ]
            ]
          ]
        ]
      },
      "properties": {
        "id": "w57867644",
        "tier": 4,
        "building": "yes",
        "osmId": "w57867644",
        "allotmentHouse": "garden-house-v1",
        "allotmentPark": "Tuinpark Nut & Genoegen",
        "heightSource": "approximate-allotment-prior",
        "height": 3.4,
        "minHeight": 0,
        "roofEavesHeightM": 2.4,
        "roofHeight": 1,
        "roofShape": "gabled",
        "colour": "#8b7664",
        "sideColour": "#8b7664",
        "roofColour": "#625d52"
      }
    },
    {
      "type": "Feature",
      "geometry": {
        "type": "MultiPolygon",
        "coordinates": [
          [
            [
              [
                4.8486058,
                52.3873957
              ],
              [
                4.8486781,
                52.3873536
              ],
              [
                4.8487475,
                52.3873986
              ],
              [
                4.8486753,
                52.3874404
              ],
              [
                4.8486058,
                52.3873957
              ]
            ]
          ]
        ]
      },
      "properties": {
        "id": "w57867648",
        "tier": 4,
        "building": "yes",
        "osmId": "w57867648",
        "allotmentHouse": "garden-house-v1",
        "allotmentPark": "Tuingroep Sloterdijkermeer",
        "heightSource": "approximate-allotment-prior",
        "height": 3.4,
        "minHeight": 0,
        "roofEavesHeightM": 2.4,
        "roofHeight": 1,
        "roofShape": "gabled",
        "colour": "#c5b798",
        "sideColour": "#c5b798",
        "roofColour": "#625d52"
      }
    },
    {
      "type": "Feature",
      "geometry": {
        "type": "MultiPolygon",
        "coordinates": [
          [
            [
              [
                4.8611045,
                52.3882353
              ],
              [
                4.8611245,
                52.3881759
              ],
              [
                4.8612234,
                52.3881881
              ],
              [
                4.8612034,
                52.3882478
              ],
              [
                4.8611045,
                52.3882353
              ]
            ]
          ]
        ]
      },
      "properties": {
        "id": "w57867660",
        "tier": 4,
        "building": "yes",
        "osmId": "w57867660",
        "allotmentHouse": "garden-house-v1",
        "allotmentPark": "Tuinpark Nut & Genoegen",
        "heightSource": "approximate-allotment-prior",
        "height": 3.4,
        "minHeight": 0,
        "roofEavesHeightM": 2.4,
        "roofHeight": 1,
        "roofShape": "gabled",
        "colour": "#a18d6c",
        "sideColour": "#a18d6c",
        "roofColour": "#625d52"
      }
    },
    {
      "type": "Feature",
      "geometry": {
        "type": "MultiPolygon",
        "coordinates": [
          [
            [
              [
                4.8581886,
                52.3867243
              ],
              [
                4.8582609,
                52.3866826
              ],
              [
                4.8583304,
                52.3867274
              ],
              [
                4.8582581,
                52.3867692
              ],
              [
                4.8581886,
                52.3867243
              ]
            ]
          ]
        ]
      },
      "properties": {
        "id": "w57867670",
        "tier": 4,
        "building": "yes",
        "osmId": "w57867670",
        "allotmentHouse": "garden-house-v1",
        "allotmentPark": "Tuinpark Nut & Genoegen",
        "heightSource": "approximate-allotment-prior",
        "height": 3.4,
        "minHeight": 0,
        "roofEavesHeightM": 2.4,
        "roofHeight": 1,
        "roofShape": "gabled",
        "colour": "#a18d6c",
        "sideColour": "#a18d6c",
        "roofColour": "#625d52"
      }
    },
    {
      "type": "Feature",
      "geometry": {
        "type": "MultiPolygon",
        "coordinates": [
          [
            [
              [
                4.8611962,
                52.3879829
              ],
              [
                4.8612162,
                52.3879232
              ],
              [
                4.8613152,
                52.3879357
              ],
              [
                4.8612952,
                52.3879952
              ],
              [
                4.8611962,
                52.3879829
              ]
            ]
          ]
        ]
      },
      "properties": {
        "id": "w57867680",
        "tier": 4,
        "building": "yes",
        "osmId": "w57867680",
        "allotmentHouse": "garden-house-v1",
        "allotmentPark": "Tuinpark Nut & Genoegen",
        "heightSource": "approximate-allotment-prior",
        "height": 3.4,
        "minHeight": 0,
        "roofEavesHeightM": 2.4,
        "roofHeight": 1,
        "roofShape": "gabled",
        "colour": "#a18d6c",
        "sideColour": "#a18d6c",
        "roofColour": "#625d52"
      }
    },
    {
      "type": "Feature",
      "geometry": {
        "type": "MultiPolygon",
        "coordinates": [
          [
            [
              [
                4.8554009,
                52.3883988
              ],
              [
                4.8554573,
                52.3883573
              ],
              [
                4.8555311,
                52.3883946
              ],
              [
                4.8554747,
                52.3884361
              ],
              [
                4.8554009,
                52.3883988
              ]
            ]
          ]
        ]
      },
      "properties": {
        "id": "w57867683",
        "tier": 4,
        "building": "yes",
        "osmId": "w57867683",
        "allotmentHouse": "garden-house-v1",
        "allotmentPark": "Tuinpark Nut & Genoegen",
        "heightSource": "approximate-allotment-prior",
        "height": 3.4,
        "minHeight": 0,
        "roofEavesHeightM": 2.4,
        "roofHeight": 1,
        "roofShape": "gabled",
        "colour": "#c5b798",
        "sideColour": "#c5b798",
        "roofColour": "#625d52"
      }
    },
    {
      "type": "Feature",
      "geometry": {
        "type": "MultiPolygon",
        "coordinates": [
          [
            [
              [
                4.860454,
                52.3861249
              ],
              [
                4.8604719,
                52.3860867
              ],
              [
                4.8605582,
                52.3861018
              ],
              [
                4.8605403,
                52.38614
              ],
              [
                4.860454,
                52.3861249
              ]
            ]
          ]
        ]
      },
      "properties": {
        "id": "w57867696",
        "tier": 4,
        "building": "yes",
        "osmId": "w57867696",
        "allotmentHouse": "garden-house-v1",
        "allotmentPark": "Tuinpark Nut & Genoegen",
        "heightSource": "approximate-allotment-prior",
        "height": 3.4,
        "minHeight": 0,
        "roofEavesHeightM": 2.4,
        "roofHeight": 1,
        "roofShape": "gabled",
        "colour": "#75866b",
        "sideColour": "#75866b",
        "roofColour": "#625d52"
      }
    },
    {
      "type": "Feature",
      "geometry": {
        "type": "MultiPolygon",
        "coordinates": [
          [
            [
              [
                4.8587085,
                52.3872431
              ],
              [
                4.8587759,
                52.3871984
              ],
              [
                4.8588502,
                52.3872403
              ],
              [
                4.8587829,
                52.387285
              ],
              [
                4.8587085,
                52.3872431
              ]
            ]
          ]
        ]
      },
      "properties": {
        "id": "w57867701",
        "tier": 4,
        "building": "yes",
        "osmId": "w57867701",
        "allotmentHouse": "garden-house-v1",
        "allotmentPark": "Tuinpark Nut & Genoegen",
        "heightSource": "approximate-allotment-prior",
        "height": 3.4,
        "minHeight": 0,
        "roofEavesHeightM": 2.4,
        "roofHeight": 1,
        "roofShape": "gabled",
        "colour": "#75866b",
        "sideColour": "#75866b",
        "roofColour": "#625d52"
      }
    },
    {
      "type": "Feature",
      "geometry": {
        "type": "MultiPolygon",
        "coordinates": [
          [
            [
              [
                4.8487075,
                52.3881075
              ],
              [
                4.8487798,
                52.3880657
              ],
              [
                4.8488492,
                52.3881107
              ],
              [
                4.8487769,
                52.3881525
              ],
              [
                4.8487075,
                52.3881075
              ]
            ]
          ]
        ]
      },
      "properties": {
        "id": "w57867706",
        "tier": 4,
        "building": "yes",
        "osmId": "w57867706",
        "allotmentHouse": "garden-house-v1",
        "allotmentPark": "Tuingroep Sloterdijkermeer",
        "heightSource": "approximate-allotment-prior",
        "height": 3.4,
        "minHeight": 0,
        "roofEavesHeightM": 2.4,
        "roofHeight": 1,
        "roofShape": "gabled",
        "colour": "#75866b",
        "sideColour": "#75866b",
        "roofColour": "#625d52"
      }
    },
    {
      "type": "Feature",
      "geometry": {
        "type": "MultiPolygon",
        "coordinates": [
          [
            [
              [
                4.862865,
                52.3869926
              ],
              [
                4.8628849,
                52.3869332
              ],
              [
                4.8629839,
                52.3869454
              ],
              [
                4.8629639,
                52.3870051
              ],
              [
                4.862865,
                52.3869926
              ]
            ]
          ]
        ]
      },
      "properties": {
        "id": "w57867713",
        "tier": 4,
        "building": "yes",
        "osmId": "w57867713",
        "allotmentHouse": "garden-house-v1",
        "allotmentPark": "Tuinpark Nut & Genoegen",
        "heightSource": "approximate-allotment-prior",
        "height": 3.4,
        "minHeight": 0,
        "roofEavesHeightM": 2.4,
        "roofHeight": 1,
        "roofShape": "gabled",
        "colour": "#c5b798",
        "sideColour": "#c5b798",
        "roofColour": "#625d52"
      }
    },
    {
      "type": "Feature",
      "geometry": {
        "type": "MultiPolygon",
        "coordinates": [
          [
            [
              [
                4.8631934,
                52.3881119
              ],
              [
                4.8632134,
                52.3880525
              ],
              [
                4.8633124,
                52.3880647
              ],
              [
                4.8632924,
                52.3881244
              ],
              [
                4.8631934,
                52.3881119
              ]
            ]
          ]
        ]
      },
      "properties": {
        "id": "w57867715",
        "tier": 4,
        "building": "yes",
        "osmId": "w57867715",
        "allotmentHouse": "garden-house-v1",
        "allotmentPark": "Tuinpark Nut & Genoegen",
        "heightSource": "approximate-allotment-prior",
        "height": 3.4,
        "minHeight": 0,
        "roofEavesHeightM": 2.4,
        "roofHeight": 1,
        "roofShape": "gabled",
        "colour": "#a18d6c",
        "sideColour": "#a18d6c",
        "roofColour": "#625d52"
      }
    },
    {
      "type": "Feature",
      "geometry": {
        "type": "MultiPolygon",
        "coordinates": [
          [
            [
              [
                4.8504294,
                52.3877009
              ],
              [
                4.8505019,
                52.3876592
              ],
              [
                4.8505714,
                52.3877042
              ],
              [
                4.850499,
                52.3877459
              ],
              [
                4.8504294,
                52.3877009
              ]
            ]
          ]
        ]
      },
      "properties": {
        "id": "w57867726",
        "tier": 4,
        "building": "yes",
        "osmId": "w57867726",
        "allotmentHouse": "garden-house-v1",
        "allotmentPark": "Tuingroep Sloterdijkermeer",
        "heightSource": "approximate-allotment-prior",
        "height": 3.4,
        "minHeight": 0,
        "roofEavesHeightM": 2.4,
        "roofHeight": 1,
        "roofShape": "gabled",
        "colour": "#75866b",
        "sideColour": "#75866b",
        "roofColour": "#625d52"
      }
    },
    {
      "type": "Feature",
      "geometry": {
        "type": "MultiPolygon",
        "coordinates": [
          [
            [
              [
                4.857839,
                52.3864328
              ],
              [
                4.8579113,
                52.3863911
              ],
              [
                4.8579808,
                52.3864359
              ],
              [
                4.8579085,
                52.3864777
              ],
              [
                4.857839,
                52.3864328
              ]
            ]
          ]
        ]
      },
      "properties": {
        "id": "w57867734",
        "tier": 4,
        "building": "yes",
        "osmId": "w57867734",
        "allotmentHouse": "garden-house-v1",
        "allotmentPark": "Tuinpark Nut & Genoegen",
        "heightSource": "approximate-allotment-prior",
        "height": 3.4,
        "minHeight": 0,
        "roofEavesHeightM": 2.4,
        "roofHeight": 1,
        "roofShape": "gabled",
        "colour": "#8b7664",
        "sideColour": "#8b7664",
        "roofColour": "#625d52"
      }
    },
    {
      "type": "Feature",
      "geometry": {
        "type": "MultiPolygon",
        "coordinates": [
          [
            [
              [
                4.857124,
                52.3880661
              ],
              [
                4.8571842,
                52.3880164
              ],
              [
                4.8572641,
                52.3880527
              ],
              [
                4.8572038,
                52.3881024
              ],
              [
                4.857124,
                52.3880661
              ]
            ]
          ]
        ]
      },
      "properties": {
        "id": "w57867736",
        "tier": 4,
        "building": "yes",
        "osmId": "w57867736",
        "allotmentHouse": "garden-house-v1",
        "allotmentPark": "Tuinpark Nut & Genoegen",
        "heightSource": "approximate-allotment-prior",
        "height": 3.4,
        "minHeight": 0,
        "roofEavesHeightM": 2.4,
        "roofHeight": 1,
        "roofShape": "gabled",
        "colour": "#75866b",
        "sideColour": "#75866b",
        "roofColour": "#625d52"
      }
    },
    {
      "type": "Feature",
      "geometry": {
        "type": "MultiPolygon",
        "coordinates": [
          [
            [
              [
                4.8543829,
                52.3862764
              ],
              [
                4.8544552,
                52.3862346
              ],
              [
                4.8545246,
                52.3862796
              ],
              [
                4.8544523,
                52.3863214
              ],
              [
                4.8543829,
                52.3862764
              ]
            ]
          ]
        ]
      },
      "properties": {
        "id": "w57867738",
        "tier": 4,
        "building": "yes",
        "osmId": "w57867738",
        "allotmentHouse": "garden-house-v1",
        "allotmentPark": "Tuingroep Sloterdijkermeer",
        "heightSource": "approximate-allotment-prior",
        "height": 3.4,
        "minHeight": 0,
        "roofEavesHeightM": 2.4,
        "roofHeight": 1,
        "roofShape": "gabled",
        "colour": "#c5b798",
        "sideColour": "#c5b798",
        "roofColour": "#625d52"
      }
    },
    {
      "type": "Feature",
      "geometry": {
        "type": "MultiPolygon",
        "coordinates": [
          [
            [
              [
                4.8541393,
                52.3880638
              ],
              [
                4.8542115,
                52.388022
              ],
              [
                4.854281,
                52.3880669
              ],
              [
                4.8542087,
                52.3881087
              ],
              [
                4.8541393,
                52.3880638
              ]
            ]
          ]
        ]
      },
      "properties": {
        "id": "w57867761",
        "tier": 4,
        "building": "yes",
        "osmId": "w57867761",
        "allotmentHouse": "garden-house-v1",
        "allotmentPark": "Tuingroep Sloterdijkermeer",
        "heightSource": "approximate-allotment-prior",
        "height": 3.4,
        "minHeight": 0,
        "roofEavesHeightM": 2.4,
        "roofHeight": 1,
        "roofShape": "gabled",
        "colour": "#75866b",
        "sideColour": "#75866b",
        "roofColour": "#625d52"
      }
    },
    {
      "type": "Feature",
      "geometry": {
        "type": "MultiPolygon",
        "coordinates": [
          [
            [
              [
                4.8575094,
                52.3873915
              ],
              [
                4.8575817,
                52.3873497
              ],
              [
                4.857651,
                52.3873947
              ],
              [
                4.8575788,
                52.3874365
              ],
              [
                4.8575094,
                52.3873915
              ]
            ]
          ]
        ]
      },
      "properties": {
        "id": "w57867766",
        "tier": 4,
        "building": "yes",
        "osmId": "w57867766",
        "allotmentHouse": "garden-house-v1",
        "allotmentPark": "Tuinpark Nut & Genoegen",
        "heightSource": "approximate-allotment-prior",
        "height": 3.4,
        "minHeight": 0,
        "roofEavesHeightM": 2.4,
        "roofHeight": 1,
        "roofShape": "gabled",
        "colour": "#75866b",
        "sideColour": "#75866b",
        "roofColour": "#625d52"
      }
    },
    {
      "type": "Feature",
      "geometry": {
        "type": "MultiPolygon",
        "coordinates": [
          [
            [
              [
                4.862723,
                52.3868235
              ],
              [
                4.862743,
                52.386764
              ],
              [
                4.862842,
                52.3867763
              ],
              [
                4.862822,
                52.386836
              ],
              [
                4.862723,
                52.3868235
              ]
            ]
          ]
        ]
      },
      "properties": {
        "id": "w57867778",
        "tier": 4,
        "building": "yes",
        "osmId": "w57867778",
        "allotmentHouse": "garden-house-v1",
        "allotmentPark": "Tuinpark Nut & Genoegen",
        "heightSource": "approximate-allotment-prior",
        "height": 3.4,
        "minHeight": 0,
        "roofEavesHeightM": 2.4,
        "roofHeight": 1,
        "roofShape": "gabled",
        "colour": "#c5b798",
        "sideColour": "#c5b798",
        "roofColour": "#625d52"
      }
    },
    {
      "type": "Feature",
      "geometry": {
        "type": "MultiPolygon",
        "coordinates": [
          [
            [
              [
                4.862366,
                52.38791
              ],
              [
                4.862386,
                52.3878505
              ],
              [
                4.862485,
                52.3878627
              ],
              [
                4.862465,
                52.3879225
              ],
              [
                4.862366,
                52.38791
              ]
            ]
          ]
        ]
      },
      "properties": {
        "id": "w57867781",
        "tier": 4,
        "building": "yes",
        "osmId": "w57867781",
        "allotmentHouse": "garden-house-v1",
        "allotmentPark": "Tuinpark Nut & Genoegen",
        "heightSource": "approximate-allotment-prior",
        "height": 3.4,
        "minHeight": 0,
        "roofEavesHeightM": 2.4,
        "roofHeight": 1,
        "roofShape": "gabled",
        "colour": "#75866b",
        "sideColour": "#75866b",
        "roofColour": "#625d52"
      }
    },
    {
      "type": "Feature",
      "geometry": {
        "type": "MultiPolygon",
        "coordinates": [
          [
            [
              [
                4.8632518,
                52.386316
              ],
              [
                4.8632718,
                52.3862563
              ],
              [
                4.8633708,
                52.3862688
              ],
              [
                4.8633508,
                52.3863285
              ],
              [
                4.8632518,
                52.386316
              ]
            ]
          ]
        ]
      },
      "properties": {
        "id": "w57867785",
        "tier": 4,
        "building": "yes",
        "osmId": "w57867785",
        "allotmentHouse": "garden-house-v1",
        "allotmentPark": "Tuinpark Nut & Genoegen",
        "heightSource": "approximate-allotment-prior",
        "height": 3.4,
        "minHeight": 0,
        "roofEavesHeightM": 2.4,
        "roofHeight": 1,
        "roofShape": "gabled",
        "colour": "#a18d6c",
        "sideColour": "#a18d6c",
        "roofColour": "#625d52"
      }
    },
    {
      "type": "Feature",
      "geometry": {
        "type": "MultiPolygon",
        "coordinates": [
          [
            [
              [
                4.8540108,
                52.3864867
              ],
              [
                4.8540831,
                52.3864449
              ],
              [
                4.8541525,
                52.3864899
              ],
              [
                4.8540802,
                52.3865317
              ],
              [
                4.8540108,
                52.3864867
              ]
            ]
          ]
        ]
      },
      "properties": {
        "id": "w57867794",
        "tier": 4,
        "building": "yes",
        "osmId": "w57867794",
        "allotmentHouse": "garden-house-v1",
        "allotmentPark": "Tuingroep Sloterdijkermeer",
        "heightSource": "approximate-allotment-prior",
        "height": 3.4,
        "minHeight": 0,
        "roofEavesHeightM": 2.4,
        "roofHeight": 1,
        "roofShape": "gabled",
        "colour": "#8b7664",
        "sideColour": "#8b7664",
        "roofColour": "#625d52"
      }
    },
    {
      "type": "Feature",
      "geometry": {
        "type": "MultiPolygon",
        "coordinates": [
          [
            [
              [
                4.8582145,
                52.3860222
              ],
              [
                4.8582868,
                52.3859801
              ],
              [
                4.8583562,
                52.3860251
              ],
              [
                4.8582839,
                52.3860669
              ],
              [
                4.8582145,
                52.3860222
              ]
            ]
          ]
        ]
      },
      "properties": {
        "id": "w57867796",
        "tier": 4,
        "building": "yes",
        "osmId": "w57867796",
        "allotmentHouse": "garden-house-v1",
        "allotmentPark": "Tuinpark Nut & Genoegen",
        "heightSource": "approximate-allotment-prior",
        "height": 3.4,
        "minHeight": 0,
        "roofEavesHeightM": 2.4,
        "roofHeight": 1,
        "roofShape": "gabled",
        "colour": "#75866b",
        "sideColour": "#75866b",
        "roofColour": "#625d52"
      }
    },
    {
      "type": "Feature",
      "geometry": {
        "type": "MultiPolygon",
        "coordinates": [
          [
            [
              [
                4.8533679,
                52.3868701
              ],
              [
                4.8534402,
                52.3868283
              ],
              [
                4.8535095,
                52.3868733
              ],
              [
                4.8534373,
                52.3869151
              ],
              [
                4.8533679,
                52.3868701
              ]
            ]
          ]
        ]
      },
      "properties": {
        "id": "w57867798",
        "tier": 4,
        "building": "yes",
        "osmId": "w57867798",
        "allotmentHouse": "garden-house-v1",
        "allotmentPark": "Tuingroep Sloterdijkermeer",
        "heightSource": "approximate-allotment-prior",
        "height": 3.4,
        "minHeight": 0,
        "roofEavesHeightM": 2.4,
        "roofHeight": 1,
        "roofShape": "gabled",
        "colour": "#c5b798",
        "sideColour": "#c5b798",
        "roofColour": "#625d52"
      }
    },
    {
      "type": "Feature",
      "geometry": {
        "type": "MultiPolygon",
        "coordinates": [
          [
            [
              [
                4.8498011,
                52.3881443
              ],
              [
                4.8498734,
                52.3881025
              ],
              [
                4.8499428,
                52.3881472
              ],
              [
                4.8498706,
                52.388189
              ],
              [
                4.8498011,
                52.3881443
              ]
            ]
          ]
        ]
      },
      "properties": {
        "id": "w57867818",
        "tier": 4,
        "building": "yes",
        "osmId": "w57867818",
        "allotmentHouse": "garden-house-v1",
        "allotmentPark": "Tuingroep Sloterdijkermeer",
        "heightSource": "approximate-allotment-prior",
        "height": 3.4,
        "minHeight": 0,
        "roofEavesHeightM": 2.4,
        "roofHeight": 1,
        "roofShape": "gabled",
        "colour": "#c5b798",
        "sideColour": "#c5b798",
        "roofColour": "#625d52"
      }
    },
    {
      "type": "Feature",
      "geometry": {
        "type": "MultiPolygon",
        "coordinates": [
          [
            [
              [
                4.8578693,
                52.3876231
              ],
              [
                4.8579416,
                52.3875814
              ],
              [
                4.8580112,
                52.3876263
              ],
              [
                4.8579388,
                52.387668
              ],
              [
                4.8578693,
                52.3876231
              ]
            ]
          ]
        ]
      },
      "properties": {
        "id": "w57867838",
        "tier": 4,
        "building": "yes",
        "osmId": "w57867838",
        "allotmentHouse": "garden-house-v1",
        "allotmentPark": "Tuinpark Nut & Genoegen",
        "heightSource": "approximate-allotment-prior",
        "height": 3.4,
        "minHeight": 0,
        "roofEavesHeightM": 2.4,
        "roofHeight": 1,
        "roofShape": "gabled",
        "colour": "#c5b798",
        "sideColour": "#c5b798",
        "roofColour": "#625d52"
      }
    },
    {
      "type": "Feature",
      "geometry": {
        "type": "MultiPolygon",
        "coordinates": [
          [
            [
              [
                4.8602137,
                52.3860831
              ],
              [
                4.8602337,
                52.3860236
              ],
              [
                4.8603326,
                52.3860359
              ],
              [
                4.8603126,
                52.3860956
              ],
              [
                4.8602137,
                52.3860831
              ]
            ]
          ]
        ]
      },
      "properties": {
        "id": "w57867841",
        "tier": 4,
        "building": "yes",
        "osmId": "w57867841",
        "allotmentHouse": "garden-house-v1",
        "allotmentPark": "Tuinpark Nut & Genoegen",
        "heightSource": "approximate-allotment-prior",
        "height": 3.4,
        "minHeight": 0,
        "roofEavesHeightM": 2.4,
        "roofHeight": 1,
        "roofShape": "gabled",
        "colour": "#75866b",
        "sideColour": "#75866b",
        "roofColour": "#625d52"
      }
    },
    {
      "type": "Feature",
      "geometry": {
        "type": "MultiPolygon",
        "coordinates": [
          [
            [
              [
                4.8638784,
                52.3882929
              ],
              [
                4.8638953,
                52.3882348
              ],
              [
                4.8639893,
                52.388245
              ],
              [
                4.8639724,
                52.388303
              ],
              [
                4.8638784,
                52.3882929
              ]
            ]
          ]
        ]
      },
      "properties": {
        "id": "w226135729",
        "tier": 4,
        "building": "yes",
        "osmId": "w226135729",
        "allotmentHouse": "garden-house-v1",
        "allotmentPark": "Tuinpark Nut & Genoegen",
        "heightSource": "approximate-allotment-prior",
        "height": 3.4,
        "minHeight": 0,
        "roofEavesHeightM": 2.4,
        "roofHeight": 1,
        "roofShape": "gabled",
        "colour": "#8b7664",
        "sideColour": "#8b7664",
        "roofColour": "#625d52"
      }
    },
    {
      "type": "Feature",
      "geometry": {
        "type": "MultiPolygon",
        "coordinates": [
          [
            [
              [
                4.8636951,
                52.388172
              ],
              [
                4.8637102,
                52.3881116
              ],
              [
                4.8638117,
                52.388121
              ],
              [
                4.8637965,
                52.3881814
              ],
              [
                4.8636951,
                52.388172
              ]
            ]
          ]
        ]
      },
      "properties": {
        "id": "w226135730",
        "tier": 4,
        "building": "yes",
        "osmId": "w226135730",
        "allotmentHouse": "garden-house-v1",
        "allotmentPark": "Tuinpark Nut & Genoegen",
        "heightSource": "approximate-allotment-prior",
        "height": 3.4,
        "minHeight": 0,
        "roofEavesHeightM": 2.4,
        "roofHeight": 1,
        "roofShape": "gabled",
        "colour": "#a18d6c",
        "sideColour": "#a18d6c",
        "roofColour": "#625d52"
      }
    },
    {
      "type": "Feature",
      "geometry": {
        "type": "MultiPolygon",
        "coordinates": [
          [
            [
              [
                4.863787,
                52.3885737
              ],
              [
                4.8638043,
                52.3885082
              ],
              [
                4.8639049,
                52.3885181
              ],
              [
                4.8638876,
                52.3885836
              ],
              [
                4.863787,
                52.3885737
              ]
            ]
          ]
        ]
      },
      "properties": {
        "id": "w226135731",
        "tier": 4,
        "building": "yes",
        "osmId": "w226135731",
        "allotmentHouse": "garden-house-v1",
        "allotmentPark": "Tuinpark Nut & Genoegen",
        "heightSource": "approximate-allotment-prior",
        "height": 3.4,
        "minHeight": 0,
        "roofEavesHeightM": 2.4,
        "roofHeight": 1,
        "roofShape": "gabled",
        "colour": "#75866b",
        "sideColour": "#75866b",
        "roofColour": "#625d52"
      }
    },
    {
      "type": "Feature",
      "geometry": {
        "type": "MultiPolygon",
        "coordinates": [
          [
            [
              [
                4.8638359,
                52.3884248
              ],
              [
                4.8638521,
                52.3883616
              ],
              [
                4.8639499,
                52.3883709
              ],
              [
                4.8639338,
                52.3884341
              ],
              [
                4.8638359,
                52.3884248
              ]
            ]
          ]
        ]
      },
      "properties": {
        "id": "w226135732",
        "tier": 4,
        "building": "yes",
        "osmId": "w226135732",
        "allotmentHouse": "garden-house-v1",
        "allotmentPark": "Tuinpark Nut & Genoegen",
        "heightSource": "approximate-allotment-prior",
        "height": 3.4,
        "minHeight": 0,
        "roofEavesHeightM": 2.4,
        "roofHeight": 1,
        "roofShape": "gabled",
        "colour": "#99846f",
        "sideColour": "#99846f",
        "roofColour": "#625d52"
      }
    },
    {
      "type": "Feature",
      "geometry": {
        "type": "MultiPolygon",
        "coordinates": [
          [
            [
              [
                4.8636411,
                52.3884362
              ],
              [
                4.8636528,
                52.3883796
              ],
              [
                4.8637196,
                52.3883847
              ],
              [
                4.8637079,
                52.3884414
              ],
              [
                4.8636411,
                52.3884362
              ]
            ]
          ]
        ]
      },
      "properties": {
        "id": "w226135733",
        "tier": 4,
        "building": "yes",
        "osmId": "w226135733",
        "allotmentHouse": "garden-house-v1",
        "allotmentPark": "Tuinpark Nut & Genoegen",
        "heightSource": "approximate-allotment-prior",
        "height": 3.4,
        "minHeight": 0,
        "roofEavesHeightM": 2.4,
        "roofHeight": 1,
        "roofShape": "gabled",
        "colour": "#c5b798",
        "sideColour": "#c5b798",
        "roofColour": "#625d52"
      }
    },
    {
      "type": "Feature",
      "geometry": {
        "type": "MultiPolygon",
        "coordinates": [
          [
            [
              [
                4.8642543,
                52.3884478
              ],
              [
                4.8642634,
                52.3883863
              ],
              [
                4.8643373,
                52.3883903
              ],
              [
                4.8643282,
                52.3884518
              ],
              [
                4.8642543,
                52.3884478
              ]
            ]
          ]
        ]
      },
      "properties": {
        "id": "w226135734",
        "tier": 4,
        "building": "yes",
        "osmId": "w226135734",
        "allotmentHouse": "garden-house-v1",
        "allotmentPark": "Tuinpark Nut & Genoegen",
        "heightSource": "approximate-allotment-prior",
        "height": 3.4,
        "minHeight": 0,
        "roofEavesHeightM": 2.4,
        "roofHeight": 1,
        "roofShape": "gabled",
        "colour": "#8b7664",
        "sideColour": "#8b7664",
        "roofColour": "#625d52"
      }
    },
    {
      "type": "Feature",
      "geometry": {
        "type": "MultiPolygon",
        "coordinates": [
          [
            [
              [
                4.8630581,
                52.3885476
              ],
              [
                4.8630769,
                52.3884821
              ],
              [
                4.8631868,
                52.3884969
              ],
              [
                4.863168,
                52.3885591
              ],
              [
                4.8630581,
                52.3885476
              ]
            ]
          ]
        ]
      },
      "properties": {
        "id": "w226135735",
        "tier": 4,
        "building": "yes",
        "osmId": "w226135735",
        "allotmentHouse": "garden-house-v1",
        "allotmentPark": "Tuinpark Nut & Genoegen",
        "heightSource": "approximate-allotment-prior",
        "height": 3.4,
        "minHeight": 0,
        "roofEavesHeightM": 2.4,
        "roofHeight": 1,
        "roofShape": "gabled",
        "colour": "#a18d6c",
        "sideColour": "#a18d6c",
        "roofColour": "#625d52"
      }
    },
    {
      "type": "Feature",
      "geometry": {
        "type": "MultiPolygon",
        "coordinates": [
          [
            [
              [
                4.8631761,
                52.3882726
              ],
              [
                4.8631903,
                52.3882052
              ],
              [
                4.8632741,
                52.3882118
              ],
              [
                4.8632599,
                52.3882792
              ],
              [
                4.8631761,
                52.3882726
              ]
            ]
          ]
        ]
      },
      "properties": {
        "id": "w226135736",
        "tier": 4,
        "building": "yes",
        "osmId": "w226135736",
        "allotmentHouse": "garden-house-v1",
        "allotmentPark": "Tuinpark Nut & Genoegen",
        "heightSource": "approximate-allotment-prior",
        "height": 3.4,
        "minHeight": 0,
        "roofEavesHeightM": 2.4,
        "roofHeight": 1,
        "roofShape": "gabled",
        "colour": "#75866b",
        "sideColour": "#75866b",
        "roofColour": "#625d52"
      }
    },
    {
      "type": "Feature",
      "geometry": {
        "type": "MultiPolygon",
        "coordinates": [
          [
            [
              [
                4.8628703,
                52.3884838
              ],
              [
                4.8628868,
                52.3884325
              ],
              [
                4.8629785,
                52.3884436
              ],
              [
                4.8629619,
                52.3884948
              ],
              [
                4.8628703,
                52.3884838
              ]
            ]
          ]
        ]
      },
      "properties": {
        "id": "w226135737",
        "tier": 4,
        "building": "yes",
        "osmId": "w226135737",
        "allotmentHouse": "garden-house-v1",
        "allotmentPark": "Tuinpark Nut & Genoegen",
        "heightSource": "approximate-allotment-prior",
        "height": 3.4,
        "minHeight": 0,
        "roofEavesHeightM": 2.4,
        "roofHeight": 1,
        "roofShape": "gabled",
        "colour": "#99846f",
        "sideColour": "#99846f",
        "roofColour": "#625d52"
      }
    },
    {
      "type": "Feature",
      "geometry": {
        "type": "MultiPolygon",
        "coordinates": [
          [
            [
              [
                4.8629743,
                52.3882025
              ],
              [
                4.8629888,
                52.3881567
              ],
              [
                4.8630802,
                52.3881676
              ],
              [
                4.8630656,
                52.3882133
              ],
              [
                4.8629743,
                52.3882025
              ]
            ]
          ]
        ]
      },
      "properties": {
        "id": "w226135738",
        "tier": 4,
        "building": "yes",
        "osmId": "w226135738",
        "allotmentHouse": "garden-house-v1",
        "allotmentPark": "Tuinpark Nut & Genoegen",
        "heightSource": "approximate-allotment-prior",
        "height": 3.4,
        "minHeight": 0,
        "roofEavesHeightM": 2.4,
        "roofHeight": 1,
        "roofShape": "gabled",
        "colour": "#c5b798",
        "sideColour": "#c5b798",
        "roofColour": "#625d52"
      }
    },
    {
      "type": "Feature",
      "geometry": {
        "type": "MultiPolygon",
        "coordinates": [
          [
            [
              [
                4.8624599,
                52.3881318
              ],
              [
                4.8624787,
                52.3880729
              ],
              [
                4.8625672,
                52.3880811
              ],
              [
                4.8625485,
                52.3881449
              ],
              [
                4.8624599,
                52.3881318
              ]
            ]
          ]
        ]
      },
      "properties": {
        "id": "w226135739",
        "tier": 4,
        "building": "yes",
        "osmId": "w226135739",
        "allotmentHouse": "garden-house-v1",
        "allotmentPark": "Tuinpark Nut & Genoegen",
        "heightSource": "approximate-allotment-prior",
        "height": 3.4,
        "minHeight": 0,
        "roofEavesHeightM": 2.4,
        "roofHeight": 1,
        "roofShape": "gabled",
        "colour": "#8b7664",
        "sideColour": "#8b7664",
        "roofColour": "#625d52"
      }
    },
    {
      "type": "Feature",
      "geometry": {
        "type": "MultiPolygon",
        "coordinates": [
          [
            [
              [
                4.8623567,
                52.38842
              ],
              [
                4.8623779,
                52.3883543
              ],
              [
                4.862453,
                52.3883633
              ],
              [
                4.8624318,
                52.388429
              ],
              [
                4.8623567,
                52.38842
              ]
            ]
          ]
        ]
      },
      "properties": {
        "id": "w226135740",
        "tier": 4,
        "building": "yes",
        "osmId": "w226135740",
        "allotmentHouse": "garden-house-v1",
        "allotmentPark": "Tuinpark Nut & Genoegen",
        "heightSource": "approximate-allotment-prior",
        "height": 3.4,
        "minHeight": 0,
        "roofEavesHeightM": 2.4,
        "roofHeight": 1,
        "roofShape": "gabled",
        "colour": "#a18d6c",
        "sideColour": "#a18d6c",
        "roofColour": "#625d52"
      }
    },
    {
      "type": "Feature",
      "geometry": {
        "type": "MultiPolygon",
        "coordinates": [
          [
            [
              [
                4.8625431,
                52.3878797
              ],
              [
                4.8625646,
                52.3878126
              ],
              [
                4.8626584,
                52.3878224
              ],
              [
                4.8626423,
                52.3878895
              ],
              [
                4.8625431,
                52.3878797
              ]
            ]
          ]
        ]
      },
      "properties": {
        "id": "w226135741",
        "tier": 4,
        "building": "yes",
        "osmId": "w226135741",
        "allotmentHouse": "garden-house-v1",
        "allotmentPark": "Tuinpark Nut & Genoegen",
        "heightSource": "approximate-allotment-prior",
        "height": 3.4,
        "minHeight": 0,
        "roofEavesHeightM": 2.4,
        "roofHeight": 1,
        "roofShape": "gabled",
        "colour": "#75866b",
        "sideColour": "#75866b",
        "roofColour": "#625d52"
      }
    },
    {
      "type": "Feature",
      "geometry": {
        "type": "MultiPolygon",
        "coordinates": [
          [
            [
              [
                4.8630876,
                52.3879583
              ],
              [
                4.8631054,
                52.3878899
              ],
              [
                4.8631771,
                52.3878968
              ],
              [
                4.8631594,
                52.3879652
              ],
              [
                4.8630876,
                52.3879583
              ]
            ]
          ]
        ]
      },
      "properties": {
        "id": "w226135742",
        "tier": 4,
        "building": "yes",
        "osmId": "w226135742",
        "allotmentHouse": "garden-house-v1",
        "allotmentPark": "Tuinpark Nut & Genoegen",
        "heightSource": "approximate-allotment-prior",
        "height": 3.4,
        "minHeight": 0,
        "roofEavesHeightM": 2.4,
        "roofHeight": 1,
        "roofShape": "gabled",
        "colour": "#99846f",
        "sideColour": "#99846f",
        "roofColour": "#625d52"
      }
    },
    {
      "type": "Feature",
      "geometry": {
        "type": "MultiPolygon",
        "coordinates": [
          [
            [
              [
                4.8623312,
                52.3880303
              ],
              [
                4.8623456,
                52.3879777
              ],
              [
                4.8624219,
                52.3879854
              ],
              [
                4.8624075,
                52.3880381
              ],
              [
                4.8623312,
                52.3880303
              ]
            ]
          ]
        ]
      },
      "properties": {
        "id": "w226135743",
        "tier": 4,
        "building": "yes",
        "osmId": "w226135743",
        "allotmentHouse": "garden-house-v1",
        "allotmentPark": "Tuinpark Nut & Genoegen",
        "heightSource": "approximate-allotment-prior",
        "height": 3.4,
        "minHeight": 0,
        "roofEavesHeightM": 2.4,
        "roofHeight": 1,
        "roofShape": "gabled",
        "colour": "#c5b798",
        "sideColour": "#c5b798",
        "roofColour": "#625d52"
      }
    },
    {
      "type": "Feature",
      "geometry": {
        "type": "MultiPolygon",
        "coordinates": [
          [
            [
              [
                4.8555185,
                52.3883007
              ],
              [
                4.8555751,
                52.3882633
              ],
              [
                4.8556436,
                52.3883018
              ],
              [
                4.855587,
                52.3883393
              ],
              [
                4.8555185,
                52.3883007
              ]
            ]
          ]
        ]
      },
      "properties": {
        "id": "w1068482618",
        "tier": 4,
        "building": "yes",
        "osmId": "w1068482618",
        "allotmentHouse": "garden-house-v1",
        "allotmentPark": "Tuinpark Nut & Genoegen",
        "heightSource": "approximate-allotment-prior",
        "height": 3.4,
        "minHeight": 0,
        "roofEavesHeightM": 2.4,
        "roofHeight": 1,
        "roofShape": "gabled",
        "colour": "#c5b798",
        "sideColour": "#c5b798",
        "roofColour": "#625d52"
      }
    },
    {
      "type": "Feature",
      "geometry": {
        "type": "MultiPolygon",
        "coordinates": [
          [
            [
              [
                4.8558023,
                52.388145
              ],
              [
                4.8558636,
                52.3881063
              ],
              [
                4.8559194,
                52.3881454
              ],
              [
                4.8558601,
                52.3881809
              ],
              [
                4.8558023,
                52.388145
              ]
            ]
          ]
        ]
      },
      "properties": {
        "id": "w1068482619",
        "tier": 4,
        "building": "yes",
        "osmId": "w1068482619",
        "allotmentHouse": "garden-house-v1",
        "allotmentPark": "Tuinpark Nut & Genoegen",
        "heightSource": "approximate-allotment-prior",
        "height": 3.4,
        "minHeight": 0,
        "roofEavesHeightM": 2.4,
        "roofHeight": 1,
        "roofShape": "gabled",
        "colour": "#8b7664",
        "sideColour": "#8b7664",
        "roofColour": "#625d52"
      }
    },
    {
      "type": "Feature",
      "geometry": {
        "type": "MultiPolygon",
        "coordinates": [
          [
            [
              [
                4.856276,
                52.3879521
              ],
              [
                4.8563235,
                52.387916
              ],
              [
                4.8564013,
                52.3879538
              ],
              [
                4.8563517,
                52.3879904
              ],
              [
                4.856276,
                52.3879521
              ]
            ]
          ]
        ]
      },
      "properties": {
        "id": "w1068482620",
        "tier": 4,
        "building": "yes",
        "osmId": "w1068482620",
        "allotmentHouse": "garden-house-v1",
        "allotmentPark": "Tuinpark Nut & Genoegen",
        "heightSource": "approximate-allotment-prior",
        "height": 3.4,
        "minHeight": 0,
        "roofEavesHeightM": 2.4,
        "roofHeight": 1,
        "roofShape": "gabled",
        "colour": "#a18d6c",
        "sideColour": "#a18d6c",
        "roofColour": "#625d52"
      }
    },
    {
      "type": "Feature",
      "geometry": {
        "type": "MultiPolygon",
        "coordinates": [
          [
            [
              [
                4.8567221,
                52.3881673
              ],
              [
                4.8567834,
                52.388129
              ],
              [
                4.8568501,
                52.3881706
              ],
              [
                4.8567916,
                52.3882076
              ],
              [
                4.8567221,
                52.3881673
              ]
            ]
          ]
        ]
      },
      "properties": {
        "id": "w1068482621",
        "tier": 4,
        "building": "yes",
        "osmId": "w1068482621",
        "allotmentHouse": "garden-house-v1",
        "allotmentPark": "Tuinpark Nut & Genoegen",
        "heightSource": "approximate-allotment-prior",
        "height": 3.4,
        "minHeight": 0,
        "roofEavesHeightM": 2.4,
        "roofHeight": 1,
        "roofShape": "gabled",
        "colour": "#75866b",
        "sideColour": "#75866b",
        "roofColour": "#625d52"
      }
    },
    {
      "type": "Feature",
      "geometry": {
        "type": "MultiPolygon",
        "coordinates": [
          [
            [
              [
                4.8567799,
                52.3883408
              ],
              [
                4.8568529,
                52.3882996
              ],
              [
                4.8569107,
                52.3883332
              ],
              [
                4.8568391,
                52.3883736
              ],
              [
                4.8567799,
                52.3883408
              ]
            ]
          ]
        ]
      },
      "properties": {
        "id": "w1068482622",
        "tier": 4,
        "building": "yes",
        "osmId": "w1068482622",
        "allotmentHouse": "garden-house-v1",
        "allotmentPark": "Tuinpark Nut & Genoegen",
        "heightSource": "approximate-allotment-prior",
        "height": 3.4,
        "minHeight": 0,
        "roofEavesHeightM": 2.4,
        "roofHeight": 1,
        "roofShape": "gabled",
        "colour": "#99846f",
        "sideColour": "#99846f",
        "roofColour": "#625d52"
      }
    },
    {
      "type": "Feature",
      "geometry": {
        "type": "MultiPolygon",
        "coordinates": [
          [
            [
              [
                4.8602853,
                52.3859712
              ],
              [
                4.8602931,
                52.3859076
              ],
              [
                4.8603696,
                52.3859111
              ],
              [
                4.8603618,
                52.3859747
              ],
              [
                4.8602853,
                52.3859712
              ]
            ]
          ]
        ]
      },
      "properties": {
        "id": "w1068482623",
        "tier": 4,
        "building": "yes",
        "osmId": "w1068482623",
        "allotmentHouse": "garden-house-v1",
        "allotmentPark": "Tuinpark Nut & Genoegen",
        "heightSource": "approximate-allotment-prior",
        "height": 3.4,
        "minHeight": 0,
        "roofEavesHeightM": 2.4,
        "roofHeight": 1,
        "roofShape": "gabled",
        "colour": "#c5b798",
        "sideColour": "#c5b798",
        "roofColour": "#625d52"
      }
    },
    {
      "type": "Feature",
      "geometry": {
        "type": "MultiPolygon",
        "coordinates": [
          [
            [
              [
                4.8599235,
                52.3862845
              ],
              [
                4.8599716,
                52.3862558
              ],
              [
                4.8600576,
                52.386301
              ],
              [
                4.8600096,
                52.3863329
              ],
              [
                4.8599235,
                52.3862845
              ]
            ]
          ]
        ]
      },
      "properties": {
        "id": "w1068482624",
        "tier": 4,
        "building": "yes",
        "osmId": "w1068482624",
        "allotmentHouse": "garden-house-v1",
        "allotmentPark": "Tuinpark Nut & Genoegen",
        "heightSource": "approximate-allotment-prior",
        "height": 3.4,
        "minHeight": 0,
        "roofEavesHeightM": 2.4,
        "roofHeight": 1,
        "roofShape": "gabled",
        "colour": "#8b7664",
        "sideColour": "#8b7664",
        "roofColour": "#625d52"
      }
    },
    {
      "type": "Feature",
      "geometry": {
        "type": "MultiPolygon",
        "coordinates": [
          [
            [
              [
                4.8595052,
                52.3862546
              ],
              [
                4.8595291,
                52.3861971
              ],
              [
                4.8596105,
                52.3862097
              ],
              [
                4.8595866,
                52.3862672
              ],
              [
                4.8595052,
                52.3862546
              ]
            ]
          ]
        ]
      },
      "properties": {
        "id": "w1068482625",
        "tier": 4,
        "building": "yes",
        "osmId": "w1068482625",
        "allotmentHouse": "garden-house-v1",
        "allotmentPark": "Tuinpark Nut & Genoegen",
        "heightSource": "approximate-allotment-prior",
        "height": 3.4,
        "minHeight": 0,
        "roofEavesHeightM": 2.4,
        "roofHeight": 1,
        "roofShape": "gabled",
        "colour": "#a18d6c",
        "sideColour": "#a18d6c",
        "roofColour": "#625d52"
      }
    },
    {
      "type": "Feature",
      "geometry": {
        "type": "MultiPolygon",
        "coordinates": [
          [
            [
              [
                4.859618,
                52.3861517
              ],
              [
                4.8596367,
                52.3860984
              ],
              [
                4.8597302,
                52.3861106
              ],
              [
                4.8597155,
                52.3861524
              ],
              [
                4.8596671,
                52.386146
              ],
              [
                4.8596631,
                52.3861576
              ],
              [
                4.859618,
                52.3861517
              ]
            ]
          ]
        ]
      },
      "properties": {
        "id": "w1068482626",
        "tier": 4,
        "building": "yes",
        "osmId": "w1068482626",
        "allotmentHouse": "garden-house-v1",
        "allotmentPark": "Tuinpark Nut & Genoegen",
        "heightSource": "approximate-allotment-prior",
        "height": 3.4,
        "minHeight": 0,
        "roofEavesHeightM": 2.4,
        "roofHeight": 1,
        "roofShape": "gabled",
        "colour": "#75866b",
        "sideColour": "#75866b",
        "roofColour": "#625d52"
      }
    },
    {
      "type": "Feature",
      "geometry": {
        "type": "MultiPolygon",
        "coordinates": [
          [
            [
              [
                4.8526702,
                52.3881952
              ],
              [
                4.8527209,
                52.3881618
              ],
              [
                4.8527903,
                52.388201
              ],
              [
                4.8527396,
                52.3882344
              ],
              [
                4.8526702,
                52.3881952
              ]
            ]
          ]
        ]
      },
      "properties": {
        "id": "w1172766345",
        "tier": 4,
        "building": "yes",
        "osmId": "w1172766345",
        "allotmentHouse": "garden-house-v1",
        "allotmentPark": "Tuingroep Sloterdijkermeer",
        "heightSource": "approximate-allotment-prior",
        "height": 3.4,
        "minHeight": 0,
        "roofEavesHeightM": 2.4,
        "roofHeight": 1,
        "roofShape": "gabled",
        "colour": "#a18d6c",
        "sideColour": "#a18d6c",
        "roofColour": "#625d52"
      }
    },
    {
      "type": "Feature",
      "geometry": {
        "type": "MultiPolygon",
        "coordinates": [
          [
            [
              [
                4.8573503,
                52.3884605
              ],
              [
                4.8573546,
                52.3883995
              ],
              [
                4.857427,
                52.3884014
              ],
              [
                4.8574227,
                52.3884624
              ],
              [
                4.8573503,
                52.3884605
              ]
            ]
          ]
        ]
      },
      "properties": {
        "id": "w1215276382",
        "tier": 4,
        "building": "yes",
        "osmId": "w1215276382",
        "allotmentHouse": "garden-house-v1",
        "allotmentPark": "Tuinpark Nut & Genoegen",
        "heightSource": "approximate-allotment-prior",
        "height": 3.4,
        "minHeight": 0,
        "roofEavesHeightM": 2.4,
        "roofHeight": 1,
        "roofShape": "gabled",
        "colour": "#99846f",
        "sideColour": "#99846f",
        "roofColour": "#625d52"
      }
    }
  ]
}
