{"type":"FeatureCollection","features":[{"type":"Feature","geometry":{"type":"Polygon","coordinates":[[[4.860136605700977,52.354372592991965],[4.860126165782051,52.35430368227223],[4.860115894438004,52.354300913243165],[4.860114957039784,52.35429209207433],[4.86012510930315,52.354291292431704],[4.860125962051107,52.35429735398055],[4.860249396849322,52.35428710925031],[4.860252997995422,52.35428916550385],[4.860266534518068,52.354296326096666],[4.860175444319367,52.35436521620431],[4.86015961140682,52.35435737129428],[4.860136605700977,52.354372592991965]]]},"properties":{"buildingId":"bag:0363100012148720","surfaceId":"NL.IMBAG.Pand.0363100012148720-0:lod22:roof:53","status":"rejected","reason":"cross-source-colour-disagreement","pointColour":"#3d485e","orthophotoColour":"#505967","rgbDistance":27.04,"sampleCount":414,"coverage":0.224,"dispersion":10.56,"planeOffsetMetres":0.1,"roofHeight":10.8,"reviewStatus":"machine-proposal","acceptedForNow":false}},{"type":"Feature","geometry":{"type":"Polygon","coordinates":[[[4.8600419372485835,52.35429783363841],[4.859994894261061,52.354301434931564],[4.859982933078348,52.354298820144166],[4.860103039214021,52.35420796747641],[4.860103710647888,52.35421075667268],[4.860114957039784,52.35429209207433],[4.8600419372485835,52.35429783363841]]]},"properties":{"buildingId":"bag:0363100012148720","surfaceId":"NL.IMBAG.Pand.0363100012148720-0:lod22:roof:54","status":"proposed","reason":null,"pointColour":"#6a6573","orthophotoColour":"#62616f","rgbDistance":9.8,"sampleCount":715,"coverage":0.376,"dispersion":39.32,"planeOffsetMetres":0.15,"roofHeight":9.49,"reviewStatus":"machine-proposal","acceptedForNow":false}},{"type":"Feature","geometry":{"type":"Polygon","coordinates":[[[4.860023351455869,52.35432403108064],[4.860033919499793,52.354327772117465],[4.860025096322864,52.35433036623632],[4.859993270622415,52.35431454983276],[4.859994340024674,52.354306079136094],[4.859982310959886,52.3542992937246],[4.859982933078348,52.354298820144166],[4.859994894261061,52.354301434931564],[4.8600419372485835,52.35429783363841],[4.860114957039784,52.35429209207433],[4.860115894438004,52.354300913243165],[4.860126165782051,52.35430368227223],[4.860136605700977,52.354372592991965],[4.860131679194879,52.35437584260072],[4.860116194493461,52.35436834077033],[4.860105050965503,52.35437103241593],[4.8600802405282275,52.35435900415951],[4.860080859124459,52.35435388388991],[4.860099132563406,52.35435398323974],[4.860114308695586,52.35434420921971],[4.860051450091105,52.354313793330824],[4.860034921121304,52.35431017854002],[4.860023351455869,52.35432403108064]]]},"properties":{"buildingId":"bag:0363100012148720","surfaceId":"NL.IMBAG.Pand.0363100012148720-0:lod22:roof:55","status":"proposed","reason":null,"pointColour":"#2f3f58","orthophotoColour":"#2f405b","rgbDistance":3.16,"sampleCount":332,"coverage":0.249,"dispersion":5.68,"planeOffsetMetres":0.1,"roofHeight":9.07,"reviewStatus":"machine-proposal","acceptedForNow":false}},{"type":"Feature","geometry":{"type":"Polygon","coordinates":[[[4.860035495556881,52.35432731177297],[4.860033919499793,52.354327772117465],[4.860023351455869,52.35432403108064],[4.860034921121304,52.35431017854002],[4.860051450091105,52.354313793330824],[4.860114308695586,52.35434420921971],[4.860099132563406,52.35435398323974],[4.860080859124459,52.35435388388991],[4.860081363448404,52.3543497337897],[4.860035495556881,52.35432731177297]]]},"properties":{"buildingId":"bag:0363100012148720","surfaceId":"NL.IMBAG.Pand.0363100012148720-0:lod22:roof:56","status":"rejected","reason":"mixed-colours","pointColour":null,"orthophotoColour":"#3e4e64","rgbDistance":null,"sampleCount":245,"coverage":0.408,"dispersion":111.88,"planeOffsetMetres":0.2,"roofHeight":9.65,"reviewStatus":"machine-proposal","acceptedForNow":false}},{"type":"Feature","geometry":{"type":"Polygon","coordinates":[[[4.860170051653618,52.35422602568526],[4.860169855295026,52.35422649217465],[4.860150055197042,52.35420663093641],[4.86017676063388,52.35421976412316],[4.860169103160171,52.35422555409849],[4.860170051653618,52.35422602568526]]]},"properties":{"buildingId":"bag:0363100012148720","surfaceId":"NL.IMBAG.Pand.0363100012148720-0:lod22:roof:57","status":"rejected","reason":"too-few-points","pointColour":null,"orthophotoColour":null,"rgbDistance":null,"sampleCount":21,"coverage":0,"dispersion":null,"planeOffsetMetres":0.15,"roofHeight":3.63,"reviewStatus":"machine-proposal","acceptedForNow":false}},{"type":"Feature","geometry":{"type":"Polygon","coordinates":[[[4.860066904641949,52.354241034319166],[4.8600859725458845,52.354250861967984],[4.860040465708901,52.35428702379467],[4.860025229884405,52.35427587402903],[4.860066904641949,52.354241034319166]]]},"properties":{"buildingId":"bag:0363100012148720","surfaceId":"NL.IMBAG.Pand.0363100012148720-0:lod22:roof:58","status":"rejected","reason":"cross-source-colour-disagreement","pointColour":"#96989b","orthophotoColour":"#6f6773","rgbDistance":74.31,"sampleCount":161,"coverage":0.374,"dispersion":73.52,"planeOffsetMetres":0.3,"roofHeight":9.75,"reviewStatus":"machine-proposal","acceptedForNow":false}},{"type":"Feature","geometry":{"type":"Polygon","coordinates":[[[4.860193657660442,52.35425295027059],[4.860258597460698,52.35428486731772],[4.860252997995422,52.35428916550385],[4.860249396849322,52.35428710925031],[4.860125962051107,52.35429735398055],[4.86012510930315,52.354291292431704],[4.860114957039784,52.35429209207433],[4.860103710647888,52.35421075667268],[4.860103039214021,52.35420796747641],[4.860104045562786,52.35420851122349],[4.860116801178216,52.35419984989463],[4.860126636870194,52.35420469315696],[4.860134294452561,52.35419889419703],[4.860150055197042,52.35420663093641],[4.860169855295026,52.35422649217465],[4.860205936381069,52.35424365766561],[4.860193657660442,52.35425295027059]]]},"properties":{"buildingId":"bag:0363100012148720","surfaceId":"NL.IMBAG.Pand.0363100012148720-0:lod22:roof:59","status":"proposed","reason":null,"pointColour":"#90868c","orthophotoColour":"#8a8388","rgbDistance":7.81,"sampleCount":699,"coverage":0.287,"dispersion":77.02,"planeOffsetMetres":0.15,"roofHeight":8.52,"reviewStatus":"machine-proposal","acceptedForNow":false}},{"type":"Feature","geometry":{"type":"Polygon","coordinates":[[[4.882244347911458,52.35525860000568],[4.882268185225498,52.35529867019939],[4.882256554179641,52.355300445097406],[4.8822367872757395,52.35525998781683],[4.882244347911458,52.35525860000568]]]},"properties":{"buildingId":"bag:0363100012128474","surfaceId":"NL.IMBAG.Pand.0363100012128474-0:lod22:roof:13","status":"rejected","reason":"cross-source-colour-disagreement","pointColour":"#a9adad","orthophotoColour":"#6e7784","rgbDistance":89.88,"sampleCount":41,"coverage":0.26,"dispersion":14.46,"planeOffsetMetres":0.5,"roofHeight":22.32,"reviewStatus":"machine-proposal","acceptedForNow":false}},{"type":"Feature","geometry":{"type":"Polygon","coordinates":[[[4.882334325086561,52.35524210481292],[4.88235064854694,52.35527687612287],[4.882340694071529,52.35527837057172],[4.882341309415581,52.35528750474678],[4.882268185225498,52.35529867019939],[4.882244347911458,52.35525860000568],[4.882334325086561,52.35524210481292]]]},"properties":{"buildingId":"bag:0363100012128474","surfaceId":"NL.IMBAG.Pand.0363100012128474-0:lod22:roof:14","status":"proposed","reason":null,"pointColour":"#8f9092","orthophotoColour":"#8b8c8e","rgbDistance":6.93,"sampleCount":421,"coverage":0.431,"dispersion":33.62,"planeOffsetMetres":0.25,"roofHeight":16.95,"reviewStatus":"machine-proposal","acceptedForNow":false}},{"type":"Feature","geometry":{"type":"Polygon","coordinates":[[[4.88235064854694,52.35527687612287],[4.88239335690843,52.355367789565804],[4.882298082940132,52.35538535871602],[4.882256554179641,52.355300445097406],[4.882268185225498,52.35529867019939],[4.882341309415581,52.35528750474678],[4.882340694071529,52.35527837057172],[4.88235064854694,52.35527687612287]]]},"properties":{"buildingId":"bag:0363100012128474","surfaceId":"NL.IMBAG.Pand.0363100012128474-0:lod22:roof:15","status":"proposed","reason":null,"pointColour":"#75767a","orthophotoColour":"#707278","rgbDistance":6.71,"sampleCount":844,"coverage":0.326,"dispersion":76.77,"planeOffsetMetres":0.3,"roofHeight":14.63,"reviewStatus":"machine-proposal","acceptedForNow":false}},{"type":"Feature","geometry":{"type":"Polygon","coordinates":[[[4.896677838891652,52.35654575524076],[4.896616677706769,52.356527894810974],[4.896624076604052,52.35651854227779],[4.896692755779408,52.35652689786841],[4.896677838891652,52.35654575524076]]]},"properties":{"buildingId":"bag:0363100012161749","surfaceId":"NL.IMBAG.Pand.0363100012161749-0:lod22:roof:8","status":"rejected","reason":"cross-source-colour-disagreement","pointColour":"#596573","orthophotoColour":"#415067","rgbDistance":34.07,"sampleCount":58,"coverage":0.234,"dispersion":36.52,"planeOffsetMetres":0.15,"roofHeight":15.02,"reviewStatus":"machine-proposal","acceptedForNow":false}},{"type":"Feature","geometry":{"type":"Polygon","coordinates":[[[4.896758124785623,52.3564442748298],[4.896692755779408,52.35652689786841],[4.896624076604052,52.35651854227779],[4.896697142530759,52.35642617251339],[4.896758124785623,52.3564442748298]]]},"properties":{"buildingId":"bag:0363100012161749","surfaceId":"NL.IMBAG.Pand.0363100012161749-0:lod22:roof:9","status":"proposed","reason":null,"pointColour":"#73747d","orthophotoColour":"#6e727b","rgbDistance":5.74,"sampleCount":531,"coverage":0.279,"dispersion":39.9,"planeOffsetMetres":0.35,"roofHeight":15.3,"reviewStatus":"machine-proposal","acceptedForNow":false}},{"type":"Feature","geometry":{"type":"Polygon","coordinates":[[[4.914313092688109,52.356201831147764],[4.914303843361,52.356214377015085],[4.9142725645182646,52.35620592043403],[4.914274024736865,52.356203886053876],[4.914313092688109,52.356201831147764]]]},"properties":{"buildingId":"bag:0363100012110851","surfaceId":"NL.IMBAG.Pand.0363100012110851-0:lod22:roof:77","status":"rejected","reason":"cross-source-colour-disagreement","pointColour":"#aaa09e","orthophotoColour":"#757984","rgbDistance":70.75,"sampleCount":30,"coverage":0.25,"dispersion":67.83,"planeOffsetMetres":0.15,"roofHeight":15.09,"reviewStatus":"machine-proposal","acceptedForNow":false}},{"type":"Feature","geometry":{"type":"Polygon","coordinates":[[[4.914263489690811,52.35621861978673],[4.914264353964875,52.35621740989664],[4.914267789751725,52.356217324758255],[4.914296083603634,52.35622488861858],[4.914289306500847,52.35623410092691],[4.914269615736535,52.35622366840034],[4.914263489690811,52.35621861978673]]]},"properties":{"buildingId":"bag:0363100012110851","surfaceId":"NL.IMBAG.Pand.0363100012110851-0:lod22:roof:78","status":"rejected","reason":"too-few-points","pointColour":null,"orthophotoColour":"#3b4a63","rgbDistance":null,"sampleCount":25,"coverage":0,"dispersion":null,"planeOffsetMetres":0.55,"roofHeight":15.28,"reviewStatus":"machine-proposal","acceptedForNow":false}},{"type":"Feature","geometry":{"type":"Polygon","coordinates":[[[4.914475135160917,52.35598121851349],[4.914448501116097,52.35595978427409],[4.914483445874689,52.35596996311685],[4.914475135160917,52.35598121851349]]]},"properties":{"buildingId":"bag:0363100012110851","surfaceId":"NL.IMBAG.Pand.0363100012110851-0:lod22:roof:79","status":"rejected","reason":"too-few-points","pointColour":null,"orthophotoColour":"#3c4e68","rgbDistance":null,"sampleCount":26,"coverage":0,"dispersion":null,"planeOffsetMetres":0.5,"roofHeight":14.9,"reviewStatus":"machine-proposal","acceptedForNow":false}},{"type":"Feature","geometry":{"type":"Polygon","coordinates":[[[4.91449257604637,52.355957569550675],[4.914479752352709,52.355954282759754],[4.914484160843897,52.35594693941639],[4.914501065475031,52.35594607219781],[4.91449257604637,52.355957569550675]]]},"properties":{"buildingId":"bag:0363100012110851","surfaceId":"NL.IMBAG.Pand.0363100012110851-0:lod22:roof:80","status":"rejected","reason":"too-few-points","pointColour":null,"orthophotoColour":"#7c858f","rgbDistance":null,"sampleCount":17,"coverage":0,"dispersion":null,"planeOffsetMetres":0.1,"roofHeight":14.71,"reviewStatus":"machine-proposal","acceptedForNow":false}},{"type":"Feature","geometry":{"type":"Polygon","coordinates":[[[4.9143035382187925,52.35594408789691],[4.914269332037585,52.35594449949366],[4.914308900501134,52.355894074643444],[4.914335501915926,52.355900652072165],[4.9143035382187925,52.35594408789691]]]},"properties":{"buildingId":"bag:0363100012110851","surfaceId":"NL.IMBAG.Pand.0363100012110851-0:lod22:roof:81","status":"proposed","reason":null,"pointColour":"#7c7980","orthophotoColour":"#848083","rgbDistance":11.05,"sampleCount":134,"coverage":0.25,"dispersion":24.32,"planeOffsetMetres":0.25,"roofHeight":13.2,"reviewStatus":"machine-proposal","acceptedForNow":false}},{"type":"Feature","geometry":{"type":"Polygon","coordinates":[[[4.914348290074729,52.35616627249965],[4.914338830143407,52.356166899803426],[4.914313092688109,52.356201831147764],[4.914274024736865,52.356203886053876],[4.9142725645182646,52.35620592043403],[4.914267573282188,52.356204579297525],[4.9143534792611705,52.3560870394564],[4.914364552928543,52.35609614331736],[4.914380938030848,52.35610960047652],[4.914355423593906,52.35614427207696],[4.9143608638761505,52.356148931474465],[4.914348290074729,52.35616627249965]]]},"properties":{"buildingId":"bag:0363100012110851","surfaceId":"NL.IMBAG.Pand.0363100012110851-0:lod22:roof:82","status":"proposed","reason":null,"pointColour":"#6a6c78","orthophotoColour":"#6a6b79","rgbDistance":1.41,"sampleCount":610,"coverage":0.31,"dispersion":11.11,"planeOffsetMetres":0.2,"roofHeight":14.11,"reviewStatus":"machine-proposal","acceptedForNow":false}},{"type":"Feature","geometry":{"type":"Polygon","coordinates":[[[4.914370103735136,52.35609180644181],[4.914389815281725,52.3560975294664],[4.914380938030848,52.35610960047652],[4.914364552928543,52.35609614331736],[4.914370103735136,52.35609180644181]]]},"properties":{"buildingId":"bag:0363100012110851","surfaceId":"NL.IMBAG.Pand.0363100012110851-0:lod22:roof:83","status":"rejected","reason":"too-few-points","pointColour":null,"orthophotoColour":"#3d4e6b","rgbDistance":null,"sampleCount":17,"coverage":0,"dispersion":null,"planeOffsetMetres":0.65,"roofHeight":14.93,"reviewStatus":"machine-proposal","acceptedForNow":false}},{"type":"Feature","geometry":{"type":"Polygon","coordinates":[[[4.9144326667174205,52.356039316342404],[4.914406735241208,52.35607456150309],[4.9143731686771925,52.356075550899206],[4.914367034636996,52.35606849799585],[4.914447696300876,52.355959547378994],[4.914448501116097,52.35595978427409],[4.914475135160917,52.35598121851349],[4.914448981280567,52.35601667850095],[4.914455157960373,52.35602110715426],[4.914442198671306,52.35603881514699],[4.9144326667174205,52.356039316342404]]]},"properties":{"buildingId":"bag:0363100012110851","surfaceId":"NL.IMBAG.Pand.0363100012110851-0:lod22:roof:84","status":"proposed","reason":null,"pointColour":"#6a6c78","orthophotoColour":"#696a77","rgbDistance":2.45,"sampleCount":596,"coverage":0.333,"dispersion":10.98,"planeOffsetMetres":0.2,"roofHeight":14.06,"reviewStatus":"machine-proposal","acceptedForNow":false}},{"type":"Feature","geometry":{"type":"Polygon","coordinates":[[[4.914397813485885,52.356086677275364],[4.914377606136415,52.35608064668906],[4.9143731686771925,52.356075550899206],[4.914406735241208,52.35607456150309],[4.914397813485885,52.356086677275364]]]},"properties":{"buildingId":"bag:0363100012110851","surfaceId":"NL.IMBAG.Pand.0363100012110851-0:lod22:roof:85","status":"rejected","reason":"too-few-points","pointColour":null,"orthophotoColour":"#8b9197","rgbDistance":null,"sampleCount":22,"coverage":0,"dispersion":null,"planeOffsetMetres":0.2,"roofHeight":15.03,"reviewStatus":"machine-proposal","acceptedForNow":false}},{"type":"Feature","geometry":{"type":"Polygon","coordinates":[[[4.914243476486854,52.35629629264773],[4.914242816558532,52.35629761120683],[4.914074636025873,52.35625110173931],[4.914076497936334,52.35624856565442],[4.914089319999028,52.35624787990715],[4.91413240457142,52.35623807571807],[4.914223345941414,52.35626376652557],[4.9142424847510355,52.35629431138563],[4.914244534263711,52.356294831874564],[4.914243476486854,52.35629629264773]]]},"properties":{"buildingId":"bag:0363100012110851","surfaceId":"NL.IMBAG.Pand.0363100012110851-0:lod22:roof:86","status":"proposed","reason":null,"pointColour":"#3a4a61","orthophotoColour":"#394963","rgbDistance":2.45,"sampleCount":339,"coverage":0.265,"dispersion":24.7,"planeOffsetMetres":0.05,"roofHeight":13.86,"reviewStatus":"machine-proposal","acceptedForNow":false}},{"type":"Feature","geometry":{"type":"Polygon","coordinates":[[[4.914261020204804,52.356285056180546],[4.914251325776135,52.35628564658958],[4.914244534263711,52.356294831874564],[4.9142424847510355,52.35629431138563],[4.914223345941414,52.35626376652557],[4.914257203310985,52.356217597033584],[4.914264353964875,52.35621740989664],[4.914263489690811,52.35621861978673],[4.914269615736535,52.35622366840034],[4.914289306500847,52.35623410092691],[4.914267963063593,52.35626304601402],[4.9142738285448475,52.356267752052744],[4.914261020204804,52.356285056180546]]]},"properties":{"buildingId":"bag:0363100012110851","surfaceId":"NL.IMBAG.Pand.0363100012110851-0:lod22:roof:87","status":"proposed","reason":null,"pointColour":"#666875","orthophotoColour":"#636673","rgbDistance":4.12,"sampleCount":261,"coverage":0.364,"dispersion":8.6,"planeOffsetMetres":0.2,"roofHeight":14.07,"reviewStatus":"machine-proposal","acceptedForNow":false}},{"type":"Feature","geometry":{"type":"Polygon","coordinates":[[[4.914274955654499,52.35598291752942],[4.914094953804639,52.35622750028471],[4.914092495123451,52.35622680739108],[4.914118293492134,52.35619168759559],[4.914099910769233,52.35618661695295],[4.914265565098413,52.355966019037304],[4.914274955654499,52.35598291752942]]]},"properties":{"buildingId":"bag:0363100012110851","surfaceId":"NL.IMBAG.Pand.0363100012110851-0:lod22:roof:88","status":"rejected","reason":"sparse-coverage","pointColour":null,"orthophotoColour":"#8a8687","rgbDistance":null,"sampleCount":913,"coverage":0.133,"dispersion":null,"planeOffsetMetres":0.25,"roofHeight":13.18,"reviewStatus":"machine-proposal","acceptedForNow":false}},{"type":"Feature","geometry":{"type":"Polygon","coordinates":[[[4.914309942151463,52.35589274862111],[4.914308900501134,52.355894074643444],[4.914269332037585,52.35594449949366],[4.9143035382187925,52.35594408789691],[4.914274955654499,52.35598291752942],[4.914265565098413,52.355966019037304],[4.914099910769233,52.35618661695295],[4.914065326083826,52.35617707756532],[4.914280319014436,52.35588459525017],[4.914309942151463,52.35589274862111]]]},"properties":{"buildingId":"bag:0363100012110851","surfaceId":"NL.IMBAG.Pand.0363100012110851-0:lod22:roof:89","status":"rejected","reason":"sparse-coverage","pointColour":null,"orthophotoColour":"#575d6c","rgbDistance":null,"sampleCount":387,"coverage":0.046,"dispersion":null,"planeOffsetMetres":0.45,"roofHeight":1.87,"reviewStatus":"machine-proposal","acceptedForNow":false}},{"type":"Feature","geometry":{"type":"Polygon","coordinates":[[[4.914149232996832,52.35617689161333],[4.914168341257036,52.356155208686],[4.914191805601508,52.35615727075957],[4.91417381246966,52.35618175332956],[4.914149232996832,52.35617689161333]]]},"properties":{"buildingId":"bag:0363100012110851","surfaceId":"NL.IMBAG.Pand.0363100012110851-0:lod22:roof:90","status":"rejected","reason":"too-few-points","pointColour":null,"orthophotoColour":"#696c77","rgbDistance":null,"sampleCount":10,"coverage":0,"dispersion":null,"planeOffsetMetres":0.85,"roofHeight":13.18,"reviewStatus":"machine-proposal","acceptedForNow":false}},{"type":"Feature","geometry":{"type":"Polygon","coordinates":[[[4.914308900501134,52.355894074643444],[4.914309942151463,52.35589274862111],[4.91433331569297,52.35589918732733],[4.914376987143508,52.35583977314172],[4.9143797533801425,52.35584053017214],[4.914381125557308,52.35584538003768],[4.914399677616727,52.355874502470655],[4.914191805601508,52.35615727075957],[4.914168341257036,52.356155208686],[4.914149232996832,52.35617689161333],[4.91417381246966,52.35618175332956],[4.91413240457142,52.35623807571807],[4.914089319999028,52.35624787990715],[4.914076497936334,52.35624856565442],[4.914092495123451,52.35622680739108],[4.914094953804639,52.35622750028471],[4.914274955654499,52.35598291752942],[4.9143035382187925,52.35594408789691],[4.914335501915926,52.355900652072165],[4.914308900501134,52.355894074643444]]]},"properties":{"buildingId":"bag:0363100012110851","surfaceId":"NL.IMBAG.Pand.0363100012110851-0:lod22:roof:91","status":"rejected","reason":"sparse-coverage","pointColour":null,"orthophotoColour":"#868385","rgbDistance":null,"sampleCount":2183,"coverage":0.117,"dispersion":null,"planeOffsetMetres":0.15,"roofHeight":13.68,"reviewStatus":"machine-proposal","acceptedForNow":false}},{"type":"Feature","geometry":{"type":"Polygon","coordinates":[[[4.91449257604637,52.355957569550675],[4.914483445874689,52.35596996311685],[4.914448501116097,52.35595978427409],[4.914447696300876,52.355959547378994],[4.914367034636996,52.35606849799585],[4.9143731686771925,52.356075550899206],[4.914377606136415,52.35608064668906],[4.914397813485885,52.356086677275364],[4.914389815281725,52.3560975294664],[4.914370103735136,52.35609180644181],[4.914364552928543,52.35609614331736],[4.9143534792611705,52.3560870394564],[4.914267573282188,52.356204579297525],[4.9142725645182646,52.35620592043403],[4.914303843361,52.356214377015085],[4.914296083603634,52.35622488861858],[4.914267789751725,52.356217324758255],[4.914264353964875,52.35621740989664],[4.914257203310985,52.356217597033584],[4.914223345941414,52.35626376652557],[4.91413240457142,52.35623807571807],[4.91417381246966,52.35618175332956],[4.914191805601508,52.35615727075957],[4.914399677616727,52.355874502470655],[4.914490760840591,52.35589922296823],[4.9144880053502575,52.35590296883447],[4.914455114994554,52.35594797385144],[4.914479752352709,52.355954282759754],[4.91449257604637,52.355957569550675]]]},"properties":{"buildingId":"bag:0363100012110851","surfaceId":"NL.IMBAG.Pand.0363100012110851-0:lod22:roof:92","status":"proposed","reason":null,"pointColour":"#6d707a","orthophotoColour":"#6c6e7a","rgbDistance":2.24,"sampleCount":6350,"coverage":0.27,"dispersion":14.92,"planeOffsetMetres":0.25,"roofHeight":15.89,"reviewStatus":"machine-proposal","acceptedForNow":false}},{"type":"Feature","geometry":{"type":"Polygon","coordinates":[[[4.914543855512006,52.355888083480586],[4.914542157813713,52.35588760934014],[4.914490760840591,52.35589922296823],[4.914399677616727,52.355874502470655],[4.914381125557308,52.35584538003768],[4.9143797533801425,52.35584053017214],[4.914545300359397,52.35588611194979],[4.914543855512006,52.355888083480586]]]},"properties":{"buildingId":"bag:0363100012110851","surfaceId":"NL.IMBAG.Pand.0363100012110851-0:lod22:roof:93","status":"rejected","reason":"cross-source-colour-disagreement","pointColour":"#a59a96","orthophotoColour":"#6b6c76","rgbDistance":80.65,"sampleCount":433,"coverage":0.324,"dispersion":21.54,"planeOffsetMetres":0.2,"roofHeight":13.99,"reviewStatus":"machine-proposal","acceptedForNow":false}},{"type":"Feature","geometry":{"type":"Polygon","coordinates":[[[4.914542157813713,52.35588760934014],[4.914543855512006,52.355888083480586],[4.914501065475031,52.35594607219781],[4.914484160843897,52.35594693941639],[4.914479752352709,52.355954282759754],[4.914455114994554,52.35594797385144],[4.9144880053502575,52.35590296883447],[4.914490760840591,52.35589922296823],[4.914542157813713,52.35588760934014]]]},"properties":{"buildingId":"bag:0363100012110851","surfaceId":"NL.IMBAG.Pand.0363100012110851-0:lod22:roof:94","status":"proposed","reason":null,"pointColour":"#6a6b76","orthophotoColour":"#6e6e79","rgbDistance":5.83,"sampleCount":387,"coverage":0.426,"dispersion":14.57,"planeOffsetMetres":0.25,"roofHeight":14.43,"reviewStatus":"machine-proposal","acceptedForNow":false}},{"type":"Feature","geometry":{"type":"Polygon","coordinates":[[[4.932101978889456,52.35604941188694],[4.932118364495035,52.35605904679788],[4.9320913877775014,52.35608164605982],[4.932083004398115,52.35608038251199],[4.932086399789863,52.35607421201691],[4.932079416609974,52.35606380435648],[4.932101978889456,52.35604941188694]]]},"properties":{"buildingId":"bag:0363100012161947","surfaceId":"NL.IMBAG.Pand.0363100012161947-0:lod22:roof:17","status":"rejected","reason":"cross-source-colour-disagreement","pointColour":"#8f898d","orthophotoColour":"#9c9c99","rgbDistance":25.96,"sampleCount":51,"coverage":0.266,"dispersion":63.07,"planeOffsetMetres":0.35,"roofHeight":11.23,"reviewStatus":"machine-proposal","acceptedForNow":false}},{"type":"Feature","geometry":{"type":"Polygon","coordinates":[[[4.932043769707737,52.356187527023124],[4.932041000478626,52.35617558068807],[4.932174204315866,52.35609185091152],[4.932187452999736,52.356099631272954],[4.932046286851246,52.35618970274107],[4.932043769707737,52.356187527023124]]]},"properties":{"buildingId":"bag:0363100012161947","surfaceId":"NL.IMBAG.Pand.0363100012161947-0:lod22:roof:18","status":"proposed","reason":null,"pointColour":"#415066","orthophotoColour":"#475970","rgbDistance":14.73,"sampleCount":160,"coverage":0.284,"dispersion":26.66,"planeOffsetMetres":0.5,"roofHeight":11,"reviewStatus":"machine-proposal","acceptedForNow":false}},{"type":"Feature","geometry":{"type":"Polygon","coordinates":[[[4.932083004398115,52.35608038251199],[4.9320679816892845,52.356078122763826],[4.932074378304221,52.3560670025884],[4.932079416609974,52.35606380435648],[4.932086399789863,52.35607421201691],[4.932083004398115,52.35608038251199]]]},"properties":{"buildingId":"bag:0363100012161947","surfaceId":"NL.IMBAG.Pand.0363100012161947-0:lod22:roof:19","status":"rejected","reason":"too-few-points","pointColour":null,"orthophotoColour":"#9b9895","rgbDistance":null,"sampleCount":26,"coverage":0,"dispersion":null,"planeOffsetMetres":0.15,"roofHeight":11.19,"reviewStatus":"machine-proposal","acceptedForNow":false}},{"type":"Feature","geometry":{"type":"Polygon","coordinates":[[[4.932014246836877,52.356183575750606],[4.93201944197497,52.356172244240895],[4.932041000478626,52.35617558068807],[4.932043769707737,52.356187527023124],[4.932046286851246,52.35618970274107],[4.932040834492644,52.35619319597412],[4.932005946575389,52.35618565594753],[4.932007739782347,52.3561825620807],[4.932014246836877,52.356183575750606]]]},"properties":{"buildingId":"bag:0363100012161947","surfaceId":"NL.IMBAG.Pand.0363100012161947-0:lod22:roof:20","status":"rejected","reason":"too-few-points","pointColour":null,"orthophotoColour":"#3f526b","rgbDistance":null,"sampleCount":22,"coverage":0,"dispersion":null,"planeOffsetMetres":0.55,"roofHeight":10.41,"reviewStatus":"machine-proposal","acceptedForNow":false}},{"type":"Feature","geometry":{"type":"Polygon","coordinates":[[[4.9320679816892845,52.356078122763826],[4.932083004398115,52.35608038251199],[4.9320913877775014,52.35608164605982],[4.932118364495035,52.35605904679788],[4.932174204315866,52.35609185091152],[4.932041000478626,52.35617558068807],[4.93201944197497,52.356172244240895],[4.932014246836877,52.356183575750606],[4.932007739782347,52.3561825620807],[4.9320679816892845,52.356078122763826]]]},"properties":{"buildingId":"bag:0363100012161947","surfaceId":"NL.IMBAG.Pand.0363100012161947-0:lod22:roof:21","status":"proposed","reason":null,"pointColour":"#a29e99","orthophotoColour":"#9d9a96","rgbDistance":7.07,"sampleCount":1103,"coverage":0.321,"dispersion":16.82,"planeOffsetMetres":0.15,"roofHeight":12.88,"reviewStatus":"machine-proposal","acceptedForNow":false}},{"type":"Feature","geometry":{"type":"Polygon","coordinates":[[[4.861632449694609,52.36760346770656],[4.861602166836474,52.36775524400368],[4.86153509632091,52.36775022766871],[4.8615452975219595,52.36769970795297],[4.861530715702885,52.36769861860825],[4.861535862904788,52.367673143251714],[4.86153996517063,52.36765283120418],[4.861554517610814,52.36765392041747],[4.861565748904725,52.367598246311395],[4.861632449694609,52.36760346770656]]]},"properties":{"buildingId":"bag:0363100012110717","surfaceId":"NL.IMBAG.Pand.0363100012110717-0:lod22:roof:13","status":"rejected","reason":"cross-source-colour-disagreement","pointColour":"#9b9793","orthophotoColour":"#87888b","rgbDistance":26.25,"sampleCount":1258,"coverage":0.496,"dispersion":79.01,"planeOffsetMetres":0.2,"roofHeight":12.76,"reviewStatus":"machine-proposal","acceptedForNow":false}},{"type":"Feature","geometry":{"type":"Polygon","coordinates":[[[4.861602166836474,52.36775524400368],[4.861632449694609,52.36760346770656],[4.861711428813412,52.367609633348074],[4.861680841091647,52.367761138679114],[4.861602166836474,52.36775524400368]]]},"properties":{"buildingId":"bag:0363100012110717","surfaceId":"NL.IMBAG.Pand.0363100012110717-0:lod22:roof:14","status":"proposed","reason":null,"pointColour":"#787f88","orthophotoColour":"#7d848c","rgbDistance":8.12,"sampleCount":1813,"coverage":0.63,"dispersion":6.73,"planeOffsetMetres":0.15,"roofHeight":15.35,"reviewStatus":"machine-proposal","acceptedForNow":false}},{"type":"Feature","geometry":{"type":"Polygon","coordinates":[[[4.87923946964582,52.36796262755141],[4.8792108220129355,52.368002491029934],[4.879169296142158,52.3679886155571],[4.879199825864716,52.36794980274011],[4.87923946964582,52.36796262755141]]]},"properties":{"buildingId":"bag:0363100012174463","surfaceId":"NL.IMBAG.Pand.0363100012174463-0:lod22:roof:13","status":"proposed","reason":null,"pointColour":"#817b81","orthophotoColour":"#7d777f","rgbDistance":6,"sampleCount":338,"coverage":0.533,"dispersion":56.22,"planeOffsetMetres":0.3,"roofHeight":13.67,"reviewStatus":"machine-proposal","acceptedForNow":false}},{"type":"Feature","geometry":{"type":"Polygon","coordinates":[[[4.8791970847346695,52.36792632402686],[4.879274095716959,52.36795203577325],[4.879262976655695,52.367957524509926],[4.87923946964582,52.36796262755141],[4.879199825864716,52.36794980274011],[4.87918878070184,52.367929604866916],[4.879188190980477,52.367928532797144],[4.8791970847346695,52.36792632402686]]]},"properties":{"buildingId":"bag:0363100012174463","surfaceId":"NL.IMBAG.Pand.0363100012174463-0:lod22:roof:14","status":"rejected","reason":"cross-source-colour-disagreement","pointColour":"#dab0a0","orthophotoColour":"#7f6b72","rgbDistance":123.12,"sampleCount":193,"coverage":0.398,"dispersion":15.85,"planeOffsetMetres":0.15,"roofHeight":12.48,"reviewStatus":"machine-proposal","acceptedForNow":false}},{"type":"Feature","geometry":{"type":"Polygon","coordinates":[[[4.879274095716959,52.36795203577325],[4.879284115238766,52.367955377252756],[4.879239607986037,52.368012096586575],[4.8792108220129355,52.368002491029934],[4.87923946964582,52.36796262755141],[4.879262976655695,52.367957524509926],[4.879274095716959,52.36795203577325]]]},"properties":{"buildingId":"bag:0363100012174463","surfaceId":"NL.IMBAG.Pand.0363100012174463-0:lod22:roof:15","status":"proposed","reason":null,"pointColour":"#70626d","orthophotoColour":"#5e5c6a","rgbDistance":19.21,"sampleCount":165,"coverage":0.286,"dispersion":22.49,"planeOffsetMetres":0.3,"roofHeight":12.39,"reviewStatus":"machine-proposal","acceptedForNow":false}},{"type":"Feature","geometry":{"type":"Polygon","coordinates":[[[4.879185702491004,52.367929151260284],[4.87918878070184,52.367929604866916],[4.879199825864716,52.36794980274011],[4.879169296142158,52.3679886155571],[4.879142558087784,52.367979683862984],[4.879175763111657,52.36793163416255],[4.879185702491004,52.367929151260284]]]},"properties":{"buildingId":"bag:0363100012174463","surfaceId":"NL.IMBAG.Pand.0363100012174463-0:lod22:roof:16","status":"proposed","reason":null,"pointColour":"#aa8681","orthophotoColour":"#a48180","rgbDistance":7.87,"sampleCount":218,"coverage":0.42,"dispersion":27.35,"planeOffsetMetres":0.35,"roofHeight":12.43,"reviewStatus":"machine-proposal","acceptedForNow":false}},{"type":"Feature","geometry":{"type":"Polygon","coordinates":[[[4.897377519011241,52.36888564775027],[4.897432225288851,52.36886732342129],[4.897411629559937,52.36884428360371],[4.897453425590502,52.36883028287368],[4.897493845177615,52.368875793072185],[4.897398496093716,52.36890739492058],[4.897377519011241,52.36888564775027]]]},"properties":{"buildingId":"bag:0363100012169333","surfaceId":"NL.IMBAG.Pand.0363100012169333-0:lod22:roof:28","status":"rejected","reason":"cross-source-colour-disagreement","pointColour":"#787a83","orthophotoColour":"#979696","rgbDistance":45.89,"sampleCount":253,"coverage":0.229,"dispersion":65.14,"planeOffsetMetres":0.45,"roofHeight":12.86,"reviewStatus":"machine-proposal","acceptedForNow":false}},{"type":"Feature","geometry":{"type":"Polygon","coordinates":[[[4.897508538003821,52.36887092857527],[4.897493845177615,52.368875793072185],[4.897453425590502,52.36883028287368],[4.897468605309416,52.3688252046906],[4.897508538003821,52.36887092857527]]]},"properties":{"buildingId":"bag:0363100012169333","surfaceId":"NL.IMBAG.Pand.0363100012169333-0:lod22:roof:29","status":"rejected","reason":"cross-source-colour-disagreement","pointColour":"#585665","orthophotoColour":"#676d7a","rgbDistance":34.57,"sampleCount":71,"coverage":0.25,"dispersion":41.82,"planeOffsetMetres":0.4,"roofHeight":13.55,"reviewStatus":"machine-proposal","acceptedForNow":false}},{"type":"Feature","geometry":{"type":"Polygon","coordinates":[[[4.897539633265025,52.368860622445084],[4.897508538003821,52.36887092857527],[4.897468605309416,52.3688252046906],[4.897497874363556,52.36881539432952],[4.897539633265025,52.368860622445084]]]},"properties":{"buildingId":"bag:0363100012169333","surfaceId":"NL.IMBAG.Pand.0363100012169333-0:lod22:roof:30","status":"rejected","reason":"cross-source-colour-disagreement","pointColour":"#d3aa98","orthophotoColour":"#86868d","rgbDistance":85.71,"sampleCount":257,"coverage":0.604,"dispersion":60.14,"planeOffsetMetres":0.1,"roofHeight":12.65,"reviewStatus":"machine-proposal","acceptedForNow":false}},{"type":"Feature","geometry":{"type":"Polygon","coordinates":[[[4.89720036526796,52.3689442426156],[4.897332849796034,52.36889921414346],[4.897391790545427,52.36890830190245],[4.897392070700257,52.368909525390436],[4.897229018992229,52.36896356794015],[4.897203764519439,52.3689515457189],[4.897201953316147,52.36895068439042],[4.897205358382445,52.36894948514114],[4.89720036526796,52.3689442426156]]]},"properties":{"buildingId":"bag:0363100012169333","surfaceId":"NL.IMBAG.Pand.0363100012169333-0:lod22:roof:31","status":"rejected","reason":"cross-source-colour-disagreement","pointColour":"#515363","orthophotoColour":"#7b7d82","rgbDistance":67,"sampleCount":319,"coverage":0.313,"dispersion":14.28,"planeOffsetMetres":0.3,"roofHeight":16.29,"reviewStatus":"machine-proposal","acceptedForNow":false}},{"type":"Feature","geometry":{"type":"Polygon","coordinates":[[[4.897221090504082,52.368966186504665],[4.897205485609884,52.36897119998248],[4.897189925016929,52.368954921749314],[4.897201953316147,52.36895068439042],[4.897203764519439,52.3689515457189],[4.897229018992229,52.36896356794015],[4.897221090504082,52.368966186504665]]]},"properties":{"buildingId":"bag:0363100012169333","surfaceId":"NL.IMBAG.Pand.0363100012169333-0:lod22:roof:32","status":"rejected","reason":"cross-source-colour-disagreement","pointColour":"#919498","orthophotoColour":"#344761","rgbDistance":132.68,"sampleCount":59,"coverage":0.533,"dispersion":63.51,"planeOffsetMetres":0.1,"roofHeight":17.09,"reviewStatus":"machine-proposal","acceptedForNow":false}},{"type":"Feature","geometry":{"type":"Polygon","coordinates":[[[4.8973454426610274,52.36886645210436],[4.897346942355376,52.36886759974868],[4.897332849796034,52.36889921414346],[4.89720036526796,52.3689442426156],[4.89717930414126,52.36892213555381],[4.8973454426610274,52.36886645210436]]]},"properties":{"buildingId":"bag:0363100012169333","surfaceId":"NL.IMBAG.Pand.0363100012169333-0:lod22:roof:33","status":"rejected","reason":"cross-source-colour-disagreement","pointColour":"#e3b7a0","orthophotoColour":"#5c5a69","rgbDistance":172.91,"sampleCount":582,"coverage":0.589,"dispersion":22.52,"planeOffsetMetres":0.25,"roofHeight":15.9,"reviewStatus":"machine-proposal","acceptedForNow":false}},{"type":"Feature","geometry":{"type":"Polygon","coordinates":[[[4.897371137667469,52.368887778401216],[4.897377519011241,52.36888564775027],[4.897398496093716,52.36890739492058],[4.897392070700257,52.368909525390436],[4.897391790545427,52.36890830190245],[4.897332849796034,52.36889921414346],[4.897346942355376,52.36886759974868],[4.8973454426610274,52.36886645210436],[4.897349348212243,52.36886513808132],[4.897371137667469,52.368887778401216]]]},"properties":{"buildingId":"bag:0363100012169333","surfaceId":"NL.IMBAG.Pand.0363100012169333-0:lod22:roof:34","status":"rejected","reason":"cross-source-colour-disagreement","pointColour":"#e0b5a2","orthophotoColour":"#625a6b","rgbDistance":164.87,"sampleCount":127,"coverage":0.31,"dispersion":20.52,"planeOffsetMetres":0,"roofHeight":14.54,"reviewStatus":"machine-proposal","acceptedForNow":false}},{"type":"Feature","geometry":{"type":"Polygon","coordinates":[[[4.914148981026458,52.367525727017025],[4.914156552580839,52.367533055285755],[4.914173730587864,52.36754965230834],[4.9141820870303095,52.36755772969079],[4.9141404010048,52.36757166485125],[4.914110474499476,52.36753891091552],[4.914148981026458,52.367525727017025]]]},"properties":{"buildingId":"bag:0363100012181537","surfaceId":"NL.IMBAG.Pand.0363100012181537-0:lod22:roof:179","status":"proposed","reason":null,"pointColour":"#4a5667","orthophotoColour":"#525e6f","rgbDistance":13.86,"sampleCount":105,"coverage":0.227,"dispersion":60.25,"planeOffsetMetres":0.4,"roofHeight":6.2,"reviewStatus":"machine-proposal","acceptedForNow":false}},{"type":"Feature","geometry":{"type":"Polygon","coordinates":[[[4.914148981026458,52.367525727017025],[4.91416293652169,52.36752094738888],[4.914167915233767,52.3675304672855],[4.914161775511983,52.367529310304455],[4.914156552580839,52.367533055285755],[4.914148981026458,52.367525727017025]]]},"properties":{"buildingId":"bag:0363100012181537","surfaceId":"NL.IMBAG.Pand.0363100012181537-0:lod22:roof:180","status":"rejected","reason":"too-few-points","pointColour":null,"orthophotoColour":"#405068","rgbDistance":null,"sampleCount":12,"coverage":0,"dispersion":null,"planeOffsetMetres":-0.15,"roofHeight":9.58,"reviewStatus":"machine-proposal","acceptedForNow":false}},{"type":"Feature","geometry":{"type":"Polygon","coordinates":[[[4.914742845511014,52.367442310631915],[4.914751321042853,52.36744059185007],[4.914763066468202,52.36745306871502],[4.914741491333059,52.36746055027074],[4.914736634152382,52.36746028822029],[4.914742845511014,52.367442310631915]]]},"properties":{"buildingId":"bag:0363100012181537","surfaceId":"NL.IMBAG.Pand.0363100012181537-0:lod22:roof:181","status":"rejected","reason":"too-few-points","pointColour":null,"orthophotoColour":"#596678","rgbDistance":null,"sampleCount":16,"coverage":0,"dispersion":null,"planeOffsetMetres":-0.35,"roofHeight":9.74,"reviewStatus":"machine-proposal","acceptedForNow":false}},{"type":"Feature","geometry":{"type":"Polygon","coordinates":[[[4.9141547973542545,52.36745393848493],[4.914129696675337,52.367432654171644],[4.91414362258754,52.36742789240297],[4.914182791217193,52.367432470846154],[4.914198291511156,52.36744942965883],[4.914197638026194,52.367450128089196],[4.914166267157994,52.36743716831278],[4.9141547973542545,52.36745393848493]]]},"properties":{"buildingId":"bag:0363100012181537","surfaceId":"NL.IMBAG.Pand.0363100012181537-0:lod22:roof:182","status":"proposed","reason":null,"pointColour":"#7c848c","orthophotoColour":"#7c8389","rgbDistance":3.16,"sampleCount":120,"coverage":0.433,"dispersion":42.91,"planeOffsetMetres":0.1,"roofHeight":5.33,"reviewStatus":"machine-proposal","acceptedForNow":false}},{"type":"Feature","geometry":{"type":"Polygon","coordinates":[[[4.9143847055796614,52.36747535779514],[4.914389567233565,52.367483466145124],[4.914368545107831,52.36749415845246],[4.9143560357491,52.3674872418872],[4.9143612320286865,52.36748599537296],[4.914359577238188,52.36748420919849],[4.9143847055796614,52.36747535779514]]]},"properties":{"buildingId":"bag:0363100012181537","surfaceId":"NL.IMBAG.Pand.0363100012181537-0:lod22:roof:183","status":"rejected","reason":"too-few-points","pointColour":null,"orthophotoColour":"#576679","rgbDistance":null,"sampleCount":16,"coverage":0,"dispersion":null,"planeOffsetMetres":-0.15,"roofHeight":12.46,"reviewStatus":"machine-proposal","acceptedForNow":false}},{"type":"Feature","geometry":{"type":"Polygon","coordinates":[[[4.914224508689791,52.3675987392999],[4.914216473401079,52.3676018528972],[4.914180675833073,52.36761572171827],[4.9141404010048,52.36757166485125],[4.9141820870303095,52.36755772969079],[4.9141995119692155,52.3675745793518],[4.914224508689791,52.3675987392999]]]},"properties":{"buildingId":"bag:0363100012181537","surfaceId":"NL.IMBAG.Pand.0363100012181537-0:lod22:roof:184","status":"rejected","reason":"cross-source-colour-disagreement","pointColour":"#788186","orthophotoColour":"#45536a","rgbDistance":74.17,"sampleCount":152,"coverage":0.244,"dispersion":78.15,"planeOffsetMetres":0.25,"roofHeight":7.06,"reviewStatus":"machine-proposal","acceptedForNow":false}},{"type":"Feature","geometry":{"type":"Polygon","coordinates":[[[4.914436167087331,52.36756642001105],[4.9144160468884905,52.36754483208924],[4.914551365890612,52.36749906770679],[4.914567755256432,52.367520793503594],[4.914436167087331,52.36756642001105]]]},"properties":{"buildingId":"bag:0363100012181537","surfaceId":"NL.IMBAG.Pand.0363100012181537-0:lod22:roof:185","status":"proposed","reason":null,"pointColour":"#3a4e66","orthophotoColour":"#3c4f69","rgbDistance":3.74,"sampleCount":283,"coverage":0.188,"dispersion":8.09,"planeOffsetMetres":0.35,"roofHeight":5.5,"reviewStatus":"machine-proposal","acceptedForNow":false}},{"type":"Feature","geometry":{"type":"Polygon","coordinates":[[[4.914579843656307,52.36733982037524],[4.9145643373439425,52.3673123909109],[4.914545196460238,52.367327054337785],[4.9145382980468995,52.3673323385326],[4.914521345165469,52.367313899981376],[4.914523149236165,52.36730994360536],[4.914525377391587,52.36731166016499],[4.914534939888117,52.36729887288419],[4.914530409753272,52.36729410030232],[4.91453215327498,52.36729031445089],[4.914560904736273,52.36728039894972],[4.914589166589183,52.36728612009584],[4.914623058389543,52.36732293420681],[4.914601620636256,52.36733130606838],[4.914579843656307,52.36733982037524]]]},"properties":{"buildingId":"bag:0363100012181537","surfaceId":"NL.IMBAG.Pand.0363100012181537-0:lod22:roof:186","status":"rejected","reason":"cross-source-colour-disagreement","pointColour":"#82898a","orthophotoColour":"#606872","rgbDistance":53.11,"sampleCount":251,"coverage":0.291,"dispersion":55,"planeOffsetMetres":0.3,"roofHeight":4.98,"reviewStatus":"machine-proposal","acceptedForNow":false}},{"type":"Feature","geometry":{"type":"Polygon","coordinates":[[[4.914507725776162,52.367440104901384],[4.914518090731277,52.36745260324255],[4.9145210040340945,52.367457540136186],[4.914513975024586,52.36745992077916],[4.914482435029573,52.36744077687002],[4.914491482470815,52.367437748185125],[4.914507725776162,52.367440104901384]]]},"properties":{"buildingId":"bag:0363100012181537","surfaceId":"NL.IMBAG.Pand.0363100012181537-0:lod22:roof:187","status":"rejected","reason":"too-few-points","pointColour":null,"orthophotoColour":"#647280","rgbDistance":null,"sampleCount":18,"coverage":0,"dispersion":null,"planeOffsetMetres":0.35,"roofHeight":11.7,"reviewStatus":"machine-proposal","acceptedForNow":false}},{"type":"Feature","geometry":{"type":"Polygon","coordinates":[[[4.914673517194191,52.36735790903455],[4.914658832752396,52.36736496869068],[4.9146514838630235,52.367357407662396],[4.914667245201237,52.36735125107573],[4.914673517194191,52.36735790903455]]]},"properties":{"buildingId":"bag:0363100012181537","surfaceId":"NL.IMBAG.Pand.0363100012181537-0:lod22:roof:188","status":"rejected","reason":"too-few-points","pointColour":null,"orthophotoColour":"#586277","rgbDistance":null,"sampleCount":14,"coverage":0,"dispersion":null,"planeOffsetMetres":-0.1,"roofHeight":9.65,"reviewStatus":"machine-proposal","acceptedForNow":false}},{"type":"Feature","geometry":{"type":"Polygon","coordinates":[[[4.914642551045571,52.367462707921874],[4.9146834281030465,52.36745439566019],[4.914744787812219,52.367433645246486],[4.914751321042853,52.36744059185007],[4.914742845511014,52.367442310631915],[4.914736634152382,52.36746028822029],[4.914741491333059,52.36746055027074],[4.914567755256432,52.367520793503594],[4.914551365890612,52.36749906770679],[4.914556715019146,52.36749725556868],[4.91463167608741,52.36747189489014],[4.914642551045571,52.367462707921874]]]},"properties":{"buildingId":"bag:0363100012181537","surfaceId":"NL.IMBAG.Pand.0363100012181537-0:lod22:roof:189","status":"rejected","reason":"cross-source-colour-disagreement","pointColour":"#7d8795","orthophotoColour":"#6e7483","rgbDistance":30.17,"sampleCount":531,"coverage":0.198,"dispersion":67.27,"planeOffsetMetres":0.15,"roofHeight":6.44,"reviewStatus":"machine-proposal","acceptedForNow":false}},{"type":"Feature","geometry":{"type":"Polygon","coordinates":[[[4.914696151199817,52.36738196957698],[4.9147134565491175,52.36740040950922],[4.914527730876957,52.36746422688165],[4.914521932355844,52.367457229272624],[4.9145210040340945,52.367457540136186],[4.914518090731277,52.36745260324255],[4.914507725776162,52.367440104901384],[4.914502666566141,52.36743400002585],[4.914506379947356,52.36743274758482],[4.9146869466435605,52.36737218118181],[4.914696151199817,52.36738196957698]]]},"properties":{"buildingId":"bag:0363100012181537","surfaceId":"NL.IMBAG.Pand.0363100012181537-0:lod22:roof:190","status":"rejected","reason":"cross-source-colour-disagreement","pointColour":"#9ca6a9","orthophotoColour":"#91959b","rgbDistance":24.62,"sampleCount":935,"coverage":0.287,"dispersion":75.06,"planeOffsetMetres":0.25,"roofHeight":8.85,"reviewStatus":"machine-proposal","acceptedForNow":false}},{"type":"Feature","geometry":{"type":"Polygon","coordinates":[[[4.914727055294218,52.36742498223824],[4.9147134565491175,52.36740040950922],[4.914696151199817,52.36738196957698],[4.914729199602559,52.36737115443733],[4.914766502435108,52.36741168505275],[4.914734319965398,52.36742253062141],[4.914727055294218,52.36742498223824]]]},"properties":{"buildingId":"bag:0363100012181537","surfaceId":"NL.IMBAG.Pand.0363100012181537-0:lod22:roof:191","status":"proposed","reason":null,"pointColour":"#979997","orthophotoColour":"#9e9d9b","rgbDistance":9,"sampleCount":281,"coverage":0.475,"dispersion":44.6,"planeOffsetMetres":0.2,"roofHeight":7.03,"reviewStatus":"machine-proposal","acceptedForNow":false}},{"type":"Feature","geometry":{"type":"Polygon","coordinates":[[[4.914697862327954,52.367337109777836],[4.914729199602559,52.36737115443733],[4.914696151199817,52.36738196957698],[4.9146869466435605,52.36737218118181],[4.914673517194191,52.36735790903455],[4.914667245201237,52.36735125107573],[4.9146658078578165,52.36734972641682],[4.914664689977297,52.3673485355781],[4.914697862327954,52.367337109777836]]]},"properties":{"buildingId":"bag:0363100012181537","surfaceId":"NL.IMBAG.Pand.0363100012181537-0:lod22:roof:192","status":"rejected","reason":"cross-source-colour-disagreement","pointColour":"#989a96","orthophotoColour":"#aba9a2","rgbDistance":27.02,"sampleCount":110,"coverage":0.267,"dispersion":72.39,"planeOffsetMetres":0.2,"roofHeight":6.14,"reviewStatus":"machine-proposal","acceptedForNow":false}},{"type":"Feature","geometry":{"type":"Polygon","coordinates":[[[4.914766502435108,52.36741168505275],[4.914794530201901,52.36744215735687],[4.914763066468202,52.36745306871502],[4.914751321042853,52.36744059185007],[4.914744787812219,52.367433645246486],[4.914734319965398,52.36742253062141],[4.914766502435108,52.36741168505275]]]},"properties":{"buildingId":"bag:0363100012181537","surfaceId":"NL.IMBAG.Pand.0363100012181537-0:lod22:roof:193","status":"proposed","reason":null,"pointColour":"#939394","orthophotoColour":"#a19d9d","rgbDistance":19.42,"sampleCount":102,"coverage":0.256,"dispersion":85.71,"planeOffsetMetres":0.15,"roofHeight":6.04,"reviewStatus":"machine-proposal","acceptedForNow":false}},{"type":"Feature","geometry":{"type":"Polygon","coordinates":[[[4.914429105839959,52.36740786665966],[4.9144221633870355,52.36740074763761],[4.914434162769887,52.36737422789337],[4.914450178348186,52.367377284749374],[4.914460222536448,52.36738819099106],[4.914485039224595,52.36737964390407],[4.914488308729542,52.367402135210554],[4.914506379947356,52.36743274758482],[4.914502666566141,52.36743400002585],[4.914507725776162,52.367440104901384],[4.914491482470815,52.367437748185125],[4.914482435029573,52.36744077687002],[4.914466417688546,52.36744615047957],[4.914465270255301,52.367444977496355],[4.914429105839959,52.36740786665966]]]},"properties":{"buildingId":"bag:0363100012181537","surfaceId":"NL.IMBAG.Pand.0363100012181537-0:lod22:roof:194","status":"proposed","reason":null,"pointColour":"#8a969f","orthophotoColour":"#969fa6","rgbDistance":16.55,"sampleCount":486,"coverage":0.51,"dispersion":37.03,"planeOffsetMetres":-0.05,"roofHeight":6.88,"reviewStatus":"machine-proposal","acceptedForNow":false}},{"type":"Feature","geometry":{"type":"Polygon","coordinates":[[[4.91440183860368,52.367413518895546],[4.914429105839959,52.36740786665966],[4.914465270255301,52.367444977496355],[4.914440749457355,52.36745744440045],[4.914425189232369,52.367461255968884],[4.914386200984746,52.36741908275244],[4.91440183860368,52.367413518895546]]]},"properties":{"buildingId":"bag:0363100012181537","surfaceId":"NL.IMBAG.Pand.0363100012181537-0:lod22:roof:195","status":"rejected","reason":"cross-source-colour-disagreement","pointColour":"#c7cbcb","orthophotoColour":"#b5b8bc","rgbDistance":30.17,"sampleCount":284,"coverage":0.439,"dispersion":13.93,"planeOffsetMetres":0.05,"roofHeight":9.16,"reviewStatus":"machine-proposal","acceptedForNow":false}},{"type":"Feature","geometry":{"type":"Polygon","coordinates":[[[4.914633455081272,52.367353129457896],[4.914601717903617,52.367364902501635],[4.914601620636256,52.36733130606838],[4.914623058389543,52.36732293420681],[4.914640577693327,52.36734195920501],[4.914633455081272,52.367353129457896]]]},"properties":{"buildingId":"bag:0363100012181537","surfaceId":"NL.IMBAG.Pand.0363100012181537-0:lod22:roof:196","status":"proposed","reason":null,"pointColour":"#7d8b93","orthophotoColour":"#828e97","rgbDistance":7.07,"sampleCount":197,"coverage":0.617,"dispersion":74.87,"planeOffsetMetres":-0.05,"roofHeight":5.4,"reviewStatus":"machine-proposal","acceptedForNow":false}},{"type":"Feature","geometry":{"type":"Polygon","coordinates":[[[4.914353962101588,52.36748618204403],[4.914207230149869,52.36753785945668],[4.914200694776078,52.36753662899537],[4.914193627024359,52.36754264049776],[4.914173730587864,52.36754965230834],[4.914156552580839,52.367533055285755],[4.914161775511983,52.367529310304455],[4.914167915233767,52.3675304672855],[4.91416293652169,52.36752094738888],[4.914170275225083,52.36751844217615],[4.91416889595092,52.36751698065719],[4.914179482898467,52.36751140563835],[4.9141863662091385,52.36751167580634],[4.914205378910985,52.3674980365239],[4.914210779360306,52.367494166421736],[4.914200298442271,52.367492551702234],[4.914176973216947,52.367472748476004],[4.914181598336415,52.36747136487213],[4.914179307241697,52.36747004351373],[4.914197638026194,52.367450128089196],[4.914198291511156,52.36744942965883],[4.9142025872879,52.367454147390774],[4.914205195691491,52.36745325005301],[4.914233569788869,52.36746497551969],[4.914245610975595,52.367440055773216],[4.914243083169861,52.36744027935587],[4.9142668824596605,52.36743214168483],[4.914284574389298,52.36745149098253],[4.914298102533903,52.36744685343482],[4.914353962101588,52.36748618204403]]]},"properties":{"buildingId":"bag:0363100012181537","surfaceId":"NL.IMBAG.Pand.0363100012181537-0:lod22:roof:197","status":"proposed","reason":null,"pointColour":"#979b9c","orthophotoColour":"#a0a3a5","rgbDistance":15.03,"sampleCount":1429,"coverage":0.351,"dispersion":82.01,"planeOffsetMetres":0,"roofHeight":5.76,"reviewStatus":"machine-proposal","acceptedForNow":false}},{"type":"Feature","geometry":{"type":"Polygon","coordinates":[[[4.914221192506604,52.36760818111877],[4.914409993511056,52.36753832778089],[4.9144160468884905,52.36754483208924],[4.914436167087331,52.36756642001105],[4.914240589546117,52.367634242062316],[4.91423769451277,52.36763034780871],[4.914221192506604,52.36760818111877]]]},"properties":{"buildingId":"bag:0363100012181537","surfaceId":"NL.IMBAG.Pand.0363100012181537-0:lod22:roof:198","status":"rejected","reason":"sparse-coverage","pointColour":null,"orthophotoColour":"#58647b","rgbDistance":null,"sampleCount":434,"coverage":0.138,"dispersion":null,"planeOffsetMetres":0.05,"roofHeight":6.4,"reviewStatus":"machine-proposal","acceptedForNow":false}},{"type":"Feature","geometry":{"type":"Polygon","coordinates":[[[4.914375995500852,52.36750183674374],[4.9143846474598885,52.36751111964463],[4.9141995119692155,52.3675745793518],[4.9141820870303095,52.36755772969079],[4.914173730587864,52.36754965230834],[4.914193627024359,52.36754264049776],[4.914200694776078,52.36753662899537],[4.914207230149869,52.36753785945668],[4.914353962101588,52.36748618204403],[4.9143560357491,52.3674872418872],[4.914368545107831,52.36749415845246],[4.914369143528966,52.367494493387404],[4.914372830918485,52.36749843574076],[4.914372760312612,52.3674995499343],[4.914375995500852,52.36750183674374]]]},"properties":{"buildingId":"bag:0363100012181537","surfaceId":"NL.IMBAG.Pand.0363100012181537-0:lod22:roof:199","status":"proposed","reason":null,"pointColour":"#8c8b93","orthophotoColour":"#868c94","rgbDistance":6.16,"sampleCount":862,"coverage":0.284,"dispersion":78.69,"planeOffsetMetres":0.2,"roofHeight":8.6,"reviewStatus":"machine-proposal","acceptedForNow":false}},{"type":"Feature","geometry":{"type":"Polygon","coordinates":[[[4.91416889595092,52.36751698065719],[4.9141137445328384,52.367458070578635],[4.914118776921865,52.36743639436422],[4.914129696675337,52.367432654171644],[4.9141547973542545,52.36745393848493],[4.914162058253848,52.36746010609813],[4.914179307241697,52.36747004351373],[4.914176973216947,52.367472748476004],[4.914200298442271,52.367492551702234],[4.914210779360306,52.367494166421736],[4.914205378910985,52.3674980365239],[4.9141863662091385,52.36751167580634],[4.914179482898467,52.36751140563835],[4.91416889595092,52.36751698065719]]]},"properties":{"buildingId":"bag:0363100012181537","surfaceId":"NL.IMBAG.Pand.0363100012181537-0:lod22:roof:200","status":"proposed","reason":null,"pointColour":"#5d6d7a","orthophotoColour":"#556372","rgbDistance":15.1,"sampleCount":553,"coverage":0.41,"dispersion":45.04,"planeOffsetMetres":0.05,"roofHeight":5.61,"reviewStatus":"machine-proposal","acceptedForNow":false}},{"type":"Feature","geometry":{"type":"Polygon","coordinates":[[[4.914601717903617,52.367364902501635],[4.914633455081272,52.367353129457896],[4.914640577693327,52.36734195920501],[4.914650984663486,52.367353271325214],[4.914664689977297,52.3673485355781],[4.9146658078578165,52.36734972641682],[4.914667245201237,52.36735125107573],[4.9146514838630235,52.367357407662396],[4.914658832752396,52.36736496869068],[4.914673517194191,52.36735790903455],[4.9146869466435605,52.36737218118181],[4.914506379947356,52.36743274758482],[4.914488308729542,52.367402135210554],[4.914485039224595,52.36737964390407],[4.9144901233943274,52.36737789362504],[4.91447203824527,52.36735823720589],[4.914540446474246,52.3673346479622],[4.9145382980468995,52.3673323385326],[4.914545196460238,52.367327054337785],[4.91456772409121,52.367344553455105],[4.914579843656307,52.36733982037524],[4.914601620636256,52.36733130606838],[4.914601717903617,52.367364902501635]]]},"properties":{"buildingId":"bag:0363100012181537","surfaceId":"NL.IMBAG.Pand.0363100012181537-0:lod22:roof:201","status":"proposed","reason":null,"pointColour":"#838d94","orthophotoColour":"#8f979d","rgbDistance":18.03,"sampleCount":1123,"coverage":0.296,"dispersion":75.78,"planeOffsetMetres":-0.05,"roofHeight":5.79,"reviewStatus":"machine-proposal","acceptedForNow":false}},{"type":"Feature","geometry":{"type":"Polygon","coordinates":[[[4.914386200984746,52.36741908275244],[4.914357180806939,52.367429401584864],[4.914355464294801,52.36742651866367],[4.914305900491366,52.36741779137681],[4.91431390902614,52.367402031964154],[4.914324128191212,52.367406162185944],[4.914417766131229,52.36737110659955],[4.914434162769887,52.36737422789337],[4.9144221633870355,52.36740074763761],[4.914429105839959,52.36740786665966],[4.91440183860368,52.367413518895546],[4.914386200984746,52.36741908275244]]]},"properties":{"buildingId":"bag:0363100012181537","surfaceId":"NL.IMBAG.Pand.0363100012181537-0:lod22:roof:202","status":"proposed","reason":null,"pointColour":"#9ba2a6","orthophotoColour":"#a1aaad","rgbDistance":12.21,"sampleCount":495,"coverage":0.393,"dispersion":30.8,"planeOffsetMetres":0.05,"roofHeight":7.44,"reviewStatus":"machine-proposal","acceptedForNow":false}},{"type":"Feature","geometry":{"type":"Polygon","coordinates":[[[4.914355464294801,52.36742651866367],[4.914357180806939,52.367429401584864],[4.914384244086542,52.36747457402177],[4.9143847055796614,52.36747535779514],[4.914359577238188,52.36748420919849],[4.9143612320286865,52.36748599537296],[4.9143560357491,52.3674872418872],[4.914353962101588,52.36748618204403],[4.914298102533903,52.36744685343482],[4.914312691616125,52.36744186061481],[4.914300486266436,52.36742846512173],[4.914305900491366,52.36741779137681],[4.914355464294801,52.36742651866367]]]},"properties":{"buildingId":"bag:0363100012181537","surfaceId":"NL.IMBAG.Pand.0363100012181537-0:lod22:roof:203","status":"proposed","reason":null,"pointColour":"#75808c","orthophotoColour":"#6e7785","rgbDistance":13.38,"sampleCount":391,"coverage":0.432,"dispersion":38.61,"planeOffsetMetres":0,"roofHeight":6.92,"reviewStatus":"machine-proposal","acceptedForNow":false}},{"type":"Feature","geometry":{"type":"Polygon","coordinates":[[[4.914357180806939,52.367429401584864],[4.914386200984746,52.36741908275244],[4.914425189232369,52.367461255968884],[4.91441323578553,52.367464174179666],[4.914384244086542,52.36747457402177],[4.914357180806939,52.367429401584864]]]},"properties":{"buildingId":"bag:0363100012181537","surfaceId":"NL.IMBAG.Pand.0363100012181537-0:lod22:roof:204","status":"proposed","reason":null,"pointColour":"#9ea6ac","orthophotoColour":"#949aa3","rgbDistance":18.03,"sampleCount":281,"coverage":0.438,"dispersion":17.55,"planeOffsetMetres":0.05,"roofHeight":9.1,"reviewStatus":"machine-proposal","acceptedForNow":false}},{"type":"Feature","geometry":{"type":"Polygon","coordinates":[[[4.914221192506604,52.36760818111877],[4.91423769451277,52.36763034780871],[4.914240589546117,52.367634242062316],[4.914207946562079,52.36764556199694],[4.914180675833073,52.36761572171827],[4.914216473401079,52.3676018528972],[4.914221192506604,52.36760818111877]]]},"properties":{"buildingId":"bag:0363100012181537","surfaceId":"NL.IMBAG.Pand.0363100012181537-0:lod22:roof:205","status":"rejected","reason":"cross-source-colour-disagreement","pointColour":"#6f7883","orthophotoColour":"#4f5a6b","rgbDistance":50,"sampleCount":99,"coverage":0.256,"dispersion":82.71,"planeOffsetMetres":0.2,"roofHeight":6.19,"reviewStatus":"machine-proposal","acceptedForNow":false}},{"type":"Feature","geometry":{"type":"Polygon","coordinates":[[[4.9144160468884905,52.36754483208924],[4.914409993511056,52.36753832778089],[4.9143846474598885,52.36751111964463],[4.914375995500852,52.36750183674374],[4.914372760312612,52.3674995499343],[4.914372830918485,52.36749843574076],[4.914369143528966,52.367494493387404],[4.914368545107831,52.36749415845246],[4.914389567233565,52.367483466145124],[4.9143847055796614,52.36747535779514],[4.914384244086542,52.36747457402177],[4.91441323578553,52.367464174179666],[4.914425189232369,52.367461255968884],[4.914440749457355,52.36745744440045],[4.914465270255301,52.367444977496355],[4.914466417688546,52.36744615047957],[4.914482435029573,52.36744077687002],[4.914513975024586,52.36745992077916],[4.9145210040340945,52.367457540136186],[4.914521932355844,52.367457229272624],[4.914527730876957,52.36746422688165],[4.914534457179061,52.36747234266978],[4.914541809737857,52.36747680296139],[4.914556715019146,52.36749725556868],[4.914551365890612,52.36749906770679],[4.9144160468884905,52.36754483208924]]]},"properties":{"buildingId":"bag:0363100012181537","surfaceId":"NL.IMBAG.Pand.0363100012181537-0:lod22:roof:206","status":"proposed","reason":null,"pointColour":"#747d86","orthophotoColour":"#7a7e88","rgbDistance":6.4,"sampleCount":1724,"coverage":0.503,"dispersion":28.02,"planeOffsetMetres":0.1,"roofHeight":10.13,"reviewStatus":"machine-proposal","acceptedForNow":false}},{"type":"Feature","geometry":{"type":"Polygon","coordinates":[[[4.914409993511056,52.36753832778089],[4.914221192506604,52.36760818111877],[4.914216473401079,52.3676018528972],[4.914224508689791,52.3675987392999],[4.9141995119692155,52.3675745793518],[4.9143846474598885,52.36751111964463],[4.914409993511056,52.36753832778089]]]},"properties":{"buildingId":"bag:0363100012181537","surfaceId":"NL.IMBAG.Pand.0363100012181537-0:lod22:roof:207","status":"rejected","reason":"cross-source-colour-disagreement","pointColour":"#77838f","orthophotoColour":"#5e6a7b","rgbDistance":40.62,"sampleCount":804,"coverage":0.249,"dispersion":53.06,"planeOffsetMetres":0.2,"roofHeight":9.1,"reviewStatus":"machine-proposal","acceptedForNow":false}},{"type":"Feature","geometry":{"type":"Polygon","coordinates":[[[4.9147134565491175,52.36740040950922],[4.914727055294218,52.36742498223824],[4.914734319965398,52.36742253062141],[4.914744787812219,52.367433645246486],[4.9146834281030465,52.36745439566019],[4.914642551045571,52.367462707921874],[4.91463167608741,52.36747189489014],[4.914556715019146,52.36749725556868],[4.914541809737857,52.36747680296139],[4.914534457179061,52.36747234266978],[4.914527730876957,52.36746422688165],[4.9147134565491175,52.36740040950922]]]},"properties":{"buildingId":"bag:0363100012181537","surfaceId":"NL.IMBAG.Pand.0363100012181537-0:lod22:roof:208","status":"rejected","reason":"cross-source-colour-disagreement","pointColour":"#798793","orthophotoColour":"#5f6c80","rgbDistance":42.02,"sampleCount":725,"coverage":0.218,"dispersion":51.71,"planeOffsetMetres":0.3,"roofHeight":8.82,"reviewStatus":"machine-proposal","acceptedForNow":false}},{"type":"Feature","geometry":{"type":"Polygon","coordinates":[[[4.931479754959707,52.36828133292423],[4.931496042666317,52.36830664204893],[4.931466123524361,52.36832476292427],[4.931459886283635,52.3683258983291],[4.931457017679152,52.36832642654909],[4.931458541997794,52.36828952894126],[4.931479754959707,52.36828133292423]]]},"properties":{"buildingId":"bag:0363100012180794","surfaceId":"NL.IMBAG.Pand.0363100012180794-0:lod22:roof:35","status":"rejected","reason":"cross-source-colour-disagreement","pointColour":"#47586c","orthophotoColour":"#9b9797","rgbDistance":113.46,"sampleCount":55,"coverage":0.197,"dispersion":14.26,"planeOffsetMetres":0.9,"roofHeight":16.08,"reviewStatus":"machine-proposal","acceptedForNow":false}},{"type":"Feature","geometry":{"type":"Polygon","coordinates":[[[4.93175398226008,52.36824617667695],[4.931753314027532,52.36826263956338],[4.931734558985438,52.36827026987207],[4.931709228302729,52.36825765256795],[4.931717036898474,52.36825505820075],[4.931705198690188,52.368245413800835],[4.93175398226008,52.36824617667695]]]},"properties":{"buildingId":"bag:0363100012180794","surfaceId":"NL.IMBAG.Pand.0363100012180794-0:lod22:roof:36","status":"rejected","reason":"cross-source-colour-disagreement","pointColour":"#b7b7b2","orthophotoColour":"#9a9898","rgbDistance":49.78,"sampleCount":48,"coverage":0.333,"dispersion":47.43,"planeOffsetMetres":0.15,"roofHeight":16.07,"reviewStatus":"machine-proposal","acceptedForNow":false}},{"type":"Feature","geometry":{"type":"Polygon","coordinates":[[[4.931745564127695,52.368452591641024],[4.93171607797859,52.368445701490906],[4.9317188910606085,52.36842913001637],[4.93174648561116,52.368430054047955],[4.931745564127695,52.368452591641024]]]},"properties":{"buildingId":"bag:0363100012180794","surfaceId":"NL.IMBAG.Pand.0363100012180794-0:lod22:roof:37","status":"rejected","reason":"cross-source-colour-disagreement","pointColour":"#5b6772","orthophotoColour":"#919191","rgbDistance":75.11,"sampleCount":50,"coverage":0.4,"dispersion":27.62,"planeOffsetMetres":0.75,"roofHeight":16.08,"reviewStatus":"machine-proposal","acceptedForNow":false}},{"type":"Feature","geometry":{"type":"Polygon","coordinates":[[[4.93167058851239,52.36836148255377],[4.931670476138742,52.368376716263846],[4.931663915430724,52.36837932441685],[4.931652831610267,52.36838057600037],[4.9316405198874795,52.36837700545405],[4.931641416243913,52.368375507957886],[4.931627154578017,52.36836307702826],[4.931649290178459,52.36836226342833],[4.931651456594661,52.3683586227596],[4.931663773019773,52.368361734950504],[4.93167058851239,52.36836148255377]]]},"properties":{"buildingId":"bag:0363100012180794","surfaceId":"NL.IMBAG.Pand.0363100012180794-0:lod22:roof:38","status":"proposed","reason":null,"pointColour":"#999898","orthophotoColour":"#8f8b90","rgbDistance":18.25,"sampleCount":68,"coverage":0.6,"dispersion":5.39,"planeOffsetMetres":0.05,"roofHeight":20.15,"reviewStatus":"machine-proposal","acceptedForNow":false}},{"type":"Feature","geometry":{"type":"Polygon","coordinates":[[[4.931745564127695,52.368452591641024],[4.931743822250815,52.368494970907406],[4.9314502674506056,52.368490408019085],[4.931456859596257,52.368330380526366],[4.931459844180351,52.3683285675124],[4.931459886283635,52.3683258983291],[4.931466123524361,52.36832476292427],[4.931496042666317,52.36830664204893],[4.931479754959707,52.36828133292423],[4.931458541997794,52.36828952894126],[4.931460502517304,52.3682416140981],[4.931705198690188,52.368245413800835],[4.931717036898474,52.36825505820075],[4.931709228302729,52.36825765256795],[4.931734558985438,52.36827026987207],[4.931753314027532,52.36826263956338],[4.93174648561116,52.368430054047955],[4.9317188910606085,52.36842913001637],[4.93171607797859,52.368445701490906],[4.931745564127695,52.368452591641024]]]},"properties":{"buildingId":"bag:0363100012180794","surfaceId":"NL.IMBAG.Pand.0363100012180794-0:lod22:roof:39","status":"proposed","reason":null,"pointColour":"#979595","orthophotoColour":"#969494","rgbDistance":1.73,"sampleCount":11627,"coverage":0.839,"dispersion":18.83,"planeOffsetMetres":0.1,"roofHeight":19.14,"reviewStatus":"machine-proposal","acceptedForNow":false}},{"type":"Feature","geometry":{"type":"Polygon","coordinates":[[[4.8614024255110735,52.37900333757968],[4.861368110959196,52.37911661917745],[4.861268200403227,52.3791027927637],[4.8612778882163035,52.37907599846962],[4.861308820177649,52.37899037505378],[4.8614024255110735,52.37900333757968]]]},"properties":{"buildingId":"bag:0363100012094709","surfaceId":"NL.IMBAG.Pand.0363100012094709-0:lod22:roof:20","status":"proposed","reason":null,"pointColour":"#69737f","orthophotoColour":"#6a737f","rgbDistance":1,"sampleCount":1308,"coverage":0.47,"dispersion":14.46,"planeOffsetMetres":0.25,"roofHeight":16.07,"reviewStatus":"machine-proposal","acceptedForNow":false}},{"type":"Feature","geometry":{"type":"Polygon","coordinates":[[[4.861412791958607,52.37900476771783],[4.861398891463094,52.37904375762409],[4.861371556588489,52.379117101839256],[4.861368110959196,52.37911661917745],[4.8614024255110735,52.37900333757968],[4.861412791958607,52.37900476771783]]]},"properties":{"buildingId":"bag:0363100012094709","surfaceId":"NL.IMBAG.Pand.0363100012094709-0:lod22:roof:21","status":"rejected","reason":"too-few-points","pointColour":null,"orthophotoColour":"#69717d","rgbDistance":null,"sampleCount":0,"coverage":0,"dispersion":null,"planeOffsetMetres":0,"roofHeight":13.03,"reviewStatus":"machine-proposal","acceptedForNow":false}},{"type":"Feature","geometry":{"type":"Polygon","coordinates":[[[4.8612778882163035,52.37907599846962],[4.861232489377499,52.37906878640968],[4.8612356608271465,52.37906019026391],[4.8612325230728874,52.379059753904166],[4.8612398070810166,52.37903998631798],[4.861247120560809,52.379020209874454],[4.8612502876840145,52.379020646364225],[4.8612637623691395,52.37898413519338],[4.861308820177649,52.37899037505378],[4.8612778882163035,52.37907599846962]]]},"properties":{"buildingId":"bag:0363100012094709","surfaceId":"NL.IMBAG.Pand.0363100012094709-0:lod22:roof:22","status":"rejected","reason":"cross-source-colour-disagreement","pointColour":"#787a80","orthophotoColour":"#5c6575","rgbDistance":36.69,"sampleCount":342,"coverage":0.32,"dispersion":11.58,"planeOffsetMetres":0.15,"roofHeight":14.19,"reviewStatus":"machine-proposal","acceptedForNow":false}},{"type":"Feature","geometry":{"type":"Polygon","coordinates":[[[4.861222277408312,52.379096432205],[4.861232489377499,52.37906878640968],[4.8612778882163035,52.37907599846962],[4.861268200403227,52.3791027927637],[4.861222277408312,52.379096432205]]]},"properties":{"buildingId":"bag:0363100012094709","surfaceId":"NL.IMBAG.Pand.0363100012094709-0:lod22:roof:23","status":"rejected","reason":"cross-source-colour-disagreement","pointColour":"#545f70","orthophotoColour":"#636a78","rgbDistance":20.25,"sampleCount":198,"coverage":0.641,"dispersion":15.78,"planeOffsetMetres":0.2,"roofHeight":15.6,"reviewStatus":"machine-proposal","acceptedForNow":false}},{"type":"Feature","geometry":{"type":"Polygon","coordinates":[[[4.878955841987247,52.379122616294374],[4.878965185843968,52.37910567862226],[4.87906976054127,52.37908078207428],[4.879083291723221,52.379102149986196],[4.878955809121708,52.37913189146536],[4.878955841987247,52.379122616294374]]]},"properties":{"buildingId":"bag:0363100012174984","surfaceId":"NL.IMBAG.Pand.0363100012174984-0:lod22:roof:9","status":"rejected","reason":"cross-source-colour-disagreement","pointColour":"#3b4961","orthophotoColour":"#7f7f86","rgbDistance":94.39,"sampleCount":342,"coverage":0.667,"dispersion":6.56,"planeOffsetMetres":0.4,"roofHeight":16.52,"reviewStatus":"machine-proposal","acceptedForNow":false}},{"type":"Feature","geometry":{"type":"Polygon","coordinates":[[[4.87906976054127,52.37908078207428],[4.878965185843968,52.37910567862226],[4.8789125774390385,52.37908911317007],[4.878911351390952,52.379087166563004],[4.879052449440786,52.37905348403012],[4.87906976054127,52.37908078207428]]]},"properties":{"buildingId":"bag:0363100012174984","surfaceId":"NL.IMBAG.Pand.0363100012174984-0:lod22:roof:10","status":"rejected","reason":"cross-source-colour-disagreement","pointColour":"#818288","orthophotoColour":"#424e64","rgbDistance":89.27,"sampleCount":344,"coverage":0.364,"dispersion":7.68,"planeOffsetMetres":0.2,"roofHeight":15.86,"reviewStatus":"machine-proposal","acceptedForNow":false}},{"type":"Feature","geometry":{"type":"Polygon","coordinates":[[[4.878965185843968,52.37910567862226],[4.878955841987247,52.379122616294374],[4.878955809121708,52.37913189146536],[4.8789415544704555,52.37913520966064],[4.8789125774390385,52.37908911317007],[4.878965185843968,52.37910567862226]]]},"properties":{"buildingId":"bag:0363100012174984","surfaceId":"NL.IMBAG.Pand.0363100012174984-0:lod22:roof:11","status":"rejected","reason":"cross-source-colour-disagreement","pointColour":"#445165","orthophotoColour":"#737b83","rgbDistance":69.81,"sampleCount":92,"coverage":0.325,"dispersion":41.34,"planeOffsetMetres":0.2,"roofHeight":15.81,"reviewStatus":"machine-proposal","acceptedForNow":false}},{"type":"Feature","geometry":{"type":"Polygon","coordinates":[[[4.896480697010144,52.377750846980334],[4.896506507720497,52.37770241138417],[4.8965335480775956,52.37770610053564],[4.8965131425832045,52.37774385418805],[4.896480697010144,52.377750846980334]]]},"properties":{"buildingId":"bag:0363100012178494","surfaceId":"NL.IMBAG.Pand.0363100012178494-0:lod22:roof:27","status":"proposed","reason":null,"pointColour":"#747981","orthophotoColour":"#757a83","rgbDistance":2.45,"sampleCount":105,"coverage":0.295,"dispersion":4.69,"planeOffsetMetres":0.2,"roofHeight":20.13,"reviewStatus":"machine-proposal","acceptedForNow":false}},{"type":"Feature","geometry":{"type":"Polygon","coordinates":[[[4.896597891539392,52.37767656392749],[4.89660384548291,52.37767203183231],[4.896605222858643,52.37767098597817],[4.896667732536937,52.377681095456374],[4.896601163206566,52.377816264275914],[4.896552463992204,52.377808297132844],[4.896552789319554,52.37780544039308],[4.8965352311347425,52.37780220397096],[4.896557381819601,52.37776467325091],[4.896557626162628,52.37776249924057],[4.896551079097412,52.377759578074645],[4.896540544491178,52.37775867160552],[4.896542579914322,52.37774991703434],[4.896576703422893,52.377718691357124],[4.896597891539392,52.37767656392749]]]},"properties":{"buildingId":"bag:0363100012178494","surfaceId":"NL.IMBAG.Pand.0363100012178494-0:lod22:roof:28","status":"proposed","reason":null,"pointColour":"#929598","orthophotoColour":"#909294","rgbDistance":5.39,"sampleCount":1141,"coverage":0.387,"dispersion":46.05,"planeOffsetMetres":0.15,"roofHeight":20.4,"reviewStatus":"machine-proposal","acceptedForNow":false}},{"type":"Feature","geometry":{"type":"Polygon","coordinates":[[[4.896568555673408,52.37766531561367],[4.896500598498055,52.37779581401263],[4.8964986328390765,52.37779958968775],[4.896458185663078,52.37779309473276],[4.896480697010144,52.377750846980334],[4.8965131425832045,52.37774385418805],[4.8965335480775956,52.37770610053564],[4.896506507720497,52.37770241138417],[4.8965294835697035,52.377659320703195],[4.896568555673408,52.37766531561367]]]},"properties":{"buildingId":"bag:0363100012178494","surfaceId":"NL.IMBAG.Pand.0363100012178494-0:lod22:roof:29","status":"proposed","reason":null,"pointColour":"#74777f","orthophotoColour":"#72747e","rgbDistance":3.74,"sampleCount":340,"coverage":0.317,"dispersion":10.46,"planeOffsetMetres":0.15,"roofHeight":19.59,"reviewStatus":"machine-proposal","acceptedForNow":false}},{"type":"Feature","geometry":{"type":"Polygon","coordinates":[[[4.896500598498055,52.37779581401263],[4.896568555673408,52.37766531561367],[4.896600443663866,52.37767022019892],[4.896603654203119,52.37767073681138],[4.89660384548291,52.37767203183231],[4.896597891539392,52.37767656392749],[4.896576703422893,52.377718691357124],[4.896542579914322,52.37774991703434],[4.896540544491178,52.37775867160552],[4.896551079097412,52.377759578074645],[4.896557626162628,52.37776249924057],[4.896557381819601,52.37776467325091],[4.8965352311347425,52.37780220397096],[4.896500598498055,52.37779581401263]]]},"properties":{"buildingId":"bag:0363100012178494","surfaceId":"NL.IMBAG.Pand.0363100012178494-0:lod22:roof:30","status":"proposed","reason":null,"pointColour":"#656b75","orthophotoColour":"#646976","rgbDistance":2.45,"sampleCount":466,"coverage":0.448,"dispersion":20.3,"planeOffsetMetres":0.1,"roofHeight":18.8,"reviewStatus":"machine-proposal","acceptedForNow":false}},{"type":"Feature","geometry":{"type":"Polygon","coordinates":[[[4.914098567935541,52.37786119462169],[4.914111325200564,52.377858908790344],[4.914119463314947,52.377876620083256],[4.9140558875363585,52.37788758271211],[4.914055097954077,52.377885880884385],[4.914105933064075,52.37787702440066],[4.914098567935541,52.37786119462169]]]},"properties":{"buildingId":"bag:0363100012118833","surfaceId":"NL.IMBAG.Pand.0363100012118833-0:lod22:roof:209","status":"rejected","reason":"too-few-points","pointColour":null,"orthophotoColour":"#898b90","rgbDistance":null,"sampleCount":0,"coverage":0,"dispersion":null,"planeOffsetMetres":0,"roofHeight":53,"reviewStatus":"machine-proposal","acceptedForNow":false}},{"type":"Feature","geometry":{"type":"Polygon","coordinates":[[[4.91395339467069,52.37839527404247],[4.913750086485158,52.37793905527664],[4.9138282889950355,52.37792541902602],[4.913941103086343,52.37828233957905],[4.913992051020375,52.378392336758615],[4.913976733395044,52.378395070717595],[4.913975568486656,52.378391381111015],[4.91395339467069,52.37839527404247]]]},"properties":{"buildingId":"bag:0363100012118833","surfaceId":"NL.IMBAG.Pand.0363100012118833-0:lod22:roof:210","status":"rejected","reason":"sparse-coverage","pointColour":null,"orthophotoColour":"#a5a3a1","rgbDistance":null,"sampleCount":1305,"coverage":0.083,"dispersion":null,"planeOffsetMetres":0.5,"roofHeight":11.74,"reviewStatus":"machine-proposal","acceptedForNow":false}},{"type":"Feature","geometry":{"type":"Polygon","coordinates":[[[4.914735549428931,52.37826928915939],[4.914725642960816,52.378247975781164],[4.9147294829025885,52.37824733500099],[4.914729769817554,52.378247974271446],[4.914780266386351,52.37823921501184],[4.914789197020639,52.37826114464284],[4.914735549428931,52.37826928915939]]]},"properties":{"buildingId":"bag:0363100012118833","surfaceId":"NL.IMBAG.Pand.0363100012118833-0:lod22:roof:211","status":"proposed","reason":null,"pointColour":"#596a7d","orthophotoColour":"#5f6e7e","rgbDistance":7.28,"sampleCount":141,"coverage":0.476,"dispersion":30.54,"planeOffsetMetres":0.3,"roofHeight":12.95,"reviewStatus":"machine-proposal","acceptedForNow":false}},{"type":"Feature","geometry":{"type":"Polygon","coordinates":[[[4.913659316268306,52.378399365204274],[4.913498896783381,52.37805157419238],[4.913515545523857,52.378047955838895],[4.913676855100002,52.3783962986363],[4.913659316268306,52.378399365204274]]]},"properties":{"buildingId":"bag:0363100012118833","surfaceId":"NL.IMBAG.Pand.0363100012118833-0:lod22:roof:212","status":"rejected","reason":"sparse-coverage","pointColour":null,"orthophotoColour":"#bbc4c9","rgbDistance":null,"sampleCount":423,"coverage":0.065,"dispersion":null,"planeOffsetMetres":0.4,"roofHeight":26.63,"reviewStatus":"machine-proposal","acceptedForNow":false}},{"type":"Feature","geometry":{"type":"Polygon","coordinates":[[[4.91320785351505,52.378511172338506],[4.913289423823748,52.3784903417979],[4.913282666169728,52.378476779297685],[4.9132640980481606,52.3784620910071],[4.913377754010278,52.37844024737929],[4.913403374637009,52.37849176844554],[4.913215153947093,52.37852479094159],[4.91320785351505,52.378511172338506]]]},"properties":{"buildingId":"bag:0363100012118833","surfaceId":"NL.IMBAG.Pand.0363100012118833-0:lod22:roof:213","status":"proposed","reason":null,"pointColour":"#656f7b","orthophotoColour":"#636d7b","rgbDistance":2.83,"sampleCount":960,"coverage":0.372,"dispersion":39.87,"planeOffsetMetres":0.35,"roofHeight":26.14,"reviewStatus":"machine-proposal","acceptedForNow":false}},{"type":"Feature","geometry":{"type":"Polygon","coordinates":[[[4.912680012767865,52.37789335685453],[4.912773019862018,52.37809519752197],[4.91278151712553,52.37811361138592],[4.912598243870828,52.37814553824811],[4.912595485114843,52.37813983798516],[4.9127776117181075,52.37810801438563],[4.912677055208675,52.37789388426423],[4.912680012767865,52.37789335685453]]]},"properties":{"buildingId":"bag:0363100012118833","surfaceId":"NL.IMBAG.Pand.0363100012118833-0:lod22:roof:214","status":"rejected","reason":"too-few-points","pointColour":null,"orthophotoColour":"#4c5d74","rgbDistance":null,"sampleCount":3,"coverage":0,"dispersion":null,"planeOffsetMetres":0.05,"roofHeight":19.77,"reviewStatus":"machine-proposal","acceptedForNow":false}},{"type":"Feature","geometry":{"type":"Polygon","coordinates":[[[4.913301585777748,52.37849568421684],[4.913302400126354,52.378493692209396],[4.913302937144638,52.37849703777786],[4.913301585777748,52.37849568421684]]]},"properties":{"buildingId":"bag:0363100012118833","surfaceId":"NL.IMBAG.Pand.0363100012118833-0:lod22:roof:215","status":"rejected","reason":"too-few-points","pointColour":null,"orthophotoColour":null,"rgbDistance":null,"sampleCount":0,"coverage":0,"dispersion":null,"planeOffsetMetres":0,"roofHeight":7.87,"reviewStatus":"machine-proposal","acceptedForNow":false}},{"type":"Feature","geometry":{"type":"Polygon","coordinates":[[[4.914065465682113,52.378199817271316],[4.914065411572257,52.37818561651037],[4.914114233951783,52.37816997526519],[4.914127288361297,52.37818114518595],[4.914065465682113,52.378199817271316]]]},"properties":{"buildingId":"bag:0363100012118833","surfaceId":"NL.IMBAG.Pand.0363100012118833-0:lod22:roof:216","status":"proposed","reason":null,"pointColour":"#31465a","orthophotoColour":"#30445b","rgbDistance":2.45,"sampleCount":66,"coverage":0.222,"dispersion":2.69,"planeOffsetMetres":0.45,"roofHeight":13.67,"reviewStatus":"machine-proposal","acceptedForNow":false}},{"type":"Feature","geometry":{"type":"Polygon","coordinates":[[[4.912815963911987,52.37859482431833],[4.912817591700767,52.37859642165972],[4.912806350923664,52.37859832695675],[4.912805575870285,52.37859664315443],[4.912815963911987,52.37859482431833]]]},"properties":{"buildingId":"bag:0363100012118833","surfaceId":"NL.IMBAG.Pand.0363100012118833-0:lod22:roof:217","status":"rejected","reason":"too-few-points","pointColour":null,"orthophotoColour":null,"rgbDistance":null,"sampleCount":0,"coverage":0,"dispersion":null,"planeOffsetMetres":0,"roofHeight":1.71,"reviewStatus":"machine-proposal","acceptedForNow":false}},{"type":"Feature","geometry":{"type":"Polygon","coordinates":[[[4.9142529719814565,52.37831209449884],[4.9140648743424,52.37790696012182],[4.914128749627108,52.37789683453952],[4.914257452106977,52.37817705442913],[4.914310627748887,52.37829856460754],[4.9142529719814565,52.37831209449884]]]},"properties":{"buildingId":"bag:0363100012118833","surfaceId":"NL.IMBAG.Pand.0363100012118833-0:lod22:roof:218","status":"rejected","reason":"sparse-coverage","pointColour":null,"orthophotoColour":"#59606e","rgbDistance":null,"sampleCount":1382,"coverage":0.094,"dispersion":null,"planeOffsetMetres":0.45,"roofHeight":19.71,"reviewStatus":"machine-proposal","acceptedForNow":false}},{"type":"Feature","geometry":{"type":"Polygon","coordinates":[[[4.913564337864481,52.37839405111796],[4.913562269970003,52.37840478313229],[4.913516324962809,52.37841361400618],[4.913515978937547,52.378413010447034],[4.913514846418997,52.37840216676696],[4.913538076206482,52.37839841295662],[4.913562487851739,52.37839400776772],[4.913564337864481,52.37839405111796]]]},"properties":{"buildingId":"bag:0363100012118833","surfaceId":"NL.IMBAG.Pand.0363100012118833-0:lod22:roof:219","status":"rejected","reason":"cross-source-colour-disagreement","pointColour":"#aab2b9","orthophotoColour":"#6e7784","rgbDistance":99.45,"sampleCount":81,"coverage":0.571,"dispersion":47.03,"planeOffsetMetres":0.1,"roofHeight":26.89,"reviewStatus":"machine-proposal","acceptedForNow":false}},{"type":"Feature","geometry":{"type":"Polygon","coordinates":[[[4.912859458134417,52.3783277047446],[4.912878961081582,52.37832774691429],[4.912887462304506,52.37833755956893],[4.912869716208399,52.378340777980554],[4.912859458134417,52.3783277047446]]]},"properties":{"buildingId":"bag:0363100012118833","surfaceId":"NL.IMBAG.Pand.0363100012118833-0:lod22:roof:220","status":"rejected","reason":"too-few-points","pointColour":null,"orthophotoColour":"#506079","rgbDistance":null,"sampleCount":0,"coverage":0,"dispersion":null,"planeOffsetMetres":0,"roofHeight":24.38,"reviewStatus":"machine-proposal","acceptedForNow":false}},{"type":"Feature","geometry":{"type":"Polygon","coordinates":[[[4.912971879663916,52.37838146098374],[4.912953483871324,52.378389125711024],[4.912936990230305,52.37838097073708],[4.9129626005895926,52.37836885004957],[4.912971879663916,52.37838146098374]]]},"properties":{"buildingId":"bag:0363100012118833","surfaceId":"NL.IMBAG.Pand.0363100012118833-0:lod22:roof:221","status":"rejected","reason":"too-few-points","pointColour":null,"orthophotoColour":"#6e7683","rgbDistance":null,"sampleCount":0,"coverage":0,"dispersion":null,"planeOffsetMetres":0,"roofHeight":24.73,"reviewStatus":"machine-proposal","acceptedForNow":false}},{"type":"Feature","geometry":{"type":"Polygon","coordinates":[[[4.9140648743424,52.37790696012182],[4.9142529719814565,52.37831209449884],[4.914310627748887,52.37829856460754],[4.914316706604467,52.378312456882476],[4.914187214964956,52.378365029969494],[4.9141774308713,52.378366689559854],[4.914169152767622,52.37836071563199],[4.913992051020375,52.378392336758615],[4.913941103086343,52.37828233957905],[4.9138282889950355,52.37792541902602],[4.914000069394841,52.37789547555489],[4.914001921468452,52.37789257094522],[4.9140046077398285,52.37788993929961],[4.914006235900597,52.37788875044335],[4.914010003242521,52.377886653391094],[4.914012083298036,52.37788578090954],[4.914014323647639,52.377885025908434],[4.914019049973168,52.37788389437041],[4.914024034596952,52.377883330088636],[4.914026590740312,52.377883259413345],[4.914031639778337,52.37788354023123],[4.914034118083414,52.37788388267841],[4.91403883502707,52.3778850070116],[4.914043179463525,52.37788663316669],[4.914045122282477,52.37788761159972],[4.914055097954077,52.377885880884385],[4.9140558875363585,52.37788758271211],[4.914119463314947,52.377876620083256],[4.914128749627108,52.37789683453952],[4.9140648743424,52.37790696012182]]]},"properties":{"buildingId":"bag:0363100012118833","surfaceId":"NL.IMBAG.Pand.0363100012118833-0:lod22:roof:222","status":"rejected","reason":"mixed-colours","pointColour":null,"orthophotoColour":"#45586f","rgbDistance":null,"sampleCount":16294,"coverage":0.36,"dispersion":131.23,"planeOffsetMetres":0.25,"roofHeight":12.51,"reviewStatus":"machine-proposal","acceptedForNow":false}},{"type":"Feature","geometry":{"type":"Polygon","coordinates":[[[4.914290294869059,52.37782681860035],[4.914297120060431,52.37782029383336],[4.914299682522459,52.37782513944229],[4.914324078803736,52.377820760998624],[4.9144498478403085,52.37810898598271],[4.914542688928785,52.37828448165647],[4.914527592233995,52.37828716264227],[4.914528638520472,52.378289584506156],[4.914508362797534,52.378293152573306],[4.914498755342731,52.378294776944536],[4.914497781432334,52.37829245423383],[4.914423901811677,52.37830556892473],[4.9144249540329215,52.37830743357669],[4.914415302131769,52.37830909371443],[4.914414455318524,52.378307247857855],[4.914390397698244,52.37831151982042],[4.914386480766298,52.37824637041915],[4.91437011790252,52.37821077676106],[4.914267105636458,52.37802925452666],[4.914283311297514,52.378023108755876],[4.914283223065379,52.37802174227514],[4.914219179021309,52.37788242899691],[4.914198895539249,52.37788260862188],[4.914207136888115,52.3778562177406],[4.914200979333825,52.37784282845461],[4.914290294869059,52.37782681860035]]]},"properties":{"buildingId":"bag:0363100012118833","surfaceId":"NL.IMBAG.Pand.0363100012118833-0:lod22:roof:223","status":"proposed","reason":null,"pointColour":"#69727f","orthophotoColour":"#6b7581","rgbDistance":4.12,"sampleCount":8908,"coverage":0.313,"dispersion":20.32,"planeOffsetMetres":0.4,"roofHeight":71.14,"reviewStatus":"machine-proposal","acceptedForNow":false}},{"type":"Feature","geometry":{"type":"Polygon","coordinates":[[[4.91278151712553,52.37811361138592],[4.9131297737094055,52.3780529551098],[4.913143068912583,52.378078668182184],[4.913258007916495,52.378058986851514],[4.91331956972514,52.378103227953275],[4.913126672812933,52.37819878589596],[4.913133026461396,52.378203422015474],[4.913403191600892,52.37816110173254],[4.913403866672058,52.37815702402364],[4.913444837991622,52.37815458151625],[4.913485189924873,52.37814825383612],[4.913504784991401,52.37819603886429],[4.913440234187546,52.37819923190169],[4.913520844050888,52.378375515304484],[4.91351235764467,52.37837805183636],[4.913513675027471,52.378390837596285],[4.913492740911357,52.37839553530463],[4.913503815916507,52.37841601760649],[4.913377754010278,52.37844024737929],[4.9132640980481606,52.3784620910071],[4.913282666169728,52.378476779297685],[4.913289423823748,52.3784903417979],[4.91320785351505,52.378511172338506],[4.913215153947093,52.37852479094159],[4.913054094934016,52.37855305057126],[4.913056382996459,52.378556079595256],[4.913003828282823,52.37856496469455],[4.91300262552703,52.37856207483084],[4.912996430913434,52.378563164497926],[4.912996721999574,52.37856615856313],[4.912817591700767,52.37859642165972],[4.912815963911987,52.37859482431833],[4.912805575870285,52.37859664315443],[4.912788163527888,52.378559040818594],[4.912752011436687,52.378565367113474],[4.912588851872444,52.37821348347342],[4.912589773153238,52.37821248054486],[4.912584346923525,52.37820078379086],[4.912619968327609,52.378194617199036],[4.912615171909805,52.37818445087734],[4.912616405530424,52.37818308070518],[4.912598243870828,52.37814553824811],[4.91278151712553,52.37811361138592]]]},"properties":{"buildingId":"bag:0363100012118833","surfaceId":"NL.IMBAG.Pand.0363100012118833-0:lod22:roof:224","status":"proposed","reason":null,"pointColour":"#6b7581","orthophotoColour":"#68727f","rgbDistance":4.69,"sampleCount":41225,"coverage":0.482,"dispersion":64.1,"planeOffsetMetres":0.25,"roofHeight":26.33,"reviewStatus":"machine-proposal","acceptedForNow":false}},{"type":"Feature","geometry":{"type":"Polygon","coordinates":[[[4.914597912973181,52.37807603495469],[4.914612577755847,52.378240675992274],[4.914594303566427,52.3782700377334],[4.9145560360839475,52.3782764639879],[4.914498410187949,52.37815216794904],[4.914346253162267,52.377816787111136],[4.914349475610469,52.377816206791344],[4.914357401482666,52.377833171242294],[4.914465501361837,52.37781432425044],[4.9145855676632975,52.37807135702562],[4.914597912973181,52.37807603495469]]]},"properties":{"buildingId":"bag:0363100012118833","surfaceId":"NL.IMBAG.Pand.0363100012118833-0:lod22:roof:225","status":"rejected","reason":"sparse-coverage","pointColour":null,"orthophotoColour":"#bcb9b2","rgbDistance":null,"sampleCount":336,"coverage":0.027,"dispersion":null,"planeOffsetMetres":-0.6,"roofHeight":60.55,"reviewStatus":"machine-proposal","acceptedForNow":false}},{"type":"Feature","geometry":{"type":"Polygon","coordinates":[[[4.914612577755847,52.378240675992274],[4.914597912973181,52.37807603495469],[4.9145855676632975,52.37807135702562],[4.914465501361837,52.37781432425044],[4.914523899116044,52.37780414063756],[4.9147294829025885,52.37824733500099],[4.914725642960816,52.378247975781164],[4.914594303566427,52.3782700377334],[4.914612577755847,52.378240675992274]]]},"properties":{"buildingId":"bag:0363100012118833","surfaceId":"NL.IMBAG.Pand.0363100012118833-0:lod22:roof:226","status":"proposed","reason":null,"pointColour":"#b8b5b0","orthophotoColour":"#b6b3af","rgbDistance":3,"sampleCount":5644,"coverage":0.256,"dispersion":27.16,"planeOffsetMetres":0.25,"roofHeight":12.54,"reviewStatus":"machine-proposal","acceptedForNow":false}},{"type":"Feature","geometry":{"type":"Polygon","coordinates":[[[4.91457828727536,52.37833558391952],[4.914570983135282,52.37831952073563],[4.9143405675697,52.37835693335926],[4.914332871694609,52.37834042819965],[4.914329208254615,52.37834104270874],[4.914316706604467,52.378312456882476],[4.914310627748887,52.37829856460754],[4.914257452106977,52.37817705442913],[4.914128749627108,52.37789683453952],[4.914119463314947,52.377876620083256],[4.914111325200564,52.377858908790344],[4.914098567935541,52.37786119462169],[4.914086134260388,52.37783452341644],[4.914110705835115,52.377830235593905],[4.914116113448061,52.377836827197115],[4.914154032667549,52.377829977272626],[4.914150255811298,52.37782332927189],[4.914330157992605,52.37779191682356],[4.914332827974882,52.37779769758062],[4.9143372275609325,52.37779690625731],[4.914346253162267,52.377816787111136],[4.914498410187949,52.37815216794904],[4.9145560360839475,52.3782764639879],[4.914583054435315,52.37833475810328],[4.91457828727536,52.37833558391952]]]},"properties":{"buildingId":"bag:0363100012118833","surfaceId":"NL.IMBAG.Pand.0363100012118833-0:lod22:roof:227","status":"rejected","reason":"sparse-coverage","pointColour":null,"orthophotoColour":"#69737f","rgbDistance":null,"sampleCount":7622,"coverage":0.168,"dispersion":null,"planeOffsetMetres":0.3,"roofHeight":66.06,"reviewStatus":"machine-proposal","acceptedForNow":false}},{"type":"Feature","geometry":{"type":"Polygon","coordinates":[[[4.913510464863904,52.378206010954194],[4.913574457997362,52.378341675407256],[4.91357396079785,52.37834422592162],[4.913598487372287,52.37839781872594],[4.913562269970003,52.37840478313229],[4.913564337864481,52.37839405111796],[4.913562487851739,52.37839400776772],[4.913538076206482,52.37839841295662],[4.913514846418997,52.37840216676696],[4.913515978937547,52.378413010447034],[4.913516324962809,52.37841361400618],[4.913503815916507,52.37841601760649],[4.913492740911357,52.37839553530463],[4.913513675027471,52.378390837596285],[4.91351235764467,52.37837805183636],[4.913520844050888,52.378375515304484],[4.913440234187546,52.37819923190169],[4.913504784991401,52.37819603886429],[4.913508949940678,52.37820622059877],[4.913510464863904,52.378206010954194]]]},"properties":{"buildingId":"bag:0363100012118833","surfaceId":"NL.IMBAG.Pand.0363100012118833-0:lod22:roof:228","status":"rejected","reason":"mixed-colours","pointColour":null,"orthophotoColour":"#7f838c","rgbDistance":null,"sampleCount":1953,"coverage":0.356,"dispersion":172.74,"planeOffsetMetres":0.35,"roofHeight":26.32,"reviewStatus":"machine-proposal","acceptedForNow":false}},{"type":"Feature","geometry":{"type":"Polygon","coordinates":[[[4.913720672749312,52.378388636581185],[4.913676855100002,52.3783962986363],[4.913515545523857,52.378047955838895],[4.913542498542084,52.37804209582714],[4.913566045080945,52.37804441895503],[4.913720672749312,52.378388636581185]]]},"properties":{"buildingId":"bag:0363100012118833","surfaceId":"NL.IMBAG.Pand.0363100012118833-0:lod22:roof:229","status":"proposed","reason":null,"pointColour":"#ced3d5","orthophotoColour":"#dadddd","rgbDistance":17.55,"sampleCount":2983,"coverage":0.245,"dispersion":36.48,"planeOffsetMetres":-0.2,"roofHeight":27.12,"reviewStatus":"machine-proposal","acceptedForNow":false}},{"type":"Feature","geometry":{"type":"Polygon","coordinates":[[[4.913143068912583,52.378078668182184],[4.9131297737094055,52.3780529551098],[4.913126867266491,52.378047326169565],[4.913588119723792,52.37796728503688],[4.913750086485158,52.37793905527664],[4.91395339467069,52.37839527404247],[4.913403374637009,52.37849176844554],[4.913377754010278,52.37844024737929],[4.913503815916507,52.37841601760649],[4.913516324962809,52.37841361400618],[4.913562269970003,52.37840478313229],[4.913598487372287,52.37839781872594],[4.91357396079785,52.37834422592162],[4.913574457997362,52.378341675407256],[4.913510464863904,52.378206010954194],[4.913508949940678,52.37820622059877],[4.913504784991401,52.37819603886429],[4.913485189924873,52.37814825383612],[4.913444837991622,52.37815458151625],[4.913403866672058,52.37815702402364],[4.913403191600892,52.37816110173254],[4.913133026461396,52.378203422015474],[4.913126672812933,52.37819878589596],[4.91331956972514,52.378103227953275],[4.913258007916495,52.378058986851514],[4.913143068912583,52.378078668182184]]]},"properties":{"buildingId":"bag:0363100012118833","surfaceId":"NL.IMBAG.Pand.0363100012118833-0:lod22:roof:230","status":"proposed","reason":null,"pointColour":"#6d7783","orthophotoColour":"#717b87","rgbDistance":6.93,"sampleCount":23618,"coverage":0.3,"dispersion":34.44,"planeOffsetMetres":0.35,"roofHeight":26.1,"reviewStatus":"machine-proposal","acceptedForNow":false}},{"type":"Feature","geometry":{"type":"Polygon","coordinates":[[[4.9131297737094055,52.3780529551098],[4.91278151712553,52.37811361138592],[4.912773019862018,52.37809519752197],[4.912680012767865,52.37789335685453],[4.9126792949350575,52.37789181708343],[4.912990133480001,52.37783767114881],[4.913089906973437,52.37805373920829],[4.913126867266491,52.378047326169565],[4.9131297737094055,52.3780529551098]]]},"properties":{"buildingId":"bag:0363100012118833","surfaceId":"NL.IMBAG.Pand.0363100012118833-0:lod22:roof:231","status":"proposed","reason":null,"pointColour":"#4b5a70","orthophotoColour":"#4d5c72","rgbDistance":3.46,"sampleCount":9719,"coverage":0.458,"dispersion":47.33,"planeOffsetMetres":0.25,"roofHeight":21.34,"reviewStatus":"machine-proposal","acceptedForNow":false}},{"type":"Feature","geometry":{"type":"Polygon","coordinates":[[[4.914666691015846,52.37831839275453],[4.914638213036989,52.37828405400453],[4.914735549428931,52.37826928915939],[4.914789197020639,52.37826114464284],[4.914780266386351,52.37823921501184],[4.914832690295326,52.37823013087447],[4.914860305037618,52.37828485919392],[4.914666691015846,52.37831839275453]]]},"properties":{"buildingId":"bag:0363100012118833","surfaceId":"NL.IMBAG.Pand.0363100012118833-0:lod22:roof:232","status":"rejected","reason":"mixed-colours","pointColour":null,"orthophotoColour":"#45576e","rgbDistance":null,"sampleCount":616,"coverage":0.216,"dispersion":107.27,"planeOffsetMetres":0.2,"roofHeight":11.65,"reviewStatus":"machine-proposal","acceptedForNow":false}},{"type":"Feature","geometry":{"type":"Polygon","coordinates":[[[4.925926967228247,52.37914360361983],[4.926035689395944,52.37911134786792],[4.9260427715375945,52.37912657361138],[4.925928317982567,52.379146466962965],[4.925926967228247,52.37914360361983]]]},"properties":{"buildingId":"bag:0363100012075603","surfaceId":"NL.IMBAG.Pand.0363100012075603-0:lod22:roof:24","status":"rejected","reason":"cross-source-colour-disagreement","pointColour":"#bdb8ae","orthophotoColour":"#91908d","rgbDistance":68.01,"sampleCount":108,"coverage":0.227,"dispersion":77.98,"planeOffsetMetres":0.2,"roofHeight":12.78,"reviewStatus":"machine-proposal","acceptedForNow":false}},{"type":"Feature","geometry":{"type":"Polygon","coordinates":[[[4.92588433539538,52.37905293163193],[4.925961526595603,52.37904174605805],[4.925998425586945,52.379031239372324],[4.926035689395944,52.37911134786792],[4.925926967228247,52.37914360361983],[4.92588433539538,52.37905293163193]]]},"properties":{"buildingId":"bag:0363100012075603","surfaceId":"NL.IMBAG.Pand.0363100012075603-0:lod22:roof:25","status":"proposed","reason":null,"pointColour":"#8f8d8d","orthophotoColour":"#89888a","rgbDistance":8.37,"sampleCount":931,"coverage":0.304,"dispersion":16.23,"planeOffsetMetres":0.3,"roofHeight":12.13,"reviewStatus":"machine-proposal","acceptedForNow":false}},{"type":"Feature","geometry":{"type":"Polygon","coordinates":[[[4.92587624587249,52.37903572466491],[4.925828010444997,52.37893314012559],[4.92594344969108,52.37891303500659],[4.925992636421248,52.37901878686643],[4.925925505581039,52.37902855564447],[4.925903676453318,52.379034681098716],[4.925903280569224,52.37903179451183],[4.92587624587249,52.37903572466491]]]},"properties":{"buildingId":"bag:0363100012075603","surfaceId":"NL.IMBAG.Pand.0363100012075603-0:lod22:roof:26","status":"proposed","reason":null,"pointColour":"#bdb7af","orthophotoColour":"#b6b0a9","rgbDistance":11.58,"sampleCount":1335,"coverage":0.379,"dispersion":33.87,"planeOffsetMetres":0.35,"roofHeight":12.12,"reviewStatus":"machine-proposal","acceptedForNow":false}},{"type":"Feature","geometry":{"type":"Polygon","coordinates":[[[4.9257873000391985,52.379167416112324],[4.92578432889251,52.379167844931764],[4.925686842166671,52.378958717223234],[4.925690019838054,52.37895819933439],[4.925689588987774,52.378957262936666],[4.925828010444997,52.37893314012559],[4.92587624587249,52.37903572466491],[4.925903280569224,52.37903179451183],[4.925903676453318,52.379034681098716],[4.925925505581039,52.37902855564447],[4.925992636421248,52.37901878686643],[4.925998425586945,52.379031239372324],[4.925961526595603,52.37904174605805],[4.92588433539538,52.37905293163193],[4.925926967228247,52.37914360361983],[4.925928317982567,52.379146466962965],[4.925788822528552,52.37917071153475],[4.9257873000391985,52.379167416112324]]]},"properties":{"buildingId":"bag:0363100012075603","surfaceId":"NL.IMBAG.Pand.0363100012075603-0:lod22:roof:27","status":"proposed","reason":null,"pointColour":"#92918f","orthophotoColour":"#92908e","rgbDistance":1.41,"sampleCount":5537,"coverage":0.42,"dispersion":24.55,"planeOffsetMetres":0.3,"roofHeight":14.87,"reviewStatus":"machine-proposal","acceptedForNow":false}},{"type":"Feature","geometry":{"type":"Polygon","coordinates":[[[4.864326189232068,52.38572655203957],[4.864321658844282,52.385799323438576],[4.864296884005811,52.38579639191245],[4.864289484089939,52.385796116570845],[4.864289791038979,52.38579375416046],[4.864293809020185,52.38572582487155],[4.864326189232068,52.38572655203957]]]},"properties":{"buildingId":"bag:0363100012207564","surfaceId":"NL.IMBAG.Pand.0363100012207564-0:lod22:roof:11","status":"proposed","reason":null,"pointColour":"#3f4d61","orthophotoColour":"#4b5567","rgbDistance":15.62,"sampleCount":137,"coverage":0.412,"dispersion":8.2,"planeOffsetMetres":0.15,"roofHeight":4.27,"reviewStatus":"machine-proposal","acceptedForNow":false}},{"type":"Feature","geometry":{"type":"Polygon","coordinates":[[[4.864321658844282,52.385799323438576],[4.864326189232068,52.38572655203957],[4.864360038141884,52.38572729467054],[4.864357508960708,52.385769876226036],[4.864359564862715,52.38576992125338],[4.864363947800296,52.38580431856456],[4.864321658844282,52.385799323438576]]]},"properties":{"buildingId":"bag:0363100012207564","surfaceId":"NL.IMBAG.Pand.0363100012207564-0:lod22:roof:12","status":"proposed","reason":null,"pointColour":"#4f5a69","orthophotoColour":"#505c68","rgbDistance":2.45,"sampleCount":220,"coverage":0.426,"dispersion":12.19,"planeOffsetMetres":0.15,"roofHeight":4,"reviewStatus":"machine-proposal","acceptedForNow":false}},{"type":"Feature","geometry":{"type":"Polygon","coordinates":[[[4.878958414811112,52.39039151636051],[4.878933839812861,52.3904272268251],[4.878935087605676,52.3904273040814],[4.878923433300963,52.39044182310437],[4.878786258066526,52.39040055607463],[4.878794155486073,52.390390829349606],[4.878804362667089,52.39035646830668],[4.878812580028645,52.39035855277174],[4.878827966238591,52.39034910984459],[4.8788463990174975,52.39032636024278],[4.878983164315557,52.39036749062966],[4.878967918643064,52.3903864611258],[4.878972091063907,52.390387710342964],[4.878966510901288,52.39039264759982],[4.878958414811112,52.39039151636051]]]},"properties":{"buildingId":"bag:0363100012064867","surfaceId":"NL.IMBAG.Pand.0363100012064867-0:lod22:roof:20","status":"proposed","reason":null,"pointColour":"#b0a89f","orthophotoColour":"#b0a79f","rgbDistance":1,"sampleCount":2093,"coverage":0.546,"dispersion":13.93,"planeOffsetMetres":0.2,"roofHeight":16.89,"reviewStatus":"machine-proposal","acceptedForNow":false}},{"type":"Feature","geometry":{"type":"Polygon","coordinates":[[[4.878794155486073,52.390390829349606],[4.878786258066526,52.39040055607463],[4.878771047309371,52.3903959789611],[4.878830778414173,52.390321655550046],[4.8788463990174975,52.39032636024278],[4.878827966238591,52.39034910984459],[4.878812580028645,52.39035855277174],[4.878804362667089,52.39035646830668],[4.878794155486073,52.390390829349606]]]},"properties":{"buildingId":"bag:0363100012064867","surfaceId":"NL.IMBAG.Pand.0363100012064867-0:lod22:roof:21","status":"proposed","reason":null,"pointColour":"#9e8a88","orthophotoColour":"#9d8c8a","rgbDistance":3,"sampleCount":97,"coverage":0.422,"dispersion":54.09,"planeOffsetMetres":0.15,"roofHeight":16.1,"reviewStatus":"machine-proposal","acceptedForNow":false}},{"type":"Feature","geometry":{"type":"Polygon","coordinates":[[[4.878933839812861,52.3904272268251],[4.878958414811112,52.39039151636051],[4.878966510901288,52.39039264759982],[4.878972091063907,52.390387710342964],[4.879014078049835,52.390400347437016],[4.878984242723225,52.39043744640761],[4.878938097976854,52.390423560147894],[4.878935087605676,52.3904273040814],[4.878933839812861,52.3904272268251]]]},"properties":{"buildingId":"bag:0363100012064867","surfaceId":"NL.IMBAG.Pand.0363100012064867-0:lod22:roof:22","status":"proposed","reason":null,"pointColour":"#a39d95","orthophotoColour":"#a39c96","rgbDistance":1.41,"sampleCount":346,"coverage":0.508,"dispersion":20.62,"planeOffsetMetres":0.2,"roofHeight":14.44,"reviewStatus":"machine-proposal","acceptedForNow":false}},{"type":"Feature","geometry":{"type":"Polygon","coordinates":[[[4.898105484824665,52.39109496227263],[4.898112917454468,52.39111633868616],[4.898113529884006,52.39111808482347],[4.8980707854020045,52.39111629951426],[4.898079284712346,52.391091591552744],[4.898105484824665,52.39109496227263]]]},"properties":{"buildingId":"bag:0363100012212225","surfaceId":"NL.IMBAG.Pand.0363100012212225-0:lod22:roof:18","status":"proposed","reason":null,"pointColour":"#515869","orthophotoColour":"#495569","rgbDistance":8.54,"sampleCount":51,"coverage":0.444,"dispersion":19.42,"planeOffsetMetres":0.7,"roofHeight":7.12,"reviewStatus":"machine-proposal","acceptedForNow":false}},{"type":"Feature","geometry":{"type":"Polygon","coordinates":[[[4.898139541853278,52.39114783357602],[4.898136651911404,52.391147462136075],[4.898120341326896,52.39111853537084],[4.898151609925252,52.39110324163969],[4.8981523252339585,52.3911009886876],[4.898155508474656,52.391101406276555],[4.898139541853278,52.39114783357602]]]},"properties":{"buildingId":"bag:0363100012212225","surfaceId":"NL.IMBAG.Pand.0363100012212225-0:lod22:roof:19","status":"proposed","reason":null,"pointColour":"#4a566a","orthophotoColour":"#596070","rgbDistance":19,"sampleCount":34,"coverage":0.212,"dispersion":7.68,"planeOffsetMetres":0.55,"roofHeight":7.48,"reviewStatus":"machine-proposal","acceptedForNow":false}},{"type":"Feature","geometry":{"type":"Polygon","coordinates":[[[4.898113529884006,52.39111808482347],[4.898114322839909,52.3911181150609],[4.898116211191002,52.39111872503262],[4.898102794254754,52.391143098121],[4.898063318014721,52.391138018841936],[4.8980707854020045,52.39111629951426],[4.898113529884006,52.39111808482347]]]},"properties":{"buildingId":"bag:0363100012212225","surfaceId":"NL.IMBAG.Pand.0363100012212225-0:lod22:roof:20","status":"rejected","reason":"cross-source-colour-disagreement","pointColour":"#6c727e","orthophotoColour":"#4e5b70","rgbDistance":40.31,"sampleCount":53,"coverage":0.333,"dispersion":54.74,"planeOffsetMetres":0,"roofHeight":6.61,"reviewStatus":"machine-proposal","acceptedForNow":false}},{"type":"Feature","geometry":{"type":"Polygon","coordinates":[[[4.898117758783866,52.39111826406421],[4.898120341326896,52.39111853537084],[4.898136651911404,52.391147462136075],[4.898102794254754,52.391143098121],[4.898116211191002,52.39111872503262],[4.898117758783866,52.39111826406421]]]},"properties":{"buildingId":"bag:0363100012212225","surfaceId":"NL.IMBAG.Pand.0363100012212225-0:lod22:roof:21","status":"rejected","reason":"cross-source-colour-disagreement","pointColour":"#9a9c9e","orthophotoColour":"#596176","rgbDistance":96.47,"sampleCount":31,"coverage":0.286,"dispersion":55.1,"planeOffsetMetres":0.7,"roofHeight":6.24,"reviewStatus":"machine-proposal","acceptedForNow":false}},{"type":"Feature","geometry":{"type":"Polygon","coordinates":[[[4.898120341326896,52.39111853537084],[4.898117758783866,52.39111826406421],[4.898116211191002,52.39111872503262],[4.898114322839909,52.3911181150609],[4.898113529884006,52.39111808482347],[4.898112917454468,52.39111633868616],[4.898105484824665,52.39109496227263],[4.8981523252339585,52.3911009886876],[4.898151609925252,52.39110324163969],[4.898120341326896,52.39111853537084]]]},"properties":{"buildingId":"bag:0363100012212225","surfaceId":"NL.IMBAG.Pand.0363100012212225-0:lod22:roof:22","status":"rejected","reason":"too-few-points","pointColour":null,"orthophotoColour":"#535d6d","rgbDistance":null,"sampleCount":24,"coverage":0,"dispersion":null,"planeOffsetMetres":0.1,"roofHeight":6.37,"reviewStatus":"machine-proposal","acceptedForNow":false}},{"type":"Feature","geometry":{"type":"Polygon","coordinates":[[[4.914259267888084,52.390451257846905],[4.914434566841746,52.39038380423996],[4.914460475869968,52.39040903716334],[4.914285176951557,52.39047648182097],[4.914259267888084,52.390451257846905]]]},"properties":{"buildingId":"bag:0363100012139558","surfaceId":"NL.IMBAG.Pand.0363100012139558-0:lod22:roof:18","status":"proposed","reason":null,"pointColour":"#6f616f","orthophotoColour":"#6f616f","rgbDistance":0,"sampleCount":1063,"coverage":0.349,"dispersion":15.18,"planeOffsetMetres":0.15,"roofHeight":11.21,"reviewStatus":"machine-proposal","acceptedForNow":false}},{"type":"Feature","geometry":{"type":"Polygon","coordinates":[[[4.914417163115834,52.39036687391275],[4.914241806019367,52.39043427333593],[4.914219139338738,52.39041219899494],[4.914217752852586,52.39041272373033],[4.91421580447616,52.39041083752788],[4.91421613054289,52.39040505976201],[4.9142375044646585,52.39039684051356],[4.914233200811517,52.39039265305186],[4.914360057877825,52.39034384424686],[4.914364346656888,52.39034804961993],[4.914389717999781,52.390338291436514],[4.914395809990892,52.39034422065062],[4.914394438102758,52.390344754434025],[4.914417163115834,52.39036687391275]]]},"properties":{"buildingId":"bag:0363100012139558","surfaceId":"NL.IMBAG.Pand.0363100012139558-0:lod22:roof:19","status":"proposed","reason":null,"pointColour":"#8c8c90","orthophotoColour":"#8b8d91","rgbDistance":1.73,"sampleCount":1164,"coverage":0.349,"dispersion":13.43,"planeOffsetMetres":0.35,"roofHeight":10.25,"reviewStatus":"machine-proposal","acceptedForNow":false}},{"type":"Feature","geometry":{"type":"Polygon","coordinates":[[[4.914241806019367,52.39043427333593],[4.914417163115834,52.39036687391275],[4.914434566841746,52.39038380423996],[4.914259267888084,52.390451257846905],[4.914241806019367,52.39043427333593]]]},"properties":{"buildingId":"bag:0363100012139558","surfaceId":"NL.IMBAG.Pand.0363100012139558-0:lod22:roof:20","status":"proposed","reason":null,"pointColour":"#dda993","orthophotoColour":"#ddaa94","rgbDistance":1.41,"sampleCount":660,"coverage":0.66,"dispersion":8.77,"planeOffsetMetres":0.15,"roofHeight":11.69,"reviewStatus":"machine-proposal","acceptedForNow":false}},{"type":"Feature","geometry":{"type":"Polygon","coordinates":[[[4.932104147801926,52.39154824833964],[4.932074623532622,52.39158220708448],[4.932074573003835,52.39158283602597],[4.932070960072262,52.39158274125432],[4.932075370376867,52.39152663031433],[4.932076941427879,52.39151669600796],[4.9320790412050455,52.39151822298952],[4.932082701194563,52.39152088841028],[4.93210122229183,52.39154415670503],[4.932104147801926,52.39154824833964]]]},"properties":{"buildingId":"bag:0363100012165465","surfaceId":"NL.IMBAG.Pand.0363100012165465-0:lod22:roof:34","status":"proposed","reason":null,"pointColour":"#4b5568","orthophotoColour":"#455366","rgbDistance":6.63,"sampleCount":63,"coverage":0.208,"dispersion":32.23,"planeOffsetMetres":0.1,"roofHeight":7.01,"reviewStatus":"machine-proposal","acceptedForNow":false}},{"type":"Feature","geometry":{"type":"Polygon","coordinates":[[[4.932143866120657,52.39156306878932],[4.9321320274412574,52.39158434201567],[4.932074573003835,52.39158283602597],[4.932074623532622,52.39158220708448],[4.932104147801926,52.39154824833964],[4.932134939979985,52.39154962491862],[4.932152795643176,52.39155042151864],[4.9321521216254345,52.391560269395704],[4.932143866120657,52.39156306878932]]]},"properties":{"buildingId":"bag:0363100012165465","surfaceId":"NL.IMBAG.Pand.0363100012165465-0:lod22:roof:35","status":"proposed","reason":null,"pointColour":"#445468","orthophotoColour":"#43556c","rgbDistance":4.24,"sampleCount":80,"coverage":0.232,"dispersion":9,"planeOffsetMetres":-0.15,"roofHeight":8.25,"reviewStatus":"machine-proposal","acceptedForNow":false}},{"type":"Feature","geometry":{"type":"Polygon","coordinates":[[[4.932115992523462,52.391510644575355],[4.932132891379027,52.391511626242874],[4.93214903037569,52.391539406166984],[4.932105824411612,52.391529461601294],[4.932115992523462,52.391510644575355]]]},"properties":{"buildingId":"bag:0363100012165465","surfaceId":"NL.IMBAG.Pand.0363100012165465-0:lod22:roof:36","status":"proposed","reason":null,"pointColour":"#888a8d","orthophotoColour":"#86888c","rgbDistance":3,"sampleCount":85,"coverage":0.381,"dispersion":10.61,"planeOffsetMetres":0.3,"roofHeight":8.16,"reviewStatus":"machine-proposal","acceptedForNow":false}},{"type":"Feature","geometry":{"type":"Polygon","coordinates":[[[4.9321320274412574,52.39158434201567],[4.932143866120657,52.39156306878932],[4.9321521216254345,52.391560269395704],[4.932150415190349,52.391584826092476],[4.9321320274412574,52.39158434201567]]]},"properties":{"buildingId":"bag:0363100012165465","surfaceId":"NL.IMBAG.Pand.0363100012165465-0:lod22:roof:37","status":"proposed","reason":null,"pointColour":"#616a7a","orthophotoColour":"#616979","rgbDistance":1.41,"sampleCount":47,"coverage":0.778,"dispersion":9.22,"planeOffsetMetres":0.05,"roofHeight":8.64,"reviewStatus":"machine-proposal","acceptedForNow":false}},{"type":"Feature","geometry":{"type":"Polygon","coordinates":[[[4.932080648444841,52.391493315393774],[4.932157332977761,52.39149480538443],[4.932156177000942,52.39151296498817],[4.932132891379027,52.391511626242874],[4.932115992523462,52.391510644575355],[4.932078245216996,52.391508468328475],[4.932080648444841,52.391493315393774]]]},"properties":{"buildingId":"bag:0363100012165465","surfaceId":"NL.IMBAG.Pand.0363100012165465-0:lod22:roof:38","status":"proposed","reason":null,"pointColour":"#686d77","orthophotoColour":"#676c76","rgbDistance":1.73,"sampleCount":174,"coverage":0.691,"dispersion":22.1,"planeOffsetMetres":0.1,"roofHeight":5.38,"reviewStatus":"machine-proposal","acceptedForNow":false}},{"type":"Feature","geometry":{"type":"Polygon","coordinates":[[[4.932153485734416,52.391540438888555],[4.93214903037569,52.391539406166984],[4.932132891379027,52.391511626242874],[4.932156177000942,52.39151296498817],[4.93215600159568,52.391515741498736],[4.93215519382648,52.39151572042015],[4.932153485734416,52.391540438888555]]]},"properties":{"buildingId":"bag:0363100012165465","surfaceId":"NL.IMBAG.Pand.0363100012165465-0:lod22:roof:39","status":"proposed","reason":null,"pointColour":"#999490","orthophotoColour":"#969492","rgbDistance":3.61,"sampleCount":61,"coverage":0.571,"dispersion":33.99,"planeOffsetMetres":0.2,"roofHeight":6.69,"reviewStatus":"machine-proposal","acceptedForNow":false}},{"type":"Feature","geometry":{"type":"Polygon","coordinates":[[[4.93214903037569,52.391539406166984],[4.932153485734416,52.391540438888555],[4.932152795643176,52.39155042151864],[4.932134939979985,52.39154962491862],[4.932104147801926,52.39154824833964],[4.93210122229183,52.39154415670503],[4.932082701194563,52.39152088841028],[4.9320790412050455,52.39151822298952],[4.932079162303692,52.391516443899754],[4.932077349295774,52.391514172044964],[4.932078245216996,52.391508468328475],[4.932115992523462,52.391510644575355],[4.932105824411612,52.391529461601294],[4.93214903037569,52.391539406166984]]]},"properties":{"buildingId":"bag:0363100012165465","surfaceId":"NL.IMBAG.Pand.0363100012165465-0:lod22:roof:40","status":"proposed","reason":null,"pointColour":"#919190","orthophotoColour":"#939192","rgbDistance":2.83,"sampleCount":123,"coverage":0.333,"dispersion":62.33,"planeOffsetMetres":0.25,"roofHeight":7.68,"reviewStatus":"machine-proposal","acceptedForNow":false}},{"type":"Feature","geometry":{"type":"Polygon","coordinates":[[[4.932080648444841,52.391493315393774],[4.932081684787128,52.391486812315726],[4.932157717780418,52.39148880311122],[4.932157332977761,52.39149480538443],[4.932080648444841,52.391493315393774]]]},"properties":{"buildingId":"bag:0363100012165465","surfaceId":"NL.IMBAG.Pand.0363100012165465-0:lod22:roof:41","status":"proposed","reason":null,"pointColour":"#666e74","orthophotoColour":"#666c74","rgbDistance":2,"sampleCount":35,"coverage":0.409,"dispersion":36.03,"planeOffsetMetres":0.15,"roofHeight":2.8,"reviewStatus":"machine-proposal","acceptedForNow":false}}]}