# measured facades, massing and 3DBAG roofs in RD/NAP (EPSG:7415)
g NL_IMBAG_Pand_0363100012064873_0_lod22_wall_5
v 119894.983 485248.310 0.151
v 119893.912 485250.843 0.151
v 119893.912 485250.843 14.735
v 119894.983 485248.310 14.735
v 119893.543 485251.718 0.151
v 119893.134 485252.685 0.151
v 119893.134 485252.685 14.735
v 119893.543 485251.718 14.735
v 119893.912 485250.843 0.151
v 119893.543 485251.718 0.151
v 119893.543 485251.718 1.751
v 119893.912 485250.843 1.751
v 119893.912 485250.843 3.601
v 119893.543 485251.718 3.601
v 119893.543 485251.718 4.701
v 119893.912 485250.843 4.701
v 119893.912 485250.843 5.301
v 119893.543 485251.718 5.301
v 119893.543 485251.718 6.051
v 119893.912 485250.843 6.051
v 119893.912 485250.843 6.801
v 119893.543 485251.718 6.801
v 119893.543 485251.718 10.276
v 119893.912 485250.843 10.276
v 119893.912 485250.843 10.801
v 119893.543 485251.718 10.801
v 119893.543 485251.718 14.735
v 119893.912 485250.843 14.735
v 119892.783 485253.514 0.151
v 119892.555 485254.054 0.151
v 119892.555 485254.054 14.735
v 119892.783 485253.514 14.735
v 119893.134 485252.685 0.151
v 119892.783 485253.514 0.151
v 119892.783 485253.514 0.701
v 119893.134 485252.685 0.701
v 119893.134 485252.685 0.951
v 119892.783 485253.514 0.951
v 119892.783 485253.514 9.551
v 119893.134 485252.685 9.551
v 119893.134 485252.685 10.151
v 119892.783 485253.514 10.151
v 119892.783 485253.514 10.276
v 119893.134 485252.685 10.276
v 119893.134 485252.685 10.801
v 119892.783 485253.514 10.801
v 119892.783 485253.514 14.735
v 119893.134 485252.685 14.735
f 1 2 3 4
f 5 6 7 8
f 9 10 11 12
f 13 14 15 16
f 17 18 19 20
f 21 22 23 24
f 25 26 27 28
f 29 30 31 32
f 33 34 35 36
f 37 38 39 40
f 41 42 43 44
f 45 46 47 48
g NL_IMBAG_Pand_0363100012064873_0_lod22_wall_5__openings
v 119892.950 485252.607 0.701
v 119892.599 485253.436 0.701
v 119892.599 485253.436 0.951
v 119892.950 485252.607 0.951
v 119893.134 485252.685 0.701
v 119892.783 485253.514 0.701
v 119892.783 485253.514 0.951
v 119893.134 485252.685 0.951
v 119893.728 485250.765 1.751
v 119893.358 485251.640 1.751
v 119893.358 485251.640 3.601
v 119893.728 485250.765 3.601
v 119893.912 485250.843 1.751
v 119893.543 485251.718 1.751
v 119893.543 485251.718 3.601
v 119893.912 485250.843 3.601
v 119893.728 485250.765 4.701
v 119893.358 485251.640 4.701
v 119893.358 485251.640 5.301
v 119893.728 485250.765 5.301
v 119893.912 485250.843 4.701
v 119893.543 485251.718 4.701
v 119893.543 485251.718 5.301
v 119893.912 485250.843 5.301
v 119893.728 485250.765 6.051
v 119893.358 485251.640 6.051
v 119893.358 485251.640 6.801
v 119893.728 485250.765 6.801
v 119893.912 485250.843 6.051
v 119893.543 485251.718 6.051
v 119893.543 485251.718 6.801
v 119893.912 485250.843 6.801
v 119892.950 485252.607 9.551
v 119892.599 485253.436 9.551
v 119892.599 485253.436 10.151
v 119892.950 485252.607 10.151
v 119893.134 485252.685 9.551
v 119892.783 485253.514 9.551
v 119892.783 485253.514 10.151
v 119893.134 485252.685 10.151
v 119893.728 485250.765 10.276
v 119893.358 485251.640 10.276
v 119893.358 485251.640 10.801
v 119893.728 485250.765 10.801
v 119893.912 485250.843 10.276
v 119893.543 485251.718 10.276
v 119893.543 485251.718 10.801
v 119893.912 485250.843 10.801
v 119892.950 485252.607 10.276
v 119892.599 485253.436 10.276
v 119892.599 485253.436 10.801
v 119892.950 485252.607 10.801
v 119893.134 485252.685 10.276
v 119892.783 485253.514 10.276
v 119892.783 485253.514 10.801
v 119893.134 485252.685 10.801
f 49 50 51 52
f 53 49 52 56
f 54 55 51 50
f 53 54 50 49
f 56 52 51 55
f 57 58 59 60
f 61 57 60 64
f 62 63 59 58
f 61 62 58 57
f 64 60 59 63
f 65 66 67 68
f 69 65 68 72
f 70 71 67 66
f 69 70 66 65
f 72 68 67 71
f 73 74 75 76
f 77 73 76 80
f 78 79 75 74
f 77 78 74 73
f 80 76 75 79
f 81 82 83 84
f 85 81 84 88
f 86 87 83 82
f 85 86 82 81
f 88 84 83 87
f 89 90 91 92
f 93 89 92 96
f 94 95 91 90
f 93 94 90 89
f 96 92 91 95
f 97 98 99 100
f 101 97 100 104
f 102 103 99 98
f 101 102 98 97
f 104 100 99 103
g NL_IMBAG_Pand_0363100012064873_0_lod22_wall_5__roofline
v 119894.300 485250.002 13.232
v 119894.281 485250.048 15.123
v 119894.281 485250.048 15.363
v 119894.300 485250.002 13.472
v 119894.281 485250.048 15.123
v 119894.261 485250.095 13.232
v 119894.261 485250.095 13.472
v 119894.281 485250.048 15.363
v 119894.261 485250.095 13.232
v 119894.222 485250.187 12.826
v 119894.222 485250.187 13.066
v 119894.261 485250.095 13.472
v 119894.222 485250.187 12.826
v 119894.183 485250.279 13.232
v 119894.183 485250.279 13.472
v 119894.222 485250.187 13.066
v 119894.183 485250.279 13.232
v 119894.086 485250.509 11.029
v 119894.086 485250.509 11.269
v 119894.183 485250.279 13.472
v 119894.086 485250.509 11.029
v 119894.067 485250.555 11.807
v 119894.067 485250.555 12.047
v 119894.086 485250.509 11.269
v 119894.067 485250.555 11.807
v 119894.028 485250.647 11.353
v 119894.028 485250.647 11.593
v 119894.067 485250.555 12.047
v 119894.028 485250.647 11.353
v 119893.911 485250.924 11.421
v 119893.911 485250.924 11.661
v 119894.028 485250.647 11.593
v 119893.911 485250.924 11.421
v 119893.833 485251.108 11.261
v 119893.833 485251.108 11.501
v 119893.911 485250.924 11.661
v 119893.833 485251.108 11.261
v 119893.736 485251.338 11.261
v 119893.736 485251.338 11.501
v 119893.833 485251.108 11.501
v 119893.736 485251.338 11.261
v 119893.599 485251.660 11.495
v 119893.599 485251.660 11.735
v 119893.736 485251.338 11.501
v 119893.599 485251.660 11.495
v 119893.560 485251.752 12.221
v 119893.560 485251.752 12.461
v 119893.599 485251.660 11.735
v 119893.560 485251.752 12.221
v 119893.463 485251.983 12.141
v 119893.463 485251.983 12.381
v 119893.560 485251.752 12.461
v 119893.463 485251.983 12.141
v 119893.405 485252.121 12.329
v 119893.405 485252.121 12.569
v 119893.463 485251.983 12.381
v 119893.405 485252.121 12.329
v 119893.385 485252.167 11.906
v 119893.385 485252.167 12.146
v 119893.405 485252.121 12.569
v 119893.385 485252.167 11.906
v 119893.327 485252.305 12.329
v 119893.327 485252.305 12.569
v 119893.385 485252.167 12.146
v 119893.327 485252.305 12.329
v 119893.288 485252.397 11.567
v 119893.288 485252.397 11.807
v 119893.327 485252.305 12.569
v 119893.288 485252.397 11.567
v 119893.191 485252.628 11.523
v 119893.191 485252.628 11.763
v 119893.288 485252.397 11.807
v 119893.191 485252.628 11.523
v 119893.171 485252.674 11.373
v 119893.171 485252.674 11.613
v 119893.191 485252.628 11.763
v 119893.171 485252.674 11.373
v 119893.152 485252.720 11.523
v 119893.152 485252.720 11.763
v 119893.171 485252.674 11.613
v 119893.152 485252.720 11.523
v 119893.113 485252.812 11.373
v 119893.113 485252.812 11.613
v 119893.152 485252.720 11.763
v 119893.113 485252.812 11.373
v 119893.054 485252.950 11.557
v 119893.054 485252.950 11.797
v 119893.113 485252.812 11.613
v 119893.054 485252.950 11.557
v 119892.879 485253.364 11.558
v 119892.879 485253.364 11.798
v 119893.054 485252.950 11.797
v 119892.879 485253.364 11.558
v 119892.860 485253.410 12.930
v 119892.860 485253.410 13.170
v 119892.879 485253.364 11.798
v 119892.860 485253.410 12.930
v 119892.840 485253.457 12.023
v 119892.840 485253.457 12.263
v 119892.860 485253.410 13.170
v 119892.840 485253.457 12.023
v 119892.821 485253.503 13.118
v 119892.821 485253.503 13.358
v 119892.840 485253.457 12.263
v 119892.821 485253.503 13.118
v 119892.762 485253.641 13.129
v 119892.762 485253.641 13.369
v 119892.821 485253.503 13.358
v 119892.762 485253.641 13.129
v 119892.743 485253.687 13.266
v 119892.743 485253.687 13.506
v 119892.762 485253.641 13.369
v 119892.743 485253.687 13.266
v 119892.684 485253.825 12.977
v 119892.684 485253.825 13.217
v 119892.743 485253.687 13.506
v 119892.684 485253.825 12.977
v 119892.626 485253.963 13.428
v 119892.626 485253.963 13.668
v 119892.684 485253.825 13.217
v 119892.626 485253.963 13.428
v 119892.607 485254.009 13.065
v 119892.607 485254.009 13.305
v 119892.626 485253.963 13.668
v 119892.607 485254.009 13.065
v 119892.587 485254.055 13.428
v 119892.587 485254.055 13.668
v 119892.607 485254.009 13.305
f 105 106 107 108
f 109 110 111 112
f 113 114 115 116
f 117 118 119 120
f 121 122 123 124
f 125 126 127 128
f 129 130 131 132
f 133 134 135 136
f 137 138 139 140
f 141 142 143 144
f 145 146 147 148
f 149 150 151 152
f 153 154 155 156
f 157 158 159 160
f 161 162 163 164
f 165 166 167 168
f 169 170 171 172
f 173 174 175 176
f 177 178 179 180
f 181 182 183 184
f 185 186 187 188
f 189 190 191 192
f 193 194 195 196
f 197 198 199 200
f 201 202 203 204
f 205 206 207 208
f 209 210 211 212
f 213 214 215 216
f 217 218 219 220
f 221 222 223 224
f 225 226 227 228
f 229 230 231 232
g NL_IMBAG_Pand_0363100012074448_0_lod22_wall_4
v 119878.086 485269.736 0.082
v 119876.642 485270.534 0.082
v 119876.642 485270.534 14.793
v 119878.086 485269.736 14.793
v 119875.723 485271.042 0.082
v 119875.439 485271.199 0.082
v 119875.439 485271.199 14.793
v 119875.723 485271.042 14.793
v 119874.826 485271.538 0.082
v 119873.229 485272.421 0.082
v 119873.229 485272.421 14.793
v 119874.826 485271.538 14.793
v 119875.439 485271.199 0.082
v 119874.826 485271.538 0.082
v 119874.826 485271.538 4.432
v 119875.439 485271.199 4.432
v 119875.439 485271.199 6.482
v 119874.826 485271.538 6.482
v 119874.826 485271.538 8.432
v 119875.439 485271.199 8.432
v 119875.439 485271.199 10.232
v 119874.826 485271.538 10.232
v 119874.826 485271.538 14.793
v 119875.439 485271.199 14.793
v 119876.642 485270.534 0.082
v 119875.723 485271.042 0.082
v 119875.723 485271.042 4.432
v 119876.642 485270.534 4.432
v 119876.642 485270.534 6.482
v 119875.723 485271.042 6.482
v 119875.723 485271.042 8.432
v 119876.642 485270.534 8.432
v 119876.642 485270.534 10.232
v 119875.723 485271.042 10.232
v 119875.723 485271.042 14.793
v 119876.642 485270.534 14.793
v 119873.229 485272.421 0.082
v 119872.511 485272.818 0.082
v 119872.511 485272.818 0.782
v 119873.229 485272.421 0.782
v 119873.229 485272.421 3.482
v 119872.511 485272.818 3.482
v 119872.511 485272.818 14.793
v 119873.229 485272.421 14.793
v 119878.064 485269.748 14.793
v 119878.064 485269.748 15.195
v 119877.495 485270.062 14.930
v 119877.320 485270.159 15.206
v 119876.489 485270.619 15.007
v 119876.226 485270.764 15.209
v 119875.614 485271.103 14.924
v 119875.351 485271.248 15.105
v 119873.732 485272.143 15.227
v 119873.426 485272.312 15.829
v 119873.120 485272.481 16.018
v 119872.769 485272.675 17.091
v 119872.507 485272.820 17.205
v 119872.507 485272.820 14.793
f 233 234 235 236
f 237 238 239 240
f 241 242 243 244
f 245 246 247 248
f 249 250 251 252
f 253 254 255 256
f 257 258 259 260
f 261 262 263 264
f 265 266 267 268
f 269 270 271 272
f 273 274 275 276
f 277 278 279 280 281 282 283 284 285 286 287 288 289 290
g NL_IMBAG_Pand_0363100012074448_0_lod22_wall_4__openings
v 119873.132 485272.246 0.782
v 119872.388 485272.657 0.782
v 119872.388 485272.657 3.482
v 119873.132 485272.246 3.482
v 119873.229 485272.421 0.782
v 119872.485 485272.832 0.782
v 119872.485 485272.832 3.482
v 119873.229 485272.421 3.482
v 119876.545 485270.359 4.432
v 119875.626 485270.867 4.432
v 119875.626 485270.867 6.482
v 119876.545 485270.359 6.482
v 119876.642 485270.534 4.432
v 119875.723 485271.042 4.432
v 119875.723 485271.042 6.482
v 119876.642 485270.534 6.482
v 119875.342 485271.024 4.432
v 119874.729 485271.363 4.432
v 119874.729 485271.363 6.482
v 119875.342 485271.024 6.482
v 119875.439 485271.199 4.432
v 119874.826 485271.538 4.432
v 119874.826 485271.538 6.482
v 119875.439 485271.199 6.482
v 119876.545 485270.359 8.432
v 119875.626 485270.867 8.432
v 119875.626 485270.867 10.232
v 119876.545 485270.359 10.232
v 119876.642 485270.534 8.432
v 119875.723 485271.042 8.432
v 119875.723 485271.042 10.232
v 119876.642 485270.534 10.232
v 119875.342 485271.024 8.432
v 119874.729 485271.363 8.432
v 119874.729 485271.363 10.232
v 119875.342 485271.024 10.232
v 119875.439 485271.199 8.432
v 119874.826 485271.538 8.432
v 119874.826 485271.538 10.232
v 119875.439 485271.199 10.232
f 291 292 293 294
f 295 291 294 298
f 296 297 293 292
f 295 296 292 291
f 298 294 293 297
f 299 300 301 302
f 303 299 302 306
f 304 305 301 300
f 303 304 300 299
f 306 302 301 305
f 307 308 309 310
f 311 307 310 314
f 312 313 309 308
f 311 312 308 307
f 314 310 309 313
f 315 316 317 318
f 319 315 318 322
f 320 321 317 316
f 319 320 316 315
f 322 318 317 321
f 323 324 325 326
f 327 323 326 330
f 328 329 325 324
f 327 328 324 323
f 330 326 325 329
g NL_IMBAG_Pand_0363100012074448_0_lod22_wall_4__roofline
v 119878.079 485269.774 15.075
v 119877.816 485269.919 15.058
v 119877.816 485269.919 15.298
v 119878.079 485269.774 15.315
v 119877.816 485269.919 15.058
v 119877.685 485269.992 14.836
v 119877.685 485269.992 15.076
v 119877.816 485269.919 15.298
v 119877.685 485269.992 14.836
v 119877.510 485270.089 14.810
v 119877.510 485270.089 15.050
v 119877.685 485269.992 15.076
v 119877.510 485270.089 14.810
v 119877.335 485270.185 15.086
v 119877.335 485270.185 15.326
v 119877.510 485270.089 15.050
v 119877.335 485270.185 15.086
v 119876.503 485270.645 14.887
v 119876.503 485270.645 15.127
v 119877.335 485270.185 15.326
v 119876.503 485270.645 14.887
v 119876.416 485270.693 15.074
v 119876.416 485270.693 15.314
v 119876.503 485270.645 15.127
v 119876.416 485270.693 15.074
v 119876.241 485270.790 15.089
v 119876.241 485270.790 15.329
v 119876.416 485270.693 15.314
v 119876.241 485270.790 15.089
v 119876.153 485270.838 14.955
v 119876.153 485270.838 15.195
v 119876.241 485270.790 15.329
v 119876.153 485270.838 14.955
v 119875.628 485271.129 14.804
v 119875.628 485271.129 15.044
v 119876.153 485270.838 15.195
v 119875.628 485271.129 14.804
v 119875.366 485271.274 14.985
v 119875.366 485271.274 15.225
v 119875.628 485271.129 15.044
v 119875.366 485271.274 14.985
v 119873.747 485272.169 15.107
v 119873.747 485272.169 15.347
v 119875.366 485271.274 15.225
v 119873.747 485272.169 15.107
v 119873.484 485272.314 15.455
v 119873.484 485272.314 15.695
v 119873.747 485272.169 15.347
v 119873.484 485272.314 15.455
v 119873.440 485272.338 15.709
v 119873.440 485272.338 15.949
v 119873.484 485272.314 15.695
v 119873.440 485272.338 15.709
v 119873.134 485272.508 15.898
v 119873.134 485272.508 16.138
v 119873.440 485272.338 15.949
v 119873.134 485272.508 15.898
v 119872.784 485272.701 16.971
v 119872.784 485272.701 17.211
v 119873.134 485272.508 16.138
v 119872.784 485272.701 16.971
v 119872.521 485272.846 17.085
v 119872.521 485272.846 17.325
v 119872.784 485272.701 17.211
f 331 332 333 334
f 335 336 337 338
f 339 340 341 342
f 343 344 345 346
f 347 348 349 350
f 351 352 353 354
f 355 356 357 358
f 359 360 361 362
f 363 364 365 366
f 367 368 369 370
f 371 372 373 374
f 375 376 377 378
f 379 380 381 382
f 383 384 385 386
f 387 388 389 390
f 391 392 393 394
g NL_IMBAG_Pand_0363100012153094_0_lod22_wall_3
v 119892.555 485254.054 0.129
v 119891.973 485255.435 0.129
v 119891.973 485255.435 14.187
v 119892.555 485254.054 14.187
f 395 396 397 398
g NL_IMBAG_Pand_0363100012153094_0_lod22_wall_3__openings
g NL_IMBAG_Pand_0363100012153094_0_lod22_wall_3__roofline
v 119892.573 485254.088 12.407
v 119892.379 485254.549 12.385
v 119892.379 485254.549 12.625
v 119892.573 485254.088 12.647
v 119892.379 485254.549 12.385
v 119892.359 485254.595 13.257
v 119892.359 485254.595 13.497
v 119892.379 485254.549 12.625
v 119892.359 485254.595 13.257
v 119892.321 485254.687 13.257
v 119892.321 485254.687 13.497
v 119892.359 485254.595 13.497
v 119892.321 485254.687 13.257
v 119892.301 485254.733 12.458
v 119892.301 485254.733 12.698
v 119892.321 485254.687 13.497
v 119892.301 485254.733 12.458
v 119892.010 485255.425 12.397
v 119892.010 485255.425 12.637
v 119892.301 485254.733 12.698
f 399 400 401 402
f 403 404 405 406
f 407 408 409 410
f 411 412 413 414
f 415 416 417 418
g NL_IMBAG_Pand_0363100012153094_0_lod22_wall_14
v 119891.973 485255.435 0.129
v 119891.450 485256.679 0.129
v 119891.450 485256.679 16.333
v 119891.973 485255.435 16.333
v 119891.081 485257.555 0.129
v 119890.988 485257.777 0.129
v 119890.988 485257.777 6.379
v 119891.081 485257.555 6.379
v 119891.081 485257.555 7.379
v 119890.988 485257.777 7.379
v 119890.988 485257.777 8.929
v 119891.081 485257.555 8.929
v 119891.081 485257.555 9.729
v 119890.988 485257.777 9.729
v 119890.988 485257.777 16.333
v 119891.081 485257.555 16.333
v 119891.450 485256.679 0.129
v 119891.081 485257.555 0.129
v 119891.081 485257.555 2.579
v 119891.450 485256.679 2.579
v 119891.450 485256.679 3.579
v 119891.120 485257.463 3.579
v 119891.120 485257.463 16.333
v 119891.450 485256.679 16.333
v 119891.120 485257.463 3.579
v 119891.081 485257.555 3.579
v 119891.081 485257.555 6.379
v 119891.120 485257.463 6.379
v 119891.120 485257.463 7.379
v 119891.081 485257.555 7.379
v 119891.081 485257.555 8.929
v 119891.120 485257.463 8.929
v 119891.120 485257.463 9.729
v 119891.081 485257.555 9.729
v 119891.081 485257.555 16.333
v 119891.120 485257.463 16.333
f 419 420 421 422
f 423 424 425 426
f 427 428 429 430
f 431 432 433 434
f 435 436 437 438
f 439 440 441 442
f 443 444 445 446
f 447 448 449 450
f 451 452 453 454
g NL_IMBAG_Pand_0363100012153094_0_lod22_wall_14__openings
v 119891.265 485256.602 2.579
v 119890.897 485257.477 2.579
v 119890.897 485257.477 3.579
v 119891.265 485256.602 3.579
v 119891.450 485256.679 2.579
v 119891.081 485257.555 2.579
v 119891.081 485257.555 3.579
v 119891.450 485256.679 3.579
v 119890.936 485257.385 6.379
v 119890.800 485257.708 6.379
v 119890.800 485257.708 7.379
v 119890.936 485257.385 7.379
v 119891.120 485257.463 6.379
v 119890.985 485257.785 6.379
v 119890.985 485257.785 7.379
v 119891.120 485257.463 7.379
v 119890.936 485257.385 8.929
v 119890.800 485257.708 8.929
v 119890.800 485257.708 9.729
v 119890.936 485257.385 9.729
v 119891.120 485257.463 8.929
v 119890.985 485257.785 8.929
v 119890.985 485257.785 9.729
v 119891.120 485257.463 9.729
f 455 456 457 458
f 459 455 458 462
f 460 461 457 456
f 459 460 456 455
f 462 458 457 461
f 463 464 465 466
f 467 463 466 470
f 468 469 465 464
f 467 468 464 463
f 470 466 465 469
f 471 472 473 474
f 475 471 474 478
f 476 477 473 472
f 475 476 472 471
f 478 474 473 477
g NL_IMBAG_Pand_0363100012153094_0_lod22_wall_14__roofline
v 119891.991 485255.469 12.385
v 119891.933 485255.608 13.435
v 119891.933 485255.608 13.675
v 119891.991 485255.469 12.625
v 119891.933 485255.608 13.435
v 119891.894 485255.700 12.504
v 119891.894 485255.700 12.744
v 119891.933 485255.608 13.675
v 119891.894 485255.700 12.504
v 119891.817 485255.884 14.535
v 119891.817 485255.884 14.775
v 119891.894 485255.700 12.744
v 119891.817 485255.884 14.535
v 119891.778 485255.976 13.650
v 119891.778 485255.976 13.890
v 119891.817 485255.884 14.775
v 119891.778 485255.976 13.650
v 119891.720 485256.115 14.293
v 119891.720 485256.115 14.533
v 119891.778 485255.976 13.890
v 119891.720 485256.115 14.293
v 119891.681 485256.207 13.681
v 119891.681 485256.207 13.921
v 119891.720 485256.115 14.533
v 119891.681 485256.207 13.681
v 119891.565 485256.483 13.401
v 119891.565 485256.483 13.641
v 119891.681 485256.207 13.921
v 119891.565 485256.483 13.401
v 119891.545 485256.529 12.686
v 119891.545 485256.529 12.926
v 119891.565 485256.483 13.641
v 119891.545 485256.529 12.686
v 119891.448 485256.760 14.046
v 119891.448 485256.760 14.286
v 119891.545 485256.529 12.926
v 119891.448 485256.760 14.046
v 119891.371 485256.944 14.055
v 119891.371 485256.944 14.295
v 119891.448 485256.760 14.286
v 119891.371 485256.944 14.055
v 119891.351 485256.990 14.195
v 119891.351 485256.990 14.435
v 119891.371 485256.944 14.295
v 119891.351 485256.990 14.195
v 119891.332 485257.036 14.058
v 119891.332 485257.036 14.298
v 119891.351 485256.990 14.435
v 119891.332 485257.036 14.058
v 119891.216 485257.313 14.105
v 119891.216 485257.313 14.345
v 119891.332 485257.036 14.298
v 119891.216 485257.313 14.105
v 119891.158 485257.451 14.006
v 119891.158 485257.451 14.246
v 119891.216 485257.313 14.345
v 119891.158 485257.451 14.006
v 119891.022 485257.774 14.106
v 119891.022 485257.774 14.346
v 119891.158 485257.451 14.246
f 479 480 481 482
f 483 484 485 486
f 487 488 489 490
f 491 492 493 494
f 495 496 497 498
f 499 500 501 502
f 503 504 505 506
f 507 508 509 510
f 511 512 513 514
f 515 516 517 518
f 519 520 521 522
f 523 524 525 526
f 527 528 529 530
f 531 532 533 534
f 535 536 537 538
g NL_IMBAG_Pand_0363100012153094_0_lod22_wall_15
v 119890.716 485258.422 0.129
v 119890.315 485259.375 0.129
v 119890.315 485259.375 16.333
v 119890.716 485258.422 16.333
v 119890.988 485257.777 0.129
v 119890.716 485258.422 0.129
v 119890.716 485258.422 2.579
v 119890.988 485257.777 2.579
v 119890.988 485257.777 3.529
v 119890.716 485258.422 3.529
v 119890.716 485258.422 6.479
v 119890.988 485257.777 6.479
v 119890.988 485257.777 7.429
v 119890.716 485258.422 7.429
v 119890.716 485258.422 8.929
v 119890.988 485257.777 8.929
v 119890.988 485257.777 9.679
v 119890.716 485258.422 9.679
v 119890.716 485258.422 16.333
v 119890.988 485257.777 16.333
f 539 540 541 542
f 543 544 545 546
f 547 548 549 550
f 551 552 553 554
f 555 556 557 558
g NL_IMBAG_Pand_0363100012153094_0_lod22_wall_15__openings
v 119890.804 485257.699 2.579
v 119890.532 485258.344 2.579
v 119890.532 485258.344 3.529
v 119890.804 485257.699 3.529
v 119890.988 485257.777 2.579
v 119890.716 485258.422 2.579
v 119890.716 485258.422 3.529
v 119890.988 485257.777 3.529
v 119890.804 485257.699 6.479
v 119890.532 485258.344 6.479
v 119890.532 485258.344 7.429
v 119890.804 485257.699 7.429
v 119890.988 485257.777 6.479
v 119890.716 485258.422 6.479
v 119890.716 485258.422 7.429
v 119890.988 485257.777 7.429
v 119890.804 485257.699 8.929
v 119890.532 485258.344 8.929
v 119890.532 485258.344 9.679
v 119890.804 485257.699 9.679
v 119890.988 485257.777 8.929
v 119890.716 485258.422 8.929
v 119890.716 485258.422 9.679
v 119890.988 485257.777 9.679
f 559 560 561 562
f 563 559 562 566
f 564 565 561 560
f 563 564 560 559
f 566 562 561 565
f 567 568 569 570
f 571 567 570 574
f 572 573 569 568
f 571 572 568 567
f 574 570 569 573
f 575 576 577 578
f 579 575 578 582
f 580 581 577 576
f 579 580 576 575
f 582 578 577 581
g NL_IMBAG_Pand_0363100012153094_0_lod22_wall_15__roofline
v 119891.006 485257.811 14.056
v 119890.928 485257.996 14.774
v 119890.928 485257.996 15.014
v 119891.006 485257.811 14.296
v 119890.928 485257.996 14.774
v 119890.909 485258.042 14.306
v 119890.909 485258.042 14.546
v 119890.928 485257.996 15.014
v 119890.909 485258.042 14.306
v 119890.851 485258.180 14.654
v 119890.851 485258.180 14.894
v 119890.909 485258.042 14.546
v 119890.851 485258.180 14.654
v 119890.812 485258.272 14.654
v 119890.812 485258.272 14.894
v 119890.851 485258.180 14.894
v 119890.812 485258.272 14.654
v 119890.754 485258.410 14.149
v 119890.754 485258.410 14.389
v 119890.812 485258.272 14.894
v 119890.754 485258.410 14.149
v 119890.734 485258.457 14.349
v 119890.734 485258.457 14.589
v 119890.754 485258.410 14.389
v 119890.734 485258.457 14.349
v 119890.715 485258.503 14.149
v 119890.715 485258.503 14.389
v 119890.734 485258.457 14.589
v 119890.715 485258.503 14.149
v 119890.696 485258.549 14.654
v 119890.696 485258.549 14.894
v 119890.715 485258.503 14.389
v 119890.696 485258.549 14.654
v 119890.676 485258.595 14.233
v 119890.676 485258.595 14.473
v 119890.696 485258.549 14.894
v 119890.676 485258.595 14.233
v 119890.637 485258.687 14.233
v 119890.637 485258.687 14.473
v 119890.676 485258.595 14.473
v 119890.637 485258.687 14.233
v 119890.618 485258.733 14.752
v 119890.618 485258.733 14.992
v 119890.637 485258.687 14.473
v 119890.618 485258.733 14.752
v 119890.540 485258.917 14.687
v 119890.540 485258.917 14.927
v 119890.618 485258.733 14.992
v 119890.540 485258.917 14.687
v 119890.521 485258.963 14.506
v 119890.521 485258.963 14.746
v 119890.540 485258.917 14.927
v 119890.521 485258.963 14.506
v 119890.482 485259.056 14.757
v 119890.482 485259.056 14.997
v 119890.521 485258.963 14.746
v 119890.482 485259.056 14.757
v 119890.443 485259.148 14.506
v 119890.443 485259.148 14.746
v 119890.482 485259.056 14.997
v 119890.443 485259.148 14.506
v 119890.404 485259.240 14.632
v 119890.404 485259.240 14.872
v 119890.443 485259.148 14.746
v 119890.404 485259.240 14.632
v 119890.385 485259.286 14.506
v 119890.385 485259.286 14.746
v 119890.404 485259.240 14.872
v 119890.385 485259.286 14.506
v 119890.346 485259.378 14.757
v 119890.346 485259.378 14.997
v 119890.385 485259.286 14.746
f 583 584 585 586
f 587 588 589 590
f 591 592 593 594
f 595 596 597 598
f 599 600 601 602
f 603 604 605 606
f 607 608 609 610
f 611 612 613 614
f 615 616 617 618
f 619 620 621 622
f 623 624 625 626
f 627 628 629 630
f 631 632 633 634
f 635 636 637 638
f 639 640 641 642
f 643 644 645 646
f 647 648 649 650
f 651 652 653 654
g NL_IMBAG_Pand_0363100012155815_0_lod22_wall_1
v 119886.357 485265.164 0.087
v 119884.738 485266.059 0.087
v 119884.738 485266.059 14.775
v 119886.357 485265.164 14.775
v 119883.907 485266.519 0.087
v 119883.874 485266.538 0.087
v 119883.874 485266.538 14.775
v 119883.907 485266.519 14.775
v 119884.738 485266.059 0.087
v 119883.907 485266.519 0.087
v 119883.907 485266.519 5.087
v 119884.738 485266.059 5.087
v 119884.738 485266.059 7.337
v 119883.907 485266.519 7.337
v 119883.907 485266.519 14.775
v 119884.738 485266.059 14.775
f 655 656 657 658
f 659 660 661 662
f 663 664 665 666
f 667 668 669 670
g NL_IMBAG_Pand_0363100012155815_0_lod22_wall_1__openings
v 119884.642 485265.884 5.087
v 119883.810 485266.344 5.087
v 119883.810 485266.344 7.337
v 119884.642 485265.884 7.337
v 119884.738 485266.059 5.087
v 119883.907 485266.519 5.087
v 119883.907 485266.519 7.337
v 119884.738 485266.059 7.337
f 671 672 673 674
f 675 671 674 678
f 676 677 673 672
f 675 676 672 671
f 678 674 673 677
g NL_IMBAG_Pand_0363100012155815_0_lod22_wall_1__roofline
v 119886.350 485265.202 14.035
v 119884.425 485266.267 14.041
v 119884.425 485266.267 14.281
v 119886.350 485265.202 14.275
v 119884.425 485266.267 14.041
v 119884.381 485266.291 12.366
v 119884.381 485266.291 12.606
v 119884.425 485266.267 14.281
v 119884.381 485266.291 12.366
v 119883.900 485266.558 12.311
v 119883.900 485266.558 12.551
v 119884.381 485266.291 12.606
f 679 680 681 682
f 683 684 685 686
f 687 688 689 690
g NL_IMBAG_Pand_0363100012155815_0_lod22_wall_2
v 119888.455 485264.003 0.087
v 119887.208 485264.693 0.087
v 119887.208 485264.693 12.147
v 119888.455 485264.003 12.147
v 119886.421 485265.128 0.087
v 119886.357 485265.164 0.087
v 119886.357 485265.164 12.147
v 119886.421 485265.128 12.147
v 119887.208 485264.693 0.087
v 119886.421 485265.128 0.087
v 119886.421 485265.128 5.037
v 119887.208 485264.693 5.037
v 119887.208 485264.693 7.337
v 119886.421 485265.128 7.337
v 119886.421 485265.128 8.537
v 119887.208 485264.693 8.537
v 119887.208 485264.693 10.837
v 119886.421 485265.128 10.837
v 119886.421 485265.128 12.147
v 119887.208 485264.693 12.147
v 119888.433 485264.015 12.147
v 119888.433 485264.015 12.496
v 119886.377 485265.153 12.378
v 119886.377 485265.153 12.147
f 691 692 693 694
f 695 696 697 698
f 699 700 701 702
f 703 704 705 706
f 707 708 709 710
f 711 712 713 714
g NL_IMBAG_Pand_0363100012155815_0_lod22_wall_2__openings
v 119887.111 485264.518 5.037
v 119886.324 485264.954 5.037
v 119886.324 485264.954 7.337
v 119887.111 485264.518 7.337
v 119887.208 485264.693 5.037
v 119886.421 485265.128 5.037
v 119886.421 485265.128 7.337
v 119887.208 485264.693 7.337
v 119887.111 485264.518 8.537
v 119886.324 485264.954 8.537
v 119886.324 485264.954 10.837
v 119887.111 485264.518 10.837
v 119887.208 485264.693 8.537
v 119886.421 485265.128 8.537
v 119886.421 485265.128 10.837
v 119887.208 485264.693 10.837
f 715 716 717 718
f 719 715 718 722
f 720 721 717 716
f 719 720 716 715
f 722 718 717 721
f 723 724 725 726
f 727 723 726 730
f 728 729 725 724
f 727 728 724 723
f 730 726 725 729
g NL_IMBAG_Pand_0363100012155815_0_lod22_wall_2__roofline
v 119888.448 485264.041 12.376
v 119888.142 485264.211 12.260
v 119888.142 485264.211 12.500
v 119888.448 485264.041 12.616
v 119888.142 485264.211 12.260
v 119887.135 485264.767 12.366
v 119887.135 485264.767 12.606
v 119888.142 485264.211 12.500
v 119887.135 485264.767 12.366
v 119886.392 485265.179 12.258
v 119886.392 485265.179 12.498
v 119887.135 485264.767 12.606
f 731 732 733 734
f 735 736 737 738
f 739 740 741 742
g NL_IMBAG_Pand_0363100012155815_0_lod22_wall_23
v 119890.315 485259.375 0.087
v 119889.786 485260.635 0.087
v 119889.786 485260.635 14.599
v 119890.315 485259.375 14.599
f 743 744 745 746
g NL_IMBAG_Pand_0363100012155815_0_lod22_wall_23__openings
g NL_IMBAG_Pand_0363100012155815_0_lod22_wall_23__roofline
v 119890.333 485259.409 13.965
v 119890.314 485259.456 13.833
v 119890.314 485259.456 14.073
v 119890.333 485259.409 14.205
v 119890.314 485259.456 13.833
v 119890.236 485259.640 13.965
v 119890.236 485259.640 14.205
v 119890.314 485259.456 14.073
v 119890.236 485259.640 13.965
v 119890.140 485259.870 14.484
v 119890.140 485259.870 14.724
v 119890.236 485259.640 14.205
v 119890.140 485259.870 14.484
v 119890.043 485260.101 14.184
v 119890.043 485260.101 14.424
v 119890.140 485259.870 14.724
v 119890.043 485260.101 14.184
v 119889.965 485260.285 4.272
v 119889.965 485260.285 4.512
v 119890.043 485260.101 14.424
v 119889.965 485260.285 4.272
v 119889.811 485260.654 4.262
v 119889.811 485260.654 4.502
v 119889.965 485260.285 4.512
f 747 748 749 750
f 751 752 753 754
f 755 756 757 758
f 759 760 761 762
f 763 764 765 766
f 767 768 769 770
g NL_IMBAG_Pand_0363100012156186_0_lod22_wall_8
v 119848.901 485285.990 -0.343
v 119850.088 485286.520 -0.343
v 119850.088 485286.520 14.244
v 119848.901 485285.990 14.244
v 119850.408 485286.663 -0.343
v 119851.503 485287.152 -0.343
v 119851.503 485287.152 14.244
v 119850.408 485286.663 14.244
v 119850.088 485286.520 -0.343
v 119850.408 485286.663 -0.343
v 119850.408 485286.663 1.957
v 119850.088 485286.520 1.957
v 119850.088 485286.520 3.307
v 119850.408 485286.663 3.307
v 119850.408 485286.663 14.244
v 119850.088 485286.520 14.244
v 119852.348 485287.530 -0.343
v 119852.896 485287.774 -0.343
v 119852.896 485287.774 4.607
v 119852.348 485287.530 4.607
v 119852.348 485287.530 6.307
v 119852.896 485287.774 6.307
v 119852.896 485287.774 6.357
v 119852.348 485287.530 6.357
v 119852.348 485287.530 7.257
v 119852.896 485287.774 7.257
v 119852.896 485287.774 14.244
v 119852.348 485287.530 14.244
v 119853.763 485288.162 -0.343
v 119854.199 485288.357 -0.343
v 119854.199 485288.357 14.244
v 119853.763 485288.162 14.244
v 119852.896 485287.774 -0.343
v 119853.763 485288.162 -0.343
v 119853.763 485288.162 1.957
v 119852.896 485287.774 1.957
v 119853.147 485287.887 3.307
v 119853.763 485288.162 3.307
v 119853.763 485288.162 14.244
v 119853.147 485287.887 14.244
v 119852.896 485287.774 3.307
v 119853.147 485287.887 3.307
v 119853.147 485287.887 4.607
v 119852.896 485287.774 4.607
v 119852.896 485287.774 6.307
v 119853.147 485287.887 6.307
v 119853.147 485287.887 6.357
v 119852.896 485287.774 6.357
v 119852.896 485287.774 7.257
v 119853.147 485287.887 7.257
v 119853.147 485287.887 14.244
v 119852.896 485287.774 14.244
v 119851.503 485287.152 -0.343
v 119852.348 485287.530 -0.343
v 119852.348 485287.530 1.957
v 119851.503 485287.152 1.957
v 119851.503 485287.152 3.307
v 119852.074 485287.407 3.307
v 119852.074 485287.407 14.244
v 119851.503 485287.152 14.244
v 119852.074 485287.407 3.307
v 119852.348 485287.530 3.307
v 119852.348 485287.530 4.607
v 119852.074 485287.407 4.607
v 119852.074 485287.407 6.307
v 119852.348 485287.530 6.307
v 119852.348 485287.530 6.357
v 119852.074 485287.407 6.357
v 119852.074 485287.407 7.257
v 119852.348 485287.530 7.257
v 119852.348 485287.530 14.244
v 119852.074 485287.407 14.244
f 771 772 773 774
f 775 776 777 778
f 779 780 781 782
f 783 784 785 786
f 787 788 789 790
f 791 792 793 794
f 795 796 797 798
f 799 800 801 802
f 803 804 805 806
f 807 808 809 810
f 811 812 813 814
f 815 816 817 818
f 819 820 821 822
f 823 824 825 826
f 827 828 829 830
f 831 832 833 834
f 835 836 837 838
f 839 840 841 842
g NL_IMBAG_Pand_0363100012156186_0_lod22_wall_8__openings
v 119851.422 485287.335 1.957
v 119852.266 485287.712 1.957
v 119852.266 485287.712 3.307
v 119851.422 485287.335 3.307
v 119851.503 485287.152 1.957
v 119852.348 485287.530 1.957
v 119852.348 485287.530 3.307
v 119851.503 485287.152 3.307
v 119852.814 485287.957 1.957
v 119853.681 485288.344 1.957
v 119853.681 485288.344 3.307
v 119852.814 485287.957 3.307
v 119852.896 485287.774 1.957
v 119853.763 485288.162 1.957
v 119853.763 485288.162 3.307
v 119852.896 485287.774 3.307
v 119850.006 485286.703 1.957
v 119850.326 485286.845 1.957
v 119850.326 485286.845 3.307
v 119850.006 485286.703 3.307
v 119850.088 485286.520 1.957
v 119850.408 485286.663 1.957
v 119850.408 485286.663 3.307
v 119850.088 485286.520 3.307
v 119851.422 485287.335 1.957
v 119852.266 485287.712 1.957
v 119852.266 485287.712 3.307
v 119851.422 485287.335 3.307
v 119851.503 485287.152 1.957
v 119852.348 485287.530 1.957
v 119852.348 485287.530 3.307
v 119851.503 485287.152 3.307
v 119852.814 485287.957 1.957
v 119853.681 485288.344 1.957
v 119853.681 485288.344 3.307
v 119852.814 485287.957 3.307
v 119852.896 485287.774 1.957
v 119853.763 485288.162 1.957
v 119853.763 485288.162 3.307
v 119852.896 485287.774 3.307
v 119851.992 485287.590 4.607
v 119853.065 485288.069 4.607
v 119853.065 485288.069 6.307
v 119851.992 485287.590 6.307
v 119852.074 485287.407 4.607
v 119853.147 485287.887 4.607
v 119853.147 485287.887 6.307
v 119852.074 485287.407 6.307
v 119851.992 485287.590 6.357
v 119853.065 485288.069 6.357
v 119853.065 485288.069 7.257
v 119851.992 485287.590 7.257
v 119852.074 485287.407 6.357
v 119853.147 485287.887 6.357
v 119853.147 485287.887 7.257
v 119852.074 485287.407 7.257
f 843 844 845 846
f 847 843 846 850
f 848 849 845 844
f 847 848 844 843
f 850 846 845 849
f 851 852 853 854
f 855 851 854 858
f 856 857 853 852
f 855 856 852 851
f 858 854 853 857
f 859 860 861 862
f 863 859 862 866
f 864 865 861 860
f 863 864 860 859
f 866 862 861 865
f 867 868 869 870
f 871 867 870 874
f 872 873 869 868
f 871 872 868 867
f 874 870 869 873
f 875 876 877 878
f 879 875 878 882
f 880 881 877 876
f 879 880 876 875
f 882 878 877 881
f 883 884 885 886
f 887 883 886 890
f 888 889 885 884
f 887 888 884 883
f 890 886 885 889
f 891 892 893 894
f 895 891 894 898
f 896 897 893 892
f 895 896 892 891
f 898 894 893 897
g NL_IMBAG_Pand_0363100012156186_0_lod22_wall_8__roofline
v 119850.032 485286.462 7.778
v 119850.306 485286.584 7.984
v 119850.306 485286.584 8.224
v 119850.032 485286.462 8.018
v 119850.306 485286.584 7.984
v 119850.351 485286.605 8.622
v 119850.351 485286.605 8.862
v 119850.306 485286.584 8.224
v 119850.351 485286.605 8.622
v 119850.443 485286.646 7.957
v 119850.443 485286.646 8.197
v 119850.351 485286.605 8.862
v 119850.443 485286.646 7.957
v 119850.534 485286.686 8.185
v 119850.534 485286.686 8.425
v 119850.443 485286.646 8.197
v 119850.534 485286.686 8.185
v 119850.808 485286.809 8.185
v 119850.808 485286.809 8.425
v 119850.534 485286.686 8.425
v 119850.808 485286.809 8.185
v 119851.264 485287.013 9.272
v 119851.264 485287.013 9.512
v 119850.808 485286.809 8.425
v 119851.264 485287.013 9.272
v 119851.447 485287.094 9.035
v 119851.447 485287.094 9.275
v 119851.264 485287.013 9.512
v 119851.447 485287.094 9.035
v 119851.493 485287.115 8.036
v 119851.493 485287.115 8.276
v 119851.447 485287.094 9.275
v 119851.493 485287.115 8.036
v 119851.675 485287.196 7.730
v 119851.675 485287.196 7.970
v 119851.493 485287.115 8.276
v 119851.675 485287.196 7.730
v 119851.812 485287.257 7.916
v 119851.812 485287.257 8.156
v 119851.675 485287.196 7.970
v 119851.812 485287.257 7.916
v 119851.995 485287.339 7.730
v 119851.995 485287.339 7.970
v 119851.812 485287.257 8.156
v 119851.995 485287.339 7.730
v 119852.040 485287.359 7.927
v 119852.040 485287.359 8.167
v 119851.995 485287.339 7.970
v 119852.040 485287.359 7.927
v 119852.406 485287.523 7.971
v 119852.406 485287.523 8.211
v 119852.040 485287.359 8.167
v 119852.406 485287.523 7.971
v 119852.451 485287.543 10.129
v 119852.451 485287.543 10.369
v 119852.406 485287.523 8.211
v 119852.451 485287.543 10.129
v 119852.543 485287.584 10.129
v 119852.543 485287.584 10.369
v 119852.451 485287.543 10.369
v 119852.543 485287.584 10.129
v 119852.588 485287.604 8.272
v 119852.588 485287.604 8.512
v 119852.543 485287.584 10.369
v 119852.588 485287.604 8.272
v 119852.725 485287.665 8.272
v 119852.725 485287.665 8.512
v 119852.588 485287.604 8.512
v 119852.725 485287.665 8.272
v 119852.771 485287.686 7.984
v 119852.771 485287.686 8.224
v 119852.725 485287.665 8.512
v 119852.771 485287.686 7.984
v 119852.862 485287.727 7.984
v 119852.862 485287.727 8.224
v 119852.771 485287.686 8.224
v 119852.862 485287.727 7.984
v 119852.953 485287.767 9.047
v 119852.953 485287.767 9.287
v 119852.862 485287.727 8.224
v 119852.953 485287.767 9.047
v 119853.182 485287.869 9.273
v 119853.182 485287.869 9.513
v 119852.953 485287.767 9.287
v 119853.182 485287.869 9.273
v 119853.227 485287.890 10.185
v 119853.227 485287.890 10.425
v 119853.182 485287.869 9.513
v 119853.227 485287.890 10.185
v 119853.319 485287.931 9.217
v 119853.319 485287.931 9.457
v 119853.227 485287.890 10.425
v 119853.319 485287.931 9.217
v 119853.364 485287.951 9.020
v 119853.364 485287.951 9.260
v 119853.319 485287.931 9.457
v 119853.364 485287.951 9.020
v 119853.410 485287.971 9.217
v 119853.410 485287.971 9.457
v 119853.364 485287.951 9.260
v 119853.410 485287.971 9.217
v 119853.501 485288.012 9.020
v 119853.501 485288.012 9.260
v 119853.410 485287.971 9.457
v 119853.501 485288.012 9.020
v 119853.547 485288.033 8.519
v 119853.547 485288.033 8.759
v 119853.501 485288.012 9.260
v 119853.547 485288.033 8.519
v 119853.730 485288.114 9.601
v 119853.730 485288.114 9.841
v 119853.547 485288.033 8.759
v 119853.730 485288.114 9.601
v 119853.912 485288.196 9.752
v 119853.912 485288.196 9.992
v 119853.730 485288.114 9.841
v 119853.912 485288.196 9.752
v 119854.140 485288.298 9.653
v 119854.140 485288.298 9.893
v 119853.912 485288.196 9.992
v 119854.140 485288.298 9.653
v 119854.232 485288.338 9.752
v 119854.232 485288.338 9.992
v 119854.140 485288.298 9.893
f 899 900 901 902
f 903 904 905 906
f 907 908 909 910
f 911 912 913 914
f 915 916 917 918
f 919 920 921 922
f 923 924 925 926
f 927 928 929 930
f 931 932 933 934
f 935 936 937 938
f 939 940 941 942
f 943 944 945 946
f 947 948 949 950
f 951 952 953 954
f 955 956 957 958
f 959 960 961 962
f 963 964 965 966
f 967 968 969 970
f 971 972 973 974
f 975 976 977 978
f 979 980 981 982
f 983 984 985 986
f 987 988 989 990
f 991 992 993 994
f 995 996 997 998
f 999 1000 1001 1002
f 1003 1004 1005 1006
f 1007 1008 1009 1010
f 1011 1012 1013 1014
f 1015 1016 1017 1018
f 1019 1020 1021 1022
g NL_IMBAG_Pand_0363100012156232_0_lod22_wall_15
v 119852.719 485265.834 -0.325
v 119851.807 485265.424 -0.325
v 119851.807 485265.424 16.368
v 119852.719 485265.834 16.368
v 119851.259 485265.178 -0.325
v 119850.663 485264.911 -0.325
v 119850.663 485264.911 16.368
v 119851.259 485265.178 16.368
v 119851.807 485265.424 -0.325
v 119851.259 485265.178 -0.325
v 119851.259 485265.178 0.875
v 119851.807 485265.424 0.875
v 119851.807 485265.424 1.225
v 119851.259 485265.178 1.225
v 119851.259 485265.178 2.075
v 119851.807 485265.424 2.075
v 119851.807 485265.424 2.825
v 119851.259 485265.178 2.825
v 119851.259 485265.178 4.425
v 119851.807 485265.424 4.425
v 119851.807 485265.424 5.725
v 119851.259 485265.178 5.725
v 119851.259 485265.178 16.368
v 119851.807 485265.424 16.368
f 1023 1024 1025 1026
f 1027 1028 1029 1030
f 1031 1032 1033 1034
f 1035 1036 1037 1038
f 1039 1040 1041 1042
f 1043 1044 1045 1046
g NL_IMBAG_Pand_0363100012156232_0_lod22_wall_15__openings
v 119851.889 485265.242 0.875
v 119851.341 485264.996 0.875
v 119851.341 485264.996 1.225
v 119851.889 485265.242 1.225
v 119851.807 485265.424 0.875
v 119851.259 485265.178 0.875
v 119851.259 485265.178 1.225
v 119851.807 485265.424 1.225
v 119851.889 485265.242 2.075
v 119851.341 485264.996 2.075
v 119851.341 485264.996 2.825
v 119851.889 485265.242 2.825
v 119851.807 485265.424 2.075
v 119851.259 485265.178 2.075
v 119851.259 485265.178 2.825
v 119851.807 485265.424 2.825
v 119851.889 485265.242 2.075
v 119851.341 485264.996 2.075
v 119851.341 485264.996 2.825
v 119851.889 485265.242 2.825
v 119851.807 485265.424 2.075
v 119851.259 485265.178 2.075
v 119851.259 485265.178 2.825
v 119851.807 485265.424 2.825
v 119851.889 485265.242 2.075
v 119851.341 485264.996 2.075
v 119851.341 485264.996 2.825
v 119851.889 485265.242 2.825
v 119851.807 485265.424 2.075
v 119851.259 485265.178 2.075
v 119851.259 485265.178 2.825
v 119851.807 485265.424 2.825
v 119851.889 485265.242 4.425
v 119851.341 485264.996 4.425
v 119851.341 485264.996 5.725
v 119851.889 485265.242 5.725
v 119851.807 485265.424 4.425
v 119851.259 485265.178 4.425
v 119851.259 485265.178 5.725
v 119851.807 485265.424 5.725
f 1047 1048 1049 1050
f 1051 1047 1050 1054
f 1052 1053 1049 1048
f 1051 1052 1048 1047
f 1054 1050 1049 1053
f 1055 1056 1057 1058
f 1059 1055 1058 1062
f 1060 1061 1057 1056
f 1059 1060 1056 1055
f 1062 1058 1057 1061
f 1063 1064 1065 1066
f 1067 1063 1066 1070
f 1068 1069 1065 1064
f 1067 1068 1064 1063
f 1070 1066 1065 1069
f 1071 1072 1073 1074
f 1075 1071 1074 1078
f 1076 1077 1073 1072
f 1075 1076 1072 1071
f 1078 1074 1073 1077
f 1079 1080 1081 1082
f 1083 1079 1082 1086
f 1084 1085 1081 1080
f 1083 1084 1080 1079
f 1086 1082 1081 1085
g NL_IMBAG_Pand_0363100012156232_0_lod22_wall_15__roofline
v 119852.684 485265.851 11.392
v 119852.638 485265.830 9.984
v 119852.638 485265.830 10.224
v 119852.684 485265.851 11.632
v 119852.638 485265.830 9.984
v 119852.547 485265.789 12.706
v 119852.547 485265.789 12.946
v 119852.638 485265.830 10.224
v 119852.547 485265.789 12.706
v 119852.456 485265.748 9.520
v 119852.456 485265.748 9.760
v 119852.547 485265.789 12.946
v 119852.456 485265.748 9.520
v 119852.365 485265.708 9.203
v 119852.365 485265.708 9.443
v 119852.456 485265.748 9.760
v 119852.365 485265.708 9.203
v 119852.182 485265.626 9.203
v 119852.182 485265.626 9.443
v 119852.365 485265.708 9.443
v 119852.182 485265.626 9.203
v 119852.137 485265.605 9.091
v 119852.137 485265.605 9.331
v 119852.182 485265.626 9.443
v 119852.137 485265.605 9.091
v 119852.091 485265.585 8.405
v 119852.091 485265.585 8.645
v 119852.137 485265.605 9.331
v 119852.091 485265.585 8.405
v 119851.909 485265.503 9.091
v 119851.909 485265.503 9.331
v 119852.091 485265.585 8.645
v 119851.909 485265.503 9.091
v 119851.817 485265.462 8.996
v 119851.817 485265.462 9.236
v 119851.909 485265.503 9.331
v 119851.817 485265.462 8.996
v 119851.772 485265.441 8.191
v 119851.772 485265.441 8.431
v 119851.817 485265.462 9.236
v 119851.772 485265.441 8.191
v 119851.681 485265.400 8.996
v 119851.681 485265.400 9.236
v 119851.772 485265.441 8.431
v 119851.681 485265.400 8.996
v 119851.589 485265.359 8.091
v 119851.589 485265.359 8.331
v 119851.681 485265.400 9.236
v 119851.589 485265.359 8.091
v 119851.133 485265.155 8.229
v 119851.133 485265.155 8.469
v 119851.589 485265.359 8.331
v 119851.133 485265.155 8.229
v 119850.951 485265.073 7.749
v 119850.951 485265.073 7.989
v 119851.133 485265.155 8.469
v 119850.951 485265.073 7.749
v 119850.859 485265.032 8.003
v 119850.859 485265.032 8.243
v 119850.951 485265.073 7.989
v 119850.859 485265.032 8.003
v 119850.631 485264.929 8.090
v 119850.631 485264.929 8.330
v 119850.859 485265.032 8.243
f 1087 1088 1089 1090
f 1091 1092 1093 1094
f 1095 1096 1097 1098
f 1099 1100 1101 1102
f 1103 1104 1105 1106
f 1107 1108 1109 1110
f 1111 1112 1113 1114
f 1115 1116 1117 1118
f 1119 1120 1121 1122
f 1123 1124 1125 1126
f 1127 1128 1129 1130
f 1131 1132 1133 1134
f 1135 1136 1137 1138
f 1139 1140 1141 1142
f 1143 1144 1145 1146
f 1147 1148 1149 1150
g NL_IMBAG_Pand_0363100012156232_0_lod22_wall_16
v 119854.427 485266.601 -0.325
v 119852.719 485265.834 -0.325
v 119852.719 485265.834 14.682
v 119854.427 485266.601 14.682
f 1151 1152 1153 1154
g NL_IMBAG_Pand_0363100012156232_0_lod22_wall_16__openings
g NL_IMBAG_Pand_0363100012156232_0_lod22_wall_16__roofline
v 119854.392 485266.618 12.181
v 119854.255 485266.556 11.085
v 119854.255 485266.556 11.325
v 119854.392 485266.618 12.421
v 119854.255 485266.556 11.085
v 119854.210 485266.536 12.018
v 119854.210 485266.536 12.258
v 119854.255 485266.556 11.325
v 119854.210 485266.536 12.018
v 119854.164 485266.515 10.593
v 119854.164 485266.515 10.833
v 119854.210 485266.536 12.258
v 119854.164 485266.515 10.593
v 119854.027 485266.454 10.593
v 119854.027 485266.454 10.833
v 119854.164 485266.515 10.833
v 119854.027 485266.454 10.593
v 119853.982 485266.434 12.354
v 119853.982 485266.434 12.594
v 119854.027 485266.454 10.833
v 119853.982 485266.434 12.354
v 119853.845 485266.372 12.354
v 119853.845 485266.372 12.594
v 119853.982 485266.434 12.594
v 119853.845 485266.372 12.354
v 119853.799 485266.352 11.335
v 119853.799 485266.352 11.575
v 119853.845 485266.372 12.594
v 119853.799 485266.352 11.335
v 119853.708 485266.311 11.335
v 119853.708 485266.311 11.575
v 119853.799 485266.352 11.575
v 119853.708 485266.311 11.335
v 119853.662 485266.290 8.221
v 119853.662 485266.290 8.461
v 119853.708 485266.311 11.575
v 119853.662 485266.290 8.221
v 119853.617 485266.270 8.098
v 119853.617 485266.270 8.338
v 119853.662 485266.290 8.461
v 119853.617 485266.270 8.098
v 119853.525 485266.229 8.221
v 119853.525 485266.229 8.461
v 119853.617 485266.270 8.338
v 119853.525 485266.229 8.221
v 119853.480 485266.208 11.004
v 119853.480 485266.208 11.244
v 119853.525 485266.229 8.461
v 119853.480 485266.208 11.004
v 119853.434 485266.188 8.221
v 119853.434 485266.188 8.461
v 119853.480 485266.208 11.244
v 119853.434 485266.188 8.221
v 119853.297 485266.126 8.221
v 119853.297 485266.126 8.461
v 119853.434 485266.188 8.461
v 119853.297 485266.126 8.221
v 119853.252 485266.106 11.004
v 119853.252 485266.106 11.244
v 119853.297 485266.126 8.461
v 119853.252 485266.106 11.004
v 119853.161 485266.065 11.230
v 119853.161 485266.065 11.470
v 119853.252 485266.106 11.244
v 119853.161 485266.065 11.230
v 119852.932 485265.962 11.230
v 119852.932 485265.962 11.470
v 119853.161 485266.065 11.470
v 119852.932 485265.962 11.230
v 119852.887 485265.942 13.203
v 119852.887 485265.942 13.443
v 119852.932 485265.962 11.470
v 119852.887 485265.942 13.203
v 119852.841 485265.921 13.609
v 119852.841 485265.921 13.849
v 119852.887 485265.942 13.443
v 119852.841 485265.921 13.609
v 119852.750 485265.880 12.430
v 119852.750 485265.880 12.670
v 119852.841 485265.921 13.849
v 119852.750 485265.880 12.430
v 119852.704 485265.860 14.014
v 119852.704 485265.860 14.254
v 119852.750 485265.880 12.670
f 1155 1156 1157 1158
f 1159 1160 1161 1162
f 1163 1164 1165 1166
f 1167 1168 1169 1170
f 1171 1172 1173 1174
f 1175 1176 1177 1178
f 1179 1180 1181 1182
f 1183 1184 1185 1186
f 1187 1188 1189 1190
f 1191 1192 1193 1194
f 1195 1196 1197 1198
f 1199 1200 1201 1202
f 1203 1204 1205 1206
f 1207 1208 1209 1210
f 1211 1212 1213 1214
f 1215 1216 1217 1218
f 1219 1220 1221 1222
f 1223 1224 1225 1226
f 1227 1228 1229 1230
f 1231 1232 1233 1234
f 1235 1236 1237 1238
g NL_IMBAG_Pand_0363100012156790_0_lod22_wall_2
v 119860.350 485291.106 0.382
v 119861.400 485291.574 0.382
v 119861.400 485291.574 15.735
v 119860.350 485291.106 15.735
v 119861.720 485291.717 0.382
v 119861.811 485291.757 0.382
v 119861.811 485291.757 15.735
v 119861.720 485291.717 15.735
v 119862.314 485291.981 0.382
v 119863.126 485292.344 0.382
v 119863.126 485292.344 15.735
v 119862.314 485291.981 15.735
v 119861.811 485291.757 0.382
v 119862.314 485291.981 0.382
v 119862.314 485291.981 2.257
v 119861.811 485291.757 2.257
v 119861.811 485291.757 3.107
v 119862.314 485291.981 3.107
v 119862.314 485291.981 7.182
v 119861.811 485291.757 7.182
v 119861.811 485291.757 8.632
v 119862.314 485291.981 8.632
v 119862.314 485291.981 15.735
v 119861.811 485291.757 15.735
v 119861.400 485291.574 0.382
v 119861.720 485291.717 0.382
v 119861.720 485291.717 2.257
v 119861.400 485291.574 2.257
v 119861.400 485291.574 3.107
v 119861.720 485291.717 3.107
v 119861.720 485291.717 15.735
v 119861.400 485291.574 15.735
f 1239 1240 1241 1242
f 1243 1244 1245 1246
f 1247 1248 1249 1250
f 1251 1252 1253 1254
f 1255 1256 1257 1258
f 1259 1260 1261 1262
f 1263 1264 1265 1266
f 1267 1268 1269 1270
g NL_IMBAG_Pand_0363100012156790_0_lod22_wall_2__openings
v 119861.319 485291.757 2.257
v 119861.639 485291.899 2.257
v 119861.639 485291.899 3.107
v 119861.319 485291.757 3.107
v 119861.400 485291.574 2.257
v 119861.720 485291.717 2.257
v 119861.720 485291.717 3.107
v 119861.400 485291.574 3.107
v 119861.730 485291.940 2.257
v 119862.232 485292.164 2.257
v 119862.232 485292.164 3.107
v 119861.730 485291.940 3.107
v 119861.811 485291.757 2.257
v 119862.314 485291.981 2.257
v 119862.314 485291.981 3.107
v 119861.811 485291.757 3.107
v 119861.730 485291.940 7.182
v 119862.232 485292.164 7.182
v 119862.232 485292.164 7.882
v 119861.730 485291.940 7.882
v 119861.811 485291.757 7.182
v 119862.314 485291.981 7.182
v 119862.314 485291.981 7.882
v 119861.811 485291.757 7.882
v 119861.730 485291.940 7.882
v 119862.232 485292.164 7.882
v 119862.232 485292.164 8.632
v 119861.730 485291.940 8.632
v 119861.811 485291.757 7.882
v 119862.314 485291.981 7.882
v 119862.314 485291.981 8.632
v 119861.811 485291.757 8.632
f 1271 1272 1273 1274
f 1275 1271 1274 1278
f 1276 1277 1273 1272
f 1275 1276 1272 1271
f 1278 1274 1273 1277
f 1279 1280 1281 1282
f 1283 1279 1282 1286
f 1284 1285 1281 1280
f 1283 1284 1280 1279
f 1286 1282 1281 1285
f 1287 1288 1289 1290
f 1291 1287 1290 1294
f 1292 1293 1289 1288
f 1291 1292 1288 1287
f 1294 1290 1289 1293
f 1295 1296 1297 1298
f 1299 1295 1298 1302
f 1300 1301 1297 1296
f 1299 1300 1296 1295
f 1302 1298 1297 1301
g NL_IMBAG_Pand_0363100012156790_0_lod22_wall_2__roofline
v 119860.385 485291.089 9.059
v 119860.477 485291.129 8.508
v 119860.477 485291.129 8.748
v 119860.385 485291.089 9.299
v 119860.477 485291.129 8.508
v 119860.659 485291.211 8.508
v 119860.659 485291.211 8.748
v 119860.477 485291.129 8.748
v 119860.659 485291.211 8.508
v 119860.750 485291.251 8.697
v 119860.750 485291.251 8.937
v 119860.659 485291.211 8.748
v 119860.750 485291.251 8.697
v 119860.796 485291.272 8.628
v 119860.796 485291.272 8.868
v 119860.750 485291.251 8.937
v 119860.796 485291.272 8.628
v 119861.116 485291.414 8.857
v 119861.116 485291.414 9.097
v 119860.796 485291.272 8.868
v 119861.116 485291.414 8.857
v 119861.207 485291.455 8.783
v 119861.207 485291.455 9.023
v 119861.116 485291.414 9.097
v 119861.207 485291.455 8.783
v 119861.298 485291.496 8.229
v 119861.298 485291.496 8.469
v 119861.207 485291.455 9.023
v 119861.298 485291.496 8.229
v 119861.344 485291.516 8.802
v 119861.344 485291.516 9.042
v 119861.298 485291.496 8.469
v 119861.344 485291.516 8.802
v 119861.390 485291.537 8.661
v 119861.390 485291.537 8.901
v 119861.344 485291.516 9.042
v 119861.390 485291.537 8.661
v 119861.435 485291.557 8.802
v 119861.435 485291.557 9.042
v 119861.390 485291.537 8.901
v 119861.435 485291.557 8.802
v 119861.664 485291.659 8.840
v 119861.664 485291.659 9.080
v 119861.435 485291.557 9.042
v 119861.664 485291.659 8.840
v 119861.755 485291.699 9.145
v 119861.755 485291.699 9.385
v 119861.664 485291.659 9.080
v 119861.755 485291.699 9.145
v 119861.983 485291.801 9.190
v 119861.983 485291.801 9.430
v 119861.755 485291.699 9.385
v 119861.983 485291.801 9.190
v 119862.029 485291.822 9.346
v 119862.029 485291.822 9.586
v 119861.983 485291.801 9.430
v 119862.029 485291.822 9.346
v 119862.075 485291.842 15.306
v 119862.075 485291.842 15.546
v 119862.029 485291.822 9.586
v 119862.075 485291.842 15.306
v 119862.166 485291.883 15.361
v 119862.166 485291.883 15.601
v 119862.075 485291.842 15.546
v 119862.166 485291.883 15.361
v 119862.303 485291.944 15.110
v 119862.303 485291.944 15.350
v 119862.166 485291.883 15.601
v 119862.303 485291.944 15.110
v 119862.531 485292.046 15.009
v 119862.531 485292.046 15.249
v 119862.303 485291.944 15.350
v 119862.531 485292.046 15.009
v 119862.623 485292.086 9.981
v 119862.623 485292.086 10.221
v 119862.531 485292.046 15.249
v 119862.623 485292.086 9.981
v 119862.805 485292.168 9.237
v 119862.805 485292.168 9.477
v 119862.623 485292.086 10.221
v 119862.805 485292.168 9.237
v 119863.125 485292.310 9.293
v 119863.125 485292.310 9.533
v 119862.805 485292.168 9.477
f 1303 1304 1305 1306
f 1307 1308 1309 1310
f 1311 1312 1313 1314
f 1315 1316 1317 1318
f 1319 1320 1321 1322
f 1323 1324 1325 1326
f 1327 1328 1329 1330
f 1331 1332 1333 1334
f 1335 1336 1337 1338
f 1339 1340 1341 1342
f 1343 1344 1345 1346
f 1347 1348 1349 1350
f 1351 1352 1353 1354
f 1355 1356 1357 1358
f 1359 1360 1361 1362
f 1363 1364 1365 1366
f 1367 1368 1369 1370
f 1371 1372 1373 1374
f 1375 1376 1377 1378
f 1379 1380 1381 1382
f 1383 1384 1385 1386
g NL_IMBAG_Pand_0363100012156790_0_lod22_wall_6
v 119863.126 485292.344 0.382
v 119863.673 485294.381 0.382
v 119863.673 485294.381 15.658
v 119863.126 485292.344 15.658
f 1387 1388 1389 1390
g NL_IMBAG_Pand_0363100012156790_0_lod22_wall_6__openings
g NL_IMBAG_Pand_0363100012156790_0_lod22_wall_6__roofline
v 119863.162 485292.360 13.111
v 119863.278 485292.795 12.902
v 119863.278 485292.795 13.142
v 119863.162 485292.360 13.351
v 119863.278 485292.795 12.902
v 119863.304 485292.891 10.257
v 119863.304 485292.891 10.497
v 119863.278 485292.795 13.142
v 119863.304 485292.891 10.257
v 119863.395 485293.229 8.795
v 119863.395 485293.229 9.035
v 119863.304 485292.891 10.497
v 119863.395 485293.229 8.795
v 119863.421 485293.326 9.347
v 119863.421 485293.326 9.587
v 119863.395 485293.229 9.035
v 119863.421 485293.326 9.347
v 119863.434 485293.374 8.795
v 119863.434 485293.374 9.035
v 119863.421 485293.326 9.587
v 119863.434 485293.374 8.795
v 119863.460 485293.471 8.529
v 119863.460 485293.471 8.769
v 119863.434 485293.374 9.035
v 119863.460 485293.471 8.529
v 119863.473 485293.519 8.748
v 119863.473 485293.519 8.988
v 119863.460 485293.471 8.769
v 119863.473 485293.519 8.748
v 119863.499 485293.616 8.358
v 119863.499 485293.616 8.598
v 119863.473 485293.519 8.988
v 119863.499 485293.616 8.358
v 119863.512 485293.664 7.485
v 119863.512 485293.664 7.725
v 119863.499 485293.616 8.598
v 119863.512 485293.664 7.485
v 119863.551 485293.809 7.485
v 119863.551 485293.809 7.725
v 119863.512 485293.664 7.725
v 119863.551 485293.809 7.485
v 119863.564 485293.857 13.322
v 119863.564 485293.857 13.562
v 119863.551 485293.809 7.725
v 119863.564 485293.857 13.322
v 119863.602 485294.002 13.397
v 119863.602 485294.002 13.637
v 119863.564 485293.857 13.562
v 119863.602 485294.002 13.397
v 119863.641 485294.147 14.602
v 119863.641 485294.147 14.842
v 119863.602 485294.002 13.637
v 119863.641 485294.147 14.602
v 119863.680 485294.292 14.657
v 119863.680 485294.292 14.897
v 119863.641 485294.147 14.842
v 119863.680 485294.292 14.657
v 119863.706 485294.388 15.303
v 119863.706 485294.388 15.543
v 119863.680 485294.292 14.897
f 1391 1392 1393 1394
f 1395 1396 1397 1398
f 1399 1400 1401 1402
f 1403 1404 1405 1406
f 1407 1408 1409 1410
f 1411 1412 1413 1414
f 1415 1416 1417 1418
f 1419 1420 1421 1422
f 1423 1424 1425 1426
f 1427 1428 1429 1430
f 1431 1432 1433 1434
f 1435 1436 1437 1438
f 1439 1440 1441 1442
f 1443 1444 1445 1446
f 1447 1448 1449 1450
g NL_IMBAG_Pand_0363100012158539_0_lod22_wall_3
v 119856.143 485267.371 -0.306
v 119854.427 485266.601 -0.306
v 119854.427 485266.601 14.718
v 119856.143 485267.371 14.718
f 1451 1452 1453 1454
g NL_IMBAG_Pand_0363100012158539_0_lod22_wall_3__openings
g NL_IMBAG_Pand_0363100012158539_0_lod22_wall_3__roofline
v 119856.108 485267.388 12.322
v 119855.926 485267.306 12.468
v 119855.926 485267.306 12.708
v 119856.108 485267.388 12.562
v 119855.926 485267.306 12.468
v 119855.789 485267.245 12.270
v 119855.789 485267.245 12.510
v 119855.926 485267.306 12.708
v 119855.789 485267.245 12.270
v 119855.743 485267.224 12.468
v 119855.743 485267.224 12.708
v 119855.789 485267.245 12.510
v 119855.743 485267.224 12.468
v 119855.697 485267.204 12.270
v 119855.697 485267.204 12.510
v 119855.743 485267.224 12.708
v 119855.697 485267.204 12.270
v 119855.241 485266.999 12.315
v 119855.241 485266.999 12.555
v 119855.697 485267.204 12.510
v 119855.241 485266.999 12.315
v 119855.104 485266.938 11.261
v 119855.104 485266.938 11.501
v 119855.241 485266.999 12.555
v 119855.104 485266.938 11.261
v 119855.013 485266.897 11.261
v 119855.013 485266.897 11.501
v 119855.104 485266.938 11.501
v 119855.013 485266.897 11.261
v 119854.831 485266.815 12.005
v 119854.831 485266.815 12.245
v 119855.013 485266.897 11.501
v 119854.831 485266.815 12.005
v 119854.739 485266.774 13.960
v 119854.739 485266.774 14.200
v 119854.831 485266.815 12.245
v 119854.739 485266.774 13.960
v 119854.557 485266.692 13.989
v 119854.557 485266.692 14.229
v 119854.739 485266.774 14.200
v 119854.557 485266.692 13.989
v 119854.466 485266.651 13.869
v 119854.466 485266.651 14.109
v 119854.557 485266.692 14.229
v 119854.466 485266.651 13.869
v 119854.420 485266.631 14.018
v 119854.420 485266.631 14.258
v 119854.466 485266.651 14.109
f 1455 1456 1457 1458
f 1459 1460 1461 1462
f 1463 1464 1465 1466
f 1467 1468 1469 1470
f 1471 1472 1473 1474
f 1475 1476 1477 1478
f 1479 1480 1481 1482
f 1483 1484 1485 1486
f 1487 1488 1489 1490
f 1491 1492 1493 1494
f 1495 1496 1497 1498
f 1499 1500 1501 1502
g NL_IMBAG_Pand_0363100012158539_0_lod22_wall_10
v 119859.813 485269.019 -0.306
v 119858.019 485268.214 -0.306
v 119858.019 485268.214 16.355
v 119859.813 485269.019 16.355
f 1503 1504 1505 1506
g NL_IMBAG_Pand_0363100012158539_0_lod22_wall_10__openings
g NL_IMBAG_Pand_0363100012158539_0_lod22_wall_10__roofline
v 119859.778 485269.036 14.162
v 119859.687 485268.995 13.870
v 119859.687 485268.995 14.110
v 119859.778 485269.036 14.402
v 119859.687 485268.995 13.870
v 119859.550 485268.934 14.162
v 119859.550 485268.934 14.402
v 119859.687 485268.995 14.110
v 119859.550 485268.934 14.162
v 119859.367 485268.852 13.603
v 119859.367 485268.852 13.843
v 119859.550 485268.934 14.402
v 119859.367 485268.852 13.603
v 119859.322 485268.831 13.870
v 119859.322 485268.831 14.110
v 119859.367 485268.852 13.843
v 119859.322 485268.831 13.870
v 119859.231 485268.790 13.207
v 119859.231 485268.790 13.447
v 119859.322 485268.831 14.110
v 119859.231 485268.790 13.207
v 119859.139 485268.749 13.207
v 119859.139 485268.749 13.447
v 119859.231 485268.790 13.447
v 119859.139 485268.749 13.207
v 119859.048 485268.708 14.073
v 119859.048 485268.708 14.313
v 119859.139 485268.749 13.447
v 119859.048 485268.708 14.073
v 119858.638 485268.524 14.149
v 119858.638 485268.524 14.389
v 119859.048 485268.708 14.313
v 119858.638 485268.524 14.149
v 119858.592 485268.504 14.655
v 119858.592 485268.504 14.895
v 119858.638 485268.524 14.389
v 119858.592 485268.504 14.655
v 119858.409 485268.422 14.865
v 119858.409 485268.422 15.105
v 119858.592 485268.504 14.895
v 119858.409 485268.422 14.865
v 119858.318 485268.381 14.865
v 119858.318 485268.381 15.105
v 119858.409 485268.422 15.105
v 119858.318 485268.381 14.865
v 119858.136 485268.299 14.365
v 119858.136 485268.299 14.605
v 119858.318 485268.381 15.105
v 119858.136 485268.299 14.365
v 119858.045 485268.258 14.644
v 119858.045 485268.258 14.884
v 119858.136 485268.299 14.605
v 119858.045 485268.258 14.644
v 119857.999 485268.238 14.271
v 119857.999 485268.238 14.511
v 119858.045 485268.258 14.884
f 1507 1508 1509 1510
f 1511 1512 1513 1514
f 1515 1516 1517 1518
f 1519 1520 1521 1522
f 1523 1524 1525 1526
f 1527 1528 1529 1530
f 1531 1532 1533 1534
f 1535 1536 1537 1538
f 1539 1540 1541 1542
f 1543 1544 1545 1546
f 1547 1548 1549 1550
f 1551 1552 1553 1554
f 1555 1556 1557 1558
f 1559 1560 1561 1562
g NL_IMBAG_Pand_0363100012158539_0_lod22_wall_11
v 119858.019 485268.214 -0.306
v 119856.143 485267.371 -0.306
v 119856.143 485267.371 16.355
v 119858.019 485268.214 16.355
f 1563 1564 1565 1566
g NL_IMBAG_Pand_0363100012158539_0_lod22_wall_11__openings
g NL_IMBAG_Pand_0363100012158539_0_lod22_wall_11__roofline
v 119857.984 485268.231 15.316
v 119857.802 485268.149 15.316
v 119857.802 485268.149 15.556
v 119857.984 485268.231 15.556
v 119857.802 485268.149 15.316
v 119857.710 485268.108 15.164
v 119857.710 485268.108 15.404
v 119857.802 485268.149 15.556
v 119857.710 485268.108 15.164
v 119857.619 485268.067 15.462
v 119857.619 485268.067 15.702
v 119857.710 485268.108 15.404
v 119857.619 485268.067 15.462
v 119857.528 485268.026 14.960
v 119857.528 485268.026 15.200
v 119857.619 485268.067 15.702
v 119857.528 485268.026 14.960
v 119857.391 485267.964 14.960
v 119857.391 485267.964 15.200
v 119857.528 485268.026 15.200
v 119857.391 485267.964 14.960
v 119857.300 485267.923 15.535
v 119857.300 485267.923 15.775
v 119857.391 485267.964 15.200
v 119857.300 485267.923 15.535
v 119856.707 485267.657 15.111
v 119856.707 485267.657 15.351
v 119857.300 485267.923 15.775
v 119856.707 485267.657 15.111
v 119856.525 485267.575 13.900
v 119856.525 485267.575 14.140
v 119856.707 485267.657 15.351
v 119856.525 485267.575 13.900
v 119856.342 485267.493 13.900
v 119856.342 485267.493 14.140
v 119856.525 485267.575 14.140
v 119856.342 485267.493 13.900
v 119856.297 485267.473 14.572
v 119856.297 485267.473 14.812
v 119856.342 485267.493 14.140
v 119856.297 485267.473 14.572
v 119856.205 485267.432 13.900
v 119856.205 485267.432 14.140
v 119856.297 485267.473 14.812
v 119856.205 485267.432 13.900
v 119856.114 485267.391 14.642
v 119856.114 485267.391 14.882
v 119856.205 485267.432 14.140
f 1567 1568 1569 1570
f 1571 1572 1573 1574
f 1575 1576 1577 1578
f 1579 1580 1581 1582
f 1583 1584 1585 1586
f 1587 1588 1589 1590
f 1591 1592 1593 1594
f 1595 1596 1597 1598
f 1599 1600 1601 1602
f 1603 1604 1605 1606
f 1607 1608 1609 1610
f 1611 1612 1613 1614
g NL_IMBAG_Pand_0363100012161771_0_lod22_wall_2
v 119872.205 485272.987 -0.180
v 119870.565 485273.895 -0.180
v 119870.565 485273.895 14.716
v 119872.205 485272.987 14.716
v 119872.511 485272.818 -0.180
v 119872.205 485272.987 -0.180
v 119872.205 485272.987 0.770
v 119872.511 485272.818 0.770
v 119872.511 485272.818 3.420
v 119872.205 485272.987 3.420
v 119872.205 485272.987 14.716
v 119872.511 485272.818 14.716
v 119872.489 485272.830 14.716
v 119872.489 485272.830 16.763
v 119871.483 485273.387 15.245
v 119871.483 485273.387 14.716
f 1615 1616 1617 1618
f 1619 1620 1621 1622
f 1623 1624 1625 1626
f 1627 1628 1629 1630
g NL_IMBAG_Pand_0363100012161771_0_lod22_wall_2__openings
v 119872.414 485272.643 0.770
v 119872.108 485272.812 0.770
v 119872.108 485272.812 3.420
v 119872.414 485272.643 3.420
v 119872.511 485272.818 0.770
v 119872.205 485272.987 0.770
v 119872.205 485272.987 3.420
v 119872.511 485272.818 3.420
f 1631 1632 1633 1634
f 1635 1631 1634 1638
f 1636 1637 1633 1632
f 1635 1636 1632 1631
f 1638 1634 1633 1637
g NL_IMBAG_Pand_0363100012161771_0_lod22_wall_2__roofline
v 119872.504 485272.856 16.643
v 119871.498 485273.413 15.125
v 119871.498 485273.413 15.365
v 119872.504 485272.856 16.883
v 119871.498 485273.413 15.125
v 119871.454 485273.437 12.392
v 119871.454 485273.437 12.632
v 119871.498 485273.413 15.365
v 119871.454 485273.437 12.392
v 119870.579 485273.921 12.367
v 119870.579 485273.921 12.607
v 119871.454 485273.437 12.632
f 1639 1640 1641 1642
f 1643 1644 1645 1646
f 1647 1648 1649 1650
g NL_IMBAG_Pand_0363100012161771_0_lod22_wall_23
v 119870.514 485273.823 -0.180
v 119869.921 485273.557 -0.180
v 119869.921 485273.557 14.821
v 119870.514 485273.823 14.821
v 119868.826 485273.065 -0.180
v 119867.435 485272.441 -0.180
v 119867.435 485272.441 14.821
v 119868.826 485273.065 14.821
v 119866.454 485272.000 -0.180
v 119865.668 485271.647 -0.180
v 119865.668 485271.647 14.821
v 119866.454 485272.000 14.821
v 119867.435 485272.441 -0.180
v 119866.454 485272.000 -0.180
v 119866.454 485272.000 1.520
v 119867.435 485272.441 1.520
v 119867.435 485272.441 3.820
v 119866.454 485272.000 3.820
v 119866.454 485272.000 5.820
v 119867.435 485272.441 5.820
v 119867.435 485272.441 7.470
v 119866.454 485272.000 7.470
v 119866.454 485272.000 9.670
v 119867.435 485272.441 9.670
v 119867.435 485272.441 10.170
v 119866.454 485272.000 10.170
v 119866.454 485272.000 14.821
v 119867.435 485272.441 14.821
v 119869.921 485273.557 -0.180
v 119868.826 485273.065 -0.180
v 119868.826 485273.065 1.520
v 119869.921 485273.557 1.520
v 119869.921 485273.557 3.820
v 119868.826 485273.065 3.820
v 119868.826 485273.065 5.820
v 119869.921 485273.557 5.820
v 119869.921 485273.557 7.470
v 119868.826 485273.065 7.470
v 119868.826 485273.065 8.320
v 119869.921 485273.557 8.320
v 119869.921 485273.557 9.570
v 119868.826 485273.065 9.570
v 119868.826 485273.065 14.821
v 119869.921 485273.557 14.821
v 119864.550 485271.145 -0.180
v 119863.216 485270.546 -0.180
v 119863.216 485270.546 14.821
v 119864.550 485271.145 14.821
v 119862.075 485270.034 -0.180
v 119861.528 485269.789 -0.180
v 119861.528 485269.789 14.821
v 119862.075 485270.034 14.821
v 119860.433 485269.297 -0.180
v 119859.813 485269.019 -0.180
v 119859.813 485269.019 14.821
v 119860.433 485269.297 14.821
v 119861.528 485269.789 -0.180
v 119860.433 485269.297 -0.180
v 119860.433 485269.297 1.520
v 119861.528 485269.789 1.520
v 119861.528 485269.789 3.820
v 119860.433 485269.297 3.820
v 119860.433 485269.297 14.821
v 119861.528 485269.789 14.821
v 119863.216 485270.546 -0.180
v 119862.075 485270.034 -0.180
v 119862.075 485270.034 1.520
v 119863.216 485270.546 1.520
v 119863.216 485270.546 3.820
v 119862.075 485270.034 3.820
v 119862.075 485270.034 14.821
v 119863.216 485270.546 14.821
v 119865.668 485271.647 -0.180
v 119864.550 485271.145 -0.180
v 119864.550 485271.145 1.520
v 119865.668 485271.647 1.520
v 119865.668 485271.647 3.820
v 119864.550 485271.145 3.820
v 119864.550 485271.145 5.820
v 119865.668 485271.647 5.820
v 119865.668 485271.647 7.470
v 119864.550 485271.145 7.470
v 119864.550 485271.145 14.821
v 119865.668 485271.647 14.821
v 119863.968 485270.884 14.821
v 119863.968 485270.884 15.303
v 119863.375 485270.618 15.363
v 119861.779 485269.901 16.069
v 119861.368 485269.717 15.853
v 119861.140 485269.615 15.308
v 119860.684 485269.410 15.610
v 119860.137 485269.164 15.216
v 119859.818 485269.021 15.216
v 119859.818 485269.021 14.821
f 1651 1652 1653 1654
f 1655 1656 1657 1658
f 1659 1660 1661 1662
f 1663 1664 1665 1666
f 1667 1668 1669 1670
f 1671 1672 1673 1674
f 1675 1676 1677 1678
f 1679 1680 1681 1682
f 1683 1684 1685 1686
f 1687 1688 1689 1690
f 1691 1692 1693 1694
f 1695 1696 1697 1698
f 1699 1700 1701 1702
f 1703 1704 1705 1706
f 1707 1708 1709 1710
f 1711 1712 1713 1714
f 1715 1716 1717 1718
f 1719 1720 1721 1722
f 1723 1724 1725 1726
f 1727 1728 1729 1730
f 1731 1732 1733 1734
f 1735 1736 1737 1738 1739 1740 1741 1742 1743 1744
g NL_IMBAG_Pand_0363100012161771_0_lod22_wall_23__openings
v 119865.750 485271.465 1.520
v 119864.632 485270.963 1.520
v 119864.632 485270.963 3.820
v 119865.750 485271.465 3.820
v 119865.668 485271.647 1.520
v 119864.550 485271.145 1.520
v 119864.550 485271.145 3.820
v 119865.668 485271.647 3.820
v 119870.003 485273.374 1.520
v 119868.908 485272.883 1.520
v 119868.908 485272.883 3.820
v 119870.003 485273.374 3.820
v 119869.921 485273.557 1.520
v 119868.826 485273.065 1.520
v 119868.826 485273.065 3.820
v 119869.921 485273.557 3.820
v 119867.517 485272.258 1.520
v 119866.536 485271.818 1.520
v 119866.536 485271.818 3.820
v 119867.517 485272.258 3.820
v 119867.435 485272.441 1.520
v 119866.454 485272.000 1.520
v 119866.454 485272.000 3.820
v 119867.435 485272.441 3.820
v 119863.298 485270.364 1.520
v 119862.157 485269.852 1.520
v 119862.157 485269.852 3.820
v 119863.298 485270.364 3.820
v 119863.216 485270.546 1.520
v 119862.075 485270.034 1.520
v 119862.075 485270.034 3.820
v 119863.216 485270.546 3.820
v 119861.610 485269.606 1.520
v 119860.515 485269.115 1.520
v 119860.515 485269.115 3.820
v 119861.610 485269.606 3.820
v 119861.528 485269.789 1.520
v 119860.433 485269.297 1.520
v 119860.433 485269.297 3.820
v 119861.528 485269.789 3.820
v 119865.750 485271.465 1.520
v 119864.632 485270.963 1.520
v 119864.632 485270.963 3.820
v 119865.750 485271.465 3.820
v 119865.668 485271.647 1.520
v 119864.550 485271.145 1.520
v 119864.550 485271.145 3.820
v 119865.668 485271.647 3.820
v 119870.003 485273.374 5.820
v 119868.908 485272.883 5.820
v 119868.908 485272.883 7.470
v 119870.003 485273.374 7.470
v 119869.921 485273.557 5.820
v 119868.826 485273.065 5.820
v 119868.826 485273.065 7.470
v 119869.921 485273.557 7.470
v 119867.517 485272.258 5.820
v 119866.536 485271.818 5.820
v 119866.536 485271.818 7.470
v 119867.517 485272.258 7.470
v 119867.435 485272.441 5.820
v 119866.454 485272.000 5.820
v 119866.454 485272.000 7.470
v 119867.435 485272.441 7.470
v 119865.750 485271.465 5.820
v 119864.632 485270.963 5.820
v 119864.632 485270.963 7.470
v 119865.750 485271.465 7.470
v 119865.668 485271.647 5.820
v 119864.550 485271.145 5.820
v 119864.550 485271.145 7.470
v 119865.668 485271.647 7.470
v 119867.517 485272.258 5.820
v 119866.536 485271.818 5.820
v 119866.536 485271.818 7.470
v 119867.517 485272.258 7.470
v 119867.435 485272.441 5.820
v 119866.454 485272.000 5.820
v 119866.454 485272.000 7.470
v 119867.435 485272.441 7.470
v 119865.750 485271.465 5.820
v 119864.632 485270.963 5.820
v 119864.632 485270.963 7.470
v 119865.750 485271.465 7.470
v 119865.668 485271.647 5.820
v 119864.550 485271.145 5.820
v 119864.550 485271.145 7.470
v 119865.668 485271.647 7.470
v 119870.003 485273.374 8.320
v 119868.908 485272.883 8.320
v 119868.908 485272.883 9.570
v 119870.003 485273.374 9.570
v 119869.921 485273.557 8.320
v 119868.826 485273.065 8.320
v 119868.826 485273.065 9.570
v 119869.921 485273.557 9.570
v 119867.517 485272.258 9.670
v 119866.536 485271.818 9.670
v 119866.536 485271.818 10.170
v 119867.517 485272.258 10.170
v 119867.435 485272.441 9.670
v 119866.454 485272.000 9.670
v 119866.454 485272.000 10.170
v 119867.435 485272.441 10.170
f 1745 1746 1747 1748
f 1749 1745 1748 1752
f 1750 1751 1747 1746
f 1749 1750 1746 1745
f 1752 1748 1747 1751
f 1753 1754 1755 1756
f 1757 1753 1756 1760
f 1758 1759 1755 1754
f 1757 1758 1754 1753
f 1760 1756 1755 1759
f 1761 1762 1763 1764
f 1765 1761 1764 1768
f 1766 1767 1763 1762
f 1765 1766 1762 1761
f 1768 1764 1763 1767
f 1769 1770 1771 1772
f 1773 1769 1772 1776
f 1774 1775 1771 1770
f 1773 1774 1770 1769
f 1776 1772 1771 1775
f 1777 1778 1779 1780
f 1781 1777 1780 1784
f 1782 1783 1779 1778
f 1781 1782 1778 1777
f 1784 1780 1779 1783
f 1785 1786 1787 1788
f 1789 1785 1788 1792
f 1790 1791 1787 1786
f 1789 1790 1786 1785
f 1792 1788 1787 1791
f 1793 1794 1795 1796
f 1797 1793 1796 1800
f 1798 1799 1795 1794
f 1797 1798 1794 1793
f 1800 1796 1795 1799
f 1801 1802 1803 1804
f 1805 1801 1804 1808
f 1806 1807 1803 1802
f 1805 1806 1802 1801
f 1808 1804 1803 1807
f 1809 1810 1811 1812
f 1813 1809 1812 1816
f 1814 1815 1811 1810
f 1813 1814 1810 1809
f 1816 1812 1811 1815
f 1817 1818 1819 1820
f 1821 1817 1820 1824
f 1822 1823 1819 1818
f 1821 1822 1818 1817
f 1824 1820 1819 1823
f 1825 1826 1827 1828
f 1829 1825 1828 1832
f 1830 1831 1827 1826
f 1829 1830 1826 1825
f 1832 1828 1827 1831
f 1833 1834 1835 1836
f 1837 1833 1836 1840
f 1838 1839 1835 1834
f 1837 1838 1834 1833
f 1840 1836 1835 1839
f 1841 1842 1843 1844
f 1845 1841 1844 1848
f 1846 1847 1843 1842
f 1845 1846 1842 1841
f 1848 1844 1843 1847
g NL_IMBAG_Pand_0363100012161771_0_lod22_wall_23__roofline
v 119870.479 485273.840 12.397
v 119870.069 485273.656 12.447
v 119870.069 485273.656 12.687
v 119870.479 485273.840 12.637
v 119870.069 485273.656 12.447
v 119870.023 485273.635 13.941
v 119870.023 485273.635 14.181
v 119870.069 485273.656 12.687
v 119870.023 485273.635 13.941
v 119869.795 485273.533 13.994
v 119869.795 485273.533 14.234
v 119870.023 485273.635 14.181
v 119869.795 485273.533 13.994
v 119868.791 485273.082 13.941
v 119868.791 485273.082 14.181
v 119869.795 485273.533 14.234
v 119868.791 485273.082 13.941
v 119868.746 485273.062 12.398
v 119868.746 485273.062 12.638
v 119868.791 485273.082 14.181
v 119868.746 485273.062 12.398
v 119867.240 485272.386 12.383
v 119867.240 485272.386 12.623
v 119868.746 485273.062 12.638
v 119867.240 485272.386 12.383
v 119867.149 485272.345 13.982
v 119867.149 485272.345 14.222
v 119867.240 485272.386 12.623
v 119867.149 485272.345 13.982
v 119866.967 485272.263 13.982
v 119866.967 485272.263 14.222
v 119867.149 485272.345 14.222
v 119866.967 485272.263 13.982
v 119865.233 485271.485 13.938
v 119865.233 485271.485 14.178
v 119866.967 485272.263 14.222
v 119865.233 485271.485 13.938
v 119865.142 485271.444 13.880
v 119865.142 485271.444 14.120
v 119865.233 485271.485 14.178
v 119865.142 485271.444 13.880
v 119865.097 485271.424 12.446
v 119865.097 485271.424 12.686
v 119865.142 485271.444 14.120
v 119865.097 485271.424 12.446
v 119864.960 485271.362 12.330
v 119864.960 485271.362 12.570
v 119865.097 485271.424 12.686
v 119864.960 485271.362 12.330
v 119864.093 485270.973 12.349
v 119864.093 485270.973 12.589
v 119864.960 485271.362 12.570
v 119864.093 485270.973 12.349
v 119864.002 485270.932 12.391
v 119864.002 485270.932 12.631
v 119864.093 485270.973 12.589
v 119864.002 485270.932 12.391
v 119863.956 485270.912 15.183
v 119863.956 485270.912 15.423
v 119864.002 485270.932 12.631
v 119863.956 485270.912 15.183
v 119863.363 485270.645 15.243
v 119863.363 485270.645 15.483
v 119863.956 485270.912 15.423
v 119863.363 485270.645 15.243
v 119862.725 485270.359 15.634
v 119862.725 485270.359 15.874
v 119863.363 485270.645 15.483
v 119862.725 485270.359 15.634
v 119862.086 485270.072 15.748
v 119862.086 485270.072 15.988
v 119862.725 485270.359 15.874
v 119862.086 485270.072 15.748
v 119861.767 485269.929 15.949
v 119861.767 485269.929 16.189
v 119862.086 485270.072 15.988
v 119861.767 485269.929 15.949
v 119861.356 485269.744 15.733
v 119861.356 485269.744 15.973
v 119861.767 485269.929 16.189
v 119861.356 485269.744 15.733
v 119861.128 485269.642 15.188
v 119861.128 485269.642 15.428
v 119861.356 485269.744 15.973
v 119861.128 485269.642 15.188
v 119860.672 485269.437 15.490
v 119860.672 485269.437 15.730
v 119861.128 485269.642 15.428
v 119860.672 485269.437 15.490
v 119860.170 485269.212 15.241
v 119860.170 485269.212 15.481
v 119860.672 485269.437 15.730
v 119860.170 485269.212 15.241
v 119860.125 485269.191 15.096
v 119860.125 485269.191 15.336
v 119860.170 485269.212 15.481
v 119860.125 485269.191 15.096
v 119859.805 485269.048 15.096
v 119859.805 485269.048 15.336
v 119860.125 485269.191 15.336
f 1849 1850 1851 1852
f 1853 1854 1855 1856
f 1857 1858 1859 1860
f 1861 1862 1863 1864
f 1865 1866 1867 1868
f 1869 1870 1871 1872
f 1873 1874 1875 1876
f 1877 1878 1879 1880
f 1881 1882 1883 1884
f 1885 1886 1887 1888
f 1889 1890 1891 1892
f 1893 1894 1895 1896
f 1897 1898 1899 1900
f 1901 1902 1903 1904
f 1905 1906 1907 1908
f 1909 1910 1911 1912
f 1913 1914 1915 1916
f 1917 1918 1919 1920
f 1921 1922 1923 1924
f 1925 1926 1927 1928
f 1929 1930 1931 1932
f 1933 1934 1935 1936
f 1937 1938 1939 1940
f 1941 1942 1943 1944
f 1945 1946 1947 1948
g NL_IMBAG_Pand_0363100012163440_0_lod22_wall_18
v 119858.335 485290.205 0.345
v 119859.020 485290.511 0.345
v 119859.020 485290.511 15.033
v 119858.335 485290.205 15.033
v 119859.796 485290.858 0.345
v 119860.350 485291.106 0.345
v 119860.350 485291.106 15.033
v 119859.796 485290.858 15.033
v 119859.020 485290.511 0.345
v 119859.796 485290.858 0.345
v 119859.796 485290.858 4.445
v 119859.020 485290.511 4.445
v 119859.020 485290.511 6.195
v 119859.796 485290.858 6.195
v 119859.796 485290.858 6.295
v 119859.020 485290.511 6.295
v 119859.020 485290.511 7.195
v 119859.796 485290.858 7.195
v 119859.796 485290.858 15.033
v 119859.020 485290.511 15.033
f 1949 1950 1951 1952
f 1953 1954 1955 1956
f 1957 1958 1959 1960
f 1961 1962 1963 1964
f 1965 1966 1967 1968
g NL_IMBAG_Pand_0363100012163440_0_lod22_wall_18__openings
v 119858.938 485290.693 4.445
v 119859.714 485291.040 4.445
v 119859.714 485291.040 6.195
v 119858.938 485290.693 6.195
v 119859.020 485290.511 4.445
v 119859.796 485290.858 4.445
v 119859.796 485290.858 6.195
v 119859.020 485290.511 6.195
v 119858.938 485290.693 6.295
v 119859.714 485291.040 6.295
v 119859.714 485291.040 7.195
v 119858.938 485290.693 7.195
v 119859.020 485290.511 6.295
v 119859.796 485290.858 6.295
v 119859.796 485290.858 7.195
v 119859.020 485290.511 7.195
f 1969 1970 1971 1972
f 1973 1969 1972 1976
f 1974 1975 1971 1970
f 1973 1974 1970 1969
f 1976 1972 1971 1975
f 1977 1978 1979 1980
f 1981 1977 1980 1984
f 1982 1983 1979 1978
f 1981 1982 1978 1977
f 1984 1980 1979 1983
g NL_IMBAG_Pand_0363100012163440_0_lod22_wall_18__roofline
v 119858.370 485290.188 7.462
v 119858.416 485290.208 7.390
v 119858.416 485290.208 7.630
v 119858.370 485290.188 7.702
v 119858.416 485290.208 7.390
v 119858.553 485290.269 7.568
v 119858.553 485290.269 7.808
v 119858.416 485290.208 7.630
v 119858.553 485290.269 7.568
v 119858.598 485290.290 7.462
v 119858.598 485290.290 7.702
v 119858.553 485290.269 7.808
v 119858.598 485290.290 7.462
v 119858.781 485290.371 7.568
v 119858.781 485290.371 7.808
v 119858.598 485290.290 7.702
v 119858.781 485290.371 7.568
v 119858.872 485290.412 7.950
v 119858.872 485290.412 8.190
v 119858.781 485290.371 7.808
v 119858.872 485290.412 7.950
v 119859.831 485290.841 7.959
v 119859.831 485290.841 8.199
v 119858.872 485290.412 8.190
v 119859.831 485290.841 7.959
v 119859.922 485290.882 8.703
v 119859.922 485290.882 8.943
v 119859.831 485290.841 8.199
v 119859.922 485290.882 8.703
v 119860.150 485290.984 8.671
v 119860.150 485290.984 8.911
v 119859.922 485290.882 8.943
v 119860.150 485290.984 8.671
v 119860.379 485291.086 8.815
v 119860.379 485291.086 9.055
v 119860.150 485290.984 8.911
f 1985 1986 1987 1988
f 1989 1990 1991 1992
f 1993 1994 1995 1996
f 1997 1998 1999 2000
f 2001 2002 2003 2004
f 2005 2006 2007 2008
f 2009 2010 2011 2012
f 2013 2014 2015 2016
f 2017 2018 2019 2020
g NL_IMBAG_Pand_0363100012166039_0_lod22_wall_8
v 119883.039 485266.999 -0.051
v 119880.238 485268.546 -0.051
v 119880.238 485268.546 14.788
v 119883.039 485266.999 14.788
v 119879.560 485268.921 -0.051
v 119879.057 485269.199 -0.051
v 119879.057 485269.199 14.788
v 119879.560 485268.921 14.788
v 119878.269 485269.635 -0.051
v 119878.086 485269.736 -0.051
v 119878.086 485269.736 14.788
v 119878.269 485269.635 14.788
v 119879.057 485269.199 -0.051
v 119878.269 485269.635 -0.051
v 119878.269 485269.635 4.449
v 119879.057 485269.199 4.449
v 119879.057 485269.199 6.499
v 119878.269 485269.635 6.499
v 119878.269 485269.635 6.649
v 119879.057 485269.199 6.649
v 119879.057 485269.199 7.399
v 119878.269 485269.635 7.399
v 119878.269 485269.635 8.474
v 119879.057 485269.199 8.474
v 119879.057 485269.199 10.099
v 119878.269 485269.635 10.099
v 119878.269 485269.635 14.788
v 119879.057 485269.199 14.788
v 119880.238 485268.546 -0.051
v 119879.560 485268.921 -0.051
v 119879.560 485268.921 4.449
v 119880.238 485268.546 4.449
v 119880.238 485268.546 6.499
v 119879.560 485268.921 6.499
v 119879.560 485268.921 8.474
v 119880.238 485268.546 8.474
v 119880.238 485268.546 10.099
v 119879.560 485268.921 10.099
v 119879.560 485268.921 14.788
v 119880.238 485268.546 14.788
v 119883.017 485267.011 14.788
v 119883.017 485267.011 15.431
v 119882.230 485267.446 16.328
v 119882.011 485267.567 16.924
v 119881.836 485267.664 16.970
v 119880.654 485268.317 14.946
v 119880.260 485268.534 15.188
v 119879.516 485268.945 14.936
v 119879.210 485269.115 15.190
v 119878.072 485269.744 15.187
v 119878.072 485269.744 14.788
f 2021 2022 2023 2024
f 2025 2026 2027 2028
f 2029 2030 2031 2032
f 2033 2034 2035 2036
f 2037 2038 2039 2040
f 2041 2042 2043 2044
f 2045 2046 2047 2048
f 2049 2050 2051 2052
f 2053 2054 2055 2056
f 2057 2058 2059 2060
f 2061 2062 2063 2064 2065 2066 2067 2068 2069 2070 2071
g NL_IMBAG_Pand_0363100012166039_0_lod22_wall_8__openings
v 119880.142 485268.371 4.449
v 119879.463 485268.746 4.449
v 119879.463 485268.746 6.499
v 119880.142 485268.371 6.499
v 119880.238 485268.546 4.449
v 119879.560 485268.921 4.449
v 119879.560 485268.921 6.499
v 119880.238 485268.546 6.499
v 119878.960 485269.024 4.449
v 119878.172 485269.460 4.449
v 119878.172 485269.460 6.499
v 119878.960 485269.024 6.499
v 119879.057 485269.199 4.449
v 119878.269 485269.635 4.449
v 119878.269 485269.635 6.499
v 119879.057 485269.199 6.499
v 119878.960 485269.024 6.649
v 119878.172 485269.460 6.649
v 119878.172 485269.460 7.399
v 119878.960 485269.024 7.399
v 119879.057 485269.199 6.649
v 119878.269 485269.635 6.649
v 119878.269 485269.635 7.399
v 119879.057 485269.199 7.399
v 119878.960 485269.024 8.474
v 119878.172 485269.460 8.474
v 119878.172 485269.460 10.099
v 119878.960 485269.024 10.099
v 119879.057 485269.199 8.474
v 119878.269 485269.635 8.474
v 119878.269 485269.635 10.099
v 119879.057 485269.199 10.099
v 119880.142 485268.371 8.474
v 119879.463 485268.746 8.474
v 119879.463 485268.746 10.099
v 119880.142 485268.371 10.099
v 119880.238 485268.546 8.474
v 119879.560 485268.921 8.474
v 119879.560 485268.921 10.099
v 119880.238 485268.546 10.099
f 2072 2073 2074 2075
f 2076 2072 2075 2079
f 2077 2078 2074 2073
f 2076 2077 2073 2072
f 2079 2075 2074 2078
f 2080 2081 2082 2083
f 2084 2080 2083 2087
f 2085 2086 2082 2081
f 2084 2085 2081 2080
f 2087 2083 2082 2086
f 2088 2089 2090 2091
f 2092 2088 2091 2095
f 2093 2094 2090 2089
f 2092 2093 2089 2088
f 2095 2091 2090 2094
f 2096 2097 2098 2099
f 2100 2096 2099 2103
f 2101 2102 2098 2097
f 2100 2101 2097 2096
f 2103 2099 2098 2102
f 2104 2105 2106 2107
f 2108 2104 2107 2111
f 2109 2110 2106 2105
f 2108 2109 2105 2104
f 2111 2107 2106 2110
g NL_IMBAG_Pand_0363100012166039_0_lod22_wall_8__roofline
v 119883.032 485267.037 15.311
v 119882.769 485267.182 15.471
v 119882.769 485267.182 15.711
v 119883.032 485267.037 15.551
v 119882.769 485267.182 15.471
v 119882.594 485267.279 15.913
v 119882.594 485267.279 16.153
v 119882.769 485267.182 15.711
v 119882.594 485267.279 15.913
v 119882.244 485267.472 16.208
v 119882.244 485267.472 16.448
v 119882.594 485267.279 16.153
v 119882.244 485267.472 16.208
v 119882.025 485267.593 16.804
v 119882.025 485267.593 17.044
v 119882.244 485267.472 16.448
v 119882.025 485267.593 16.804
v 119881.850 485267.690 16.850
v 119881.850 485267.690 17.090
v 119882.025 485267.593 17.044
v 119881.850 485267.690 16.850
v 119880.844 485268.246 14.912
v 119880.844 485268.246 15.152
v 119881.850 485267.690 17.090
v 119880.844 485268.246 14.912
v 119880.669 485268.343 14.826
v 119880.669 485268.343 15.066
v 119880.844 485268.246 15.152
v 119880.669 485268.343 14.826
v 119880.275 485268.561 15.068
v 119880.275 485268.561 15.308
v 119880.669 485268.343 15.066
v 119880.275 485268.561 15.068
v 119879.531 485268.972 14.816
v 119879.531 485268.972 15.056
v 119880.275 485268.561 15.308
v 119879.531 485268.972 14.816
v 119879.268 485269.117 14.919
v 119879.268 485269.117 15.159
v 119879.531 485268.972 15.056
v 119879.268 485269.117 14.919
v 119879.224 485269.141 15.070
v 119879.224 485269.141 15.310
v 119879.268 485269.117 15.159
v 119879.224 485269.141 15.070
v 119878.087 485269.770 15.067
v 119878.087 485269.770 15.307
v 119879.224 485269.141 15.310
f 2112 2113 2114 2115
f 2116 2117 2118 2119
f 2120 2121 2122 2123
f 2124 2125 2126 2127
f 2128 2129 2130 2131
f 2132 2133 2134 2135
f 2136 2137 2138 2139
f 2140 2141 2142 2143
f 2144 2145 2146 2147
f 2148 2149 2150 2151
f 2152 2153 2154 2155
f 2156 2157 2158 2159
g NL_IMBAG_Pand_0363100012166039_0_lod22_wall_9
v 119883.874 485266.538 -0.051
v 119883.830 485266.562 -0.051
v 119883.830 485266.562 12.623
v 119883.874 485266.538 12.623
v 119883.480 485266.755 -0.051
v 119883.039 485266.999 -0.051
v 119883.039 485266.999 12.623
v 119883.480 485266.755 12.623
v 119883.830 485266.562 -0.051
v 119883.480 485266.755 -0.051
v 119883.480 485266.755 1.599
v 119883.830 485266.562 1.599
v 119883.830 485266.562 2.949
v 119883.480 485266.755 2.949
v 119883.480 485266.755 12.623
v 119883.830 485266.562 12.623
v 119883.108 485266.961 12.623
v 119883.108 485266.961 14.526
v 119883.021 485267.009 14.590
v 119883.021 485267.009 12.623
f 2160 2161 2162 2163
f 2164 2165 2166 2167
f 2168 2169 2170 2171
f 2172 2173 2174 2175
f 2176 2177 2178 2179
g NL_IMBAG_Pand_0363100012166039_0_lod22_wall_9__openings
v 119883.734 485266.387 1.599
v 119883.384 485266.580 1.599
v 119883.384 485266.580 2.949
v 119883.734 485266.387 2.949
v 119883.830 485266.562 1.599
v 119883.480 485266.755 1.599
v 119883.480 485266.755 2.949
v 119883.830 485266.562 2.949
f 2180 2181 2182 2183
f 2184 2180 2183 2187
f 2185 2186 2182 2181
f 2184 2185 2181 2180
f 2187 2183 2182 2186
g NL_IMBAG_Pand_0363100012166039_0_lod22_wall_9__roofline
v 119883.867 485266.576 12.270
v 119883.648 485266.697 12.069
v 119883.648 485266.697 12.309
v 119883.867 485266.576 12.510
v 119883.648 485266.697 12.069
v 119883.604 485266.721 10.869
v 119883.604 485266.721 11.109
v 119883.648 485266.697 12.309
v 119883.604 485266.721 10.869
v 119883.429 485266.818 10.208
v 119883.429 485266.818 10.448
v 119883.604 485266.721 11.109
v 119883.429 485266.818 10.208
v 119883.385 485266.842 7.715
v 119883.385 485266.842 7.955
v 119883.429 485266.818 10.448
v 119883.385 485266.842 7.715
v 119883.210 485266.939 7.715
v 119883.210 485266.939 7.955
v 119883.385 485266.842 7.955
v 119883.210 485266.939 7.715
v 119883.123 485266.987 14.406
v 119883.123 485266.987 14.646
v 119883.210 485266.939 7.955
v 119883.123 485266.987 14.406
v 119883.035 485267.035 14.470
v 119883.035 485267.035 14.710
v 119883.123 485266.987 14.646
f 2188 2189 2190 2191
f 2192 2193 2194 2195
f 2196 2197 2198 2199
f 2200 2201 2202 2203
f 2204 2205 2206 2207
f 2208 2209 2210 2211
f 2212 2213 2214 2215
g 3dbag_roofs
v 119885.879 485249.102 17.005
v 119889.749 485250.641 16.955
v 119889.181 485252.613 16.982
v 119885.287 485250.949 17.031
v 119879.329 485248.021 14.543
v 119881.574 485243.507 14.509
v 119880.719 485243.208 14.498
v 119880.965 485242.589 14.493
v 119883.790 485243.779 14.533
v 119894.983 485248.310 14.688
v 119892.555 485254.054 14.735
v 119889.181 485252.613 14.687
v 119889.749 485250.641 14.669
v 119885.879 485249.102 14.615
v 119885.287 485250.949 14.632
v 119878.757 485248.159 14.539
v 119878.890 485247.822 14.537
v 119881.574 485243.507 4.685
v 119879.329 485248.021 4.670
v 119878.890 485247.822 4.576
v 119880.719 485243.208 4.508
v 119872.435 485260.112 11.140
v 119871.118 485261.336 11.225
v 119870.764 485261.916 11.295
v 119868.826 485262.330 11.162
v 119868.266 485261.121 10.875
v 119868.249 485260.752 10.804
v 119871.708 485258.874 10.829
v 119868.119 485265.297 14.879
v 119869.098 485262.917 14.940
v 119868.826 485262.330 14.954
v 119870.764 485261.916 14.970
v 119871.118 485261.336 14.985
v 119872.435 485260.112 15.019
v 119878.086 485269.736 14.793
v 119872.511 485272.818 14.702
v 119890.315 485259.375 14.873
v 119889.384 485258.969 14.830
v 119889.511 485258.475 15.251
v 119889.815 485257.286 16.263
v 119890.988 485257.777 16.333
v 119889.815 485257.286 16.263
v 119890.107 485256.148 15.307
v 119890.310 485255.357 14.642
v 119891.520 485255.414 14.366
v 119891.973 485255.435 14.262
v 119890.988 485257.777 16.333
v 119890.832 485253.318 15.026
v 119892.555 485254.054 14.187
v 119891.973 485255.435 14.176
v 119891.520 485255.414 14.366
v 119890.310 485255.357 14.873
v 119880.969 485251.383 15.102
v 119880.902 485250.834 15.108
v 119881.932 485249.516 15.162
v 119890.832 485253.318 15.375
v 119890.310 485255.357 15.326
v 119890.107 485256.148 15.307
v 119889.815 485257.286 15.279
v 119889.511 485258.475 15.251
v 119889.384 485258.969 15.239
v 119881.476 485255.517 15.050
v 119880.715 485251.074 17.635
v 119879.833 485252.205 17.666
v 119880.212 485251.244 17.649
v 119879.775 485249.995 17.651
v 119878.246 485249.448 17.687
v 119878.757 485248.159 17.664
v 119881.932 485249.516 17.592
v 119880.902 485250.834 17.629
v 119880.969 485251.383 17.631
v 119879.833 485252.205 11.291
v 119880.715 485251.074 11.441
v 119880.969 485251.383 11.526
v 119881.476 485255.517 11.924
v 119880.705 485255.180 11.706
v 119878.971 485254.383 11.214
v 119880.595 485255.130 11.872
v 119879.994 485256.962 11.825
v 119878.638 485256.439 11.144
v 119878.793 485254.965 11.033
v 119879.022 485254.407 11.068
v 119879.202 485258.839 7.931
v 119877.491 485258.136 7.928
v 119878.793 485254.965 7.997
v 119878.638 485256.439 7.969
v 119879.994 485256.962 7.972
v 119879.322 485259.011 7.929
v 119886.342 485264.992 12.472
v 119886.704 485264.527 12.943
v 119887.072 485263.851 13.787
v 119888.505 485263.677 12.659
v 119888.405 485263.914 12.333
v 119888.455 485264.003 12.124
v 119886.357 485265.164 12.147
v 119886.457 485264.980 12.377
v 119887.997 485258.364 16.199
v 119890.315 485259.375 14.599
v 119889.786 485260.635 14.546
v 119889.108 485260.682 14.917
v 119887.237 485260.811 15.942
v 119887.749 485258.870 16.197
v 119883.603 485259.752 17.559
v 119884.056 485259.833 17.551
v 119883.242 485261.401 17.573
v 119880.811 485260.468 17.612
v 119881.462 485258.803 17.592
v 119882.442 485255.939 15.188
v 119886.651 485260.851 14.941
v 119887.237 485260.811 14.936
v 119889.108 485260.682 14.917
v 119889.786 485260.635 14.910
v 119888.505 485263.677 14.807
v 119887.072 485263.851 14.818
v 119886.704 485264.527 14.796
v 119886.342 485264.992 14.782
v 119886.457 485264.980 14.781
v 119886.357 485265.164 14.775
v 119883.874 485266.538 14.752
v 119880.037 485260.042 15.057
v 119879.322 485259.011 15.106
v 119879.994 485256.962 15.178
v 119880.595 485255.130 15.243
v 119880.705 485255.180 15.240
v 119882.442 485255.939 15.525
v 119887.997 485258.364 16.283
v 119887.749 485258.870 16.197
v 119887.237 485260.811 15.942
v 119886.651 485260.851 15.837
v 119846.926 485297.722 14.532
v 119846.010 485298.525 14.560
v 119843.990 485300.298 14.623
v 119843.096 485299.899 14.623
v 119848.901 485285.990 14.244
v 119854.199 485288.357 14.239
v 119850.267 485297.832 14.497
v 119849.582 485297.474 14.497
v 119849.170 485297.706 14.506
v 119847.130 485297.187 14.517
v 119849.348 485300.044 7.795
v 119847.393 485298.846 7.787
v 119846.010 485298.525 7.775
v 119846.926 485297.722 7.794
v 119847.130 485297.187 7.802
v 119849.170 485297.706 7.819
v 119849.582 485297.474 7.826
v 119850.267 485297.832 7.830
v 119849.378 485299.976 7.796
v 119849.348 485300.044 3.878
v 119848.393 485302.266 3.930
v 119843.990 485300.298 3.828
v 119846.010 485298.525 3.801
v 119847.393 485298.846 3.824
v 119849.121 485264.219 15.010
v 119849.722 485262.790 14.883
v 119851.369 485263.395 16.283
v 119850.663 485264.911 16.368
v 119856.103 485255.851 11.973
v 119854.431 485255.444 12.038
v 119853.225 485254.455 11.921
v 119853.856 485252.955 11.504
v 119856.229 485253.979 11.517
v 119856.701 485253.857 11.442
v 119856.617 485254.139 11.517
v 119857.169 485254.301 11.502
v 119856.450 485254.695 11.665
v 119852.719 485265.834 14.667
v 119852.922 485265.240 14.685
v 119852.432 485263.786 14.711
v 119851.369 485263.395 14.700
v 119849.722 485262.790 14.682
v 119853.225 485254.455 14.954
v 119854.431 485255.444 14.954
v 119856.103 485255.851 14.977
v 119856.450 485254.695 15.012
v 119857.169 485254.301 15.036
v 119856.617 485254.139 15.029
v 119856.701 485253.857 15.037
v 119857.830 485253.567 15.066
v 119858.348 485252.246 15.109
v 119860.263 485253.090 15.126
v 119854.427 485266.601 14.682
v 119852.922 485265.240 14.685
v 119852.719 485265.834 14.667
v 119850.663 485264.911 16.368
v 119851.369 485263.395 16.283
v 119852.432 485263.786 15.427
v 119865.708 485301.940 15.646
v 119864.933 485302.111 15.671
v 119863.798 485298.343 18.019
v 119864.680 485298.122 18.006
v 119863.673 485294.381 15.656
v 119864.680 485298.122 18.006
v 119863.798 485298.343 18.019
v 119862.688 485294.656 15.688
v 119856.283 485300.829 15.926
v 119856.769 485299.726 15.904
v 119854.567 485298.336 15.962
v 119854.871 485297.617 15.947
v 119857.141 485298.602 15.885
v 119860.350 485291.106 15.735
v 119863.126 485292.344 15.658
v 119863.673 485294.381 15.656
v 119862.688 485294.656 15.688
v 119863.798 485298.343 15.679
v 119864.933 485302.111 15.671
v 119865.708 485301.940 15.646
v 119866.604 485305.270 15.641
v 119858.561 485301.847 15.864
v 119856.769 485299.726 6.482
v 119856.283 485300.829 7.056
v 119853.951 485299.788 6.905
v 119854.567 485298.336 6.153
v 119858.634 485266.841 16.279
v 119859.620 485266.754 15.604
v 119860.402 485266.928 15.006
v 119860.698 485266.993 14.779
v 119859.813 485269.019 14.877
v 119858.019 485268.214 16.355
v 119856.950 485266.162 14.838
v 119858.758 485266.563 16.264
v 119858.634 485266.841 16.279
v 119858.019 485268.214 16.355
v 119856.143 485267.371 14.718
v 119865.537 485255.715 4.099
v 119863.843 485258.179 4.139
v 119861.427 485255.046 4.068
v 119862.284 485253.963 4.051
v 119865.725 485255.450 4.094
v 119865.598 485255.745 4.100
v 119865.598 485255.745 15.084
v 119864.024 485259.391 15.023
v 119863.439 485260.726 15.001
v 119858.361 485257.492 15.040
v 119860.263 485253.090 15.114
v 119862.284 485253.963 15.105
v 119861.427 485255.046 15.086
v 119863.843 485258.179 15.042
v 119865.537 485255.715 15.085
v 119861.734 485264.625 16.362
v 119860.976 485266.357 16.129
v 119860.551 485265.452 16.218
v 119860.658 485264.165 16.373
v 119860.976 485266.357 15.075
v 119860.698 485266.993 15.021
v 119860.402 485266.928 15.006
v 119859.620 485266.754 14.968
v 119858.634 485266.841 14.902
v 119858.758 485266.563 14.926
v 119856.950 485266.162 14.838
v 119856.143 485267.371 14.718
v 119854.427 485266.601 14.657
v 119858.361 485257.492 15.436
v 119863.439 485260.726 15.559
v 119861.734 485264.625 15.224
v 119860.658 485264.165 15.185
v 119860.551 485265.452 15.102
v 119866.602 485250.986 4.150
v 119868.085 485250.889 4.142
v 119867.890 485251.313 4.150
v 119871.244 485251.786 4.143
v 119871.707 485258.852 4.252
v 119868.376 485260.682 4.295
v 119867.162 485259.891 4.288
v 119867.193 485259.276 4.278
v 119866.305 485259.333 4.282
v 119864.544 485258.186 4.272
v 119865.725 485255.450 4.224
v 119866.917 485252.848 4.178
v 119868.085 485250.889 8.548
v 119871.173 485250.689 9.692
v 119871.244 485251.786 9.223
v 119867.890 485251.313 8.290
v 119868.147 485266.404 17.317
v 119867.913 485267.946 17.372
v 119865.558 485267.076 17.407
v 119866.214 485265.535 17.341
v 119868.376 485260.682 8.059
v 119868.249 485260.752 8.069
v 119868.260 485260.972 8.084
v 119867.835 485261.202 8.116
v 119865.636 485260.673 8.154
v 119865.236 485259.573 8.089
v 119865.058 485259.415 8.084
v 119863.982 485259.485 8.126
v 119864.024 485259.391 8.118
v 119864.544 485258.186 8.013
v 119866.305 485259.333 8.034
v 119867.193 485259.276 7.999
v 119867.162 485259.891 8.045
v 119869.098 485262.917 15.086
v 119868.119 485265.297 14.991
v 119872.511 485272.818 14.716
v 119870.565 485273.895 14.668
v 119870.514 485273.823 14.671
v 119859.813 485269.019 14.821
v 119863.982 485259.485 15.202
v 119865.058 485259.415 15.208
v 119865.236 485259.573 15.202
v 119865.636 485260.673 15.161
v 119867.835 485261.202 15.148
v 119868.260 485260.972 15.158
v 119868.266 485261.121 15.152
v 119853.675 485300.434 7.851
v 119853.154 485301.660 7.871
v 119849.378 485299.976 7.879
v 119850.401 485297.509 7.839
v 119853.453 485300.471 7.853
v 119853.635 485289.717 14.081
v 119854.199 485288.357 14.011
v 119856.437 485289.357 16.482
v 119855.958 485290.373 16.481
v 119853.821 485289.769 14.273
v 119858.335 485290.205 14.209
v 119857.963 485290.939 14.234
v 119855.958 485290.373 16.481
v 119856.437 485289.357 16.482
v 119857.485 485291.882 14.477
v 119857.963 485290.939 14.451
v 119858.335 485290.205 14.431
v 119860.350 485291.106 15.033
v 119858.648 485295.082 15.215
v 119858.191 485294.817 15.070
v 119857.914 485293.666 14.837
v 119856.307 485296.437 14.404
v 119856.753 485296.337 14.394
v 119857.748 485297.186 14.399
v 119857.141 485298.602 14.446
v 119854.871 485297.617 14.458
v 119853.675 485300.434 14.551
v 119853.453 485300.471 14.556
v 119850.401 485297.509 14.530
v 119853.635 485289.717 14.275
v 119853.821 485289.769 14.273
v 119855.958 485290.373 14.253
v 119857.963 485290.939 14.234
v 119857.485 485291.882 14.267
v 119857.914 485293.666 14.306
v 119856.641 485293.916 14.333
v 119855.915 485293.495 14.334
v 119855.085 485294.913 14.385
v 119856.013 485295.705 14.390
v 119856.753 485296.337 16.730
v 119856.307 485296.437 16.733
v 119856.013 485295.705 16.730
v 119855.085 485294.913 16.730
v 119855.915 485293.495 16.717
v 119856.641 485293.916 16.716
v 119857.914 485293.666 16.708
v 119858.191 485294.817 16.713
v 119858.648 485295.082 16.713
v 119857.748 485297.186 16.730
v 119875.141 485263.859 16.977
v 119877.801 485263.138 16.985
v 119878.332 485263.332 16.986
v 119878.666 485264.436 16.985
v 119877.544 485264.861 16.981
v 119876.312 485265.328 16.978
v 119876.644 485266.449 16.977
v 119876.252 485266.607 16.976
v 119874.710 485263.976 16.976
v 119879.137 485266.889 16.051
v 119879.102 485266.958 16.061
v 119877.036 485267.943 16.168
v 119876.252 485266.607 15.921
v 119876.644 485266.449 15.906
v 119876.312 485265.328 15.708
v 119877.544 485264.861 15.665
v 119875.320 485262.538 15.088
v 119875.646 485262.352 15.093
v 119877.801 485263.138 16.029
v 119875.141 485263.859 15.636
v 119875.104 485263.787 15.594
v 119883.183 485265.368 14.862
v 119882.496 485266.145 14.834
v 119882.671 485266.857 14.799
v 119883.039 485266.999 14.788
v 119878.086 485269.736 14.724
v 119877.036 485267.943 14.819
v 119879.102 485266.958 14.839
v 119879.137 485266.889 14.842
v 119877.544 485264.861 14.954
v 119878.666 485264.436 14.960
v 119878.332 485263.332 15.015
v 119877.801 485263.138 15.030
v 119875.646 485262.352 15.093
v 119875.320 485262.538 15.088
v 119873.882 485260.581 15.196
v 119877.009 485258.792 15.240
v 119877.486 485259.663 15.194
v 119879.202 485258.839 15.211
v 119880.037 485260.042 15.145
v 119883.183 485265.368 14.862
v 119883.874 485266.538 11.922
v 119883.039 485266.999 12.623
v 119882.671 485266.857 13.457
v 119882.496 485266.145 14.834
v 119873.712 485260.678 15.313
v 119873.882 485260.581 15.196
v 119875.320 485262.538 15.088
v 119875.104 485263.787 15.594
v 119875.141 485263.859 15.598
v 119874.710 485263.976 15.853
v 119873.012 485261.079 15.794
v 119873.712 485260.678 16.367
v 119873.350 485259.857 16.252
v 119873.882 485260.581 16.365
f 2216 2217 2218 2219
f 2220 2221 2222 2223 2224 2225 2226 2227 2228 2229 2230 2231 2232
f 2233 2234 2235 2236
f 2237 2238 2239 2240 2241 2242 2243
f 2244 2245 2246 2247 2248 2249 2250 2251
f 2252 2253 2254 2255 2256
f 2257 2258 2259 2260 2261 2262
f 2263 2264 2265 2266 2267
f 2268 2269 2270 2271 2272 2273 2274 2275 2276 2277
f 2278 2279 2280 2281 2282 2283 2284 2285 2286
f 2287 2288 2289 2290 2291 2292
f 2293 2294 2295 2296 2297
f 2298 2299 2300 2301 2302 2303
f 2304 2305 2306 2307 2308 2309 2310 2311
f 2312 2313 2314 2315 2316 2317
f 2318 2319 2320 2321 2322
f 2323 2324 2325 2326 2327 2328 2329 2330 2331 2332 2333 2334 2335 2336 2337 2338 2339
f 2340 2341 2342 2343 2344
f 2345 2346 2347 2348 2349 2350 2351 2352 2353 2354
f 2355 2356 2357 2358 2359 2360 2361 2362 2363
f 2364 2365 2366 2367 2368
f 2369 2370 2371 2372
f 2373 2374 2375 2376 2377 2378 2379 2380 2381
f 2382 2383 2384 2385 2386 2387 2388 2389 2390 2391 2392 2393 2394 2395 2396 2397
f 2398 2399 2400 2401 2402
f 2403 2404 2405 2406
f 2407 2408 2409 2410
f 2411 2412 2413 2414 2415 2416 2417 2418 2419 2420 2421 2422 2423 2424
f 2425 2426 2427 2428
f 2429 2430 2431 2432 2433 2434
f 2435 2436 2437 2438 2439
f 2440 2441 2442 2443 2444 2445
f 2446 2447 2448 2449 2450 2451 2452 2453 2454
f 2455 2456 2457 2458
f 2459 2460 2461 2462 2463 2464 2465 2466 2467 2468 2469 2470 2471 2472
f 2473 2474 2475 2476 2477 2478 2479 2480 2481 2482 2483 2484
f 2485 2486 2487 2488
f 2489 2490 2491 2492
f 2493 2494 2495 2496 2497 2498 2499 2500 2501 2502 2503 2504 2505
f 2506 2507 2508 2509 2510 2511 2512 2513 2514 2515 2516 2517 2518
f 2519 2520 2521 2522 2523
f 2524 2525 2526 2527 2528
f 2529 2530 2531 2532
f 2533 2534 2535 2536 2537 2538 2539
f 2540 2541 2542 2543 2544 2545 2546 2547 2548 2549 2550 2551 2552 2553 2554 2555 2556 2557
f 2558 2559 2560 2561 2562 2563 2564 2565 2566 2567
f 2568 2569 2570 2571 2572 2573 2574 2575 2576
f 2577 2578 2579 2580 2581 2582 2583
f 2584 2585 2586 2587 2588
f 2589 2590 2591 2592 2593 2594 2595 2596 2597 2598 2599 2600 2601 2602 2603 2604 2605 2606 2607
f 2608 2609 2610 2611 2612
f 2613 2614 2615 2616 2617 2618 2619
f 2620 2621 2622
g massing
v 119889.181 485252.613 16.982
v 119889.181 485252.613 14.687
v 119889.181 485252.613 0.151
v 119885.287 485250.949 0.151
v 119885.287 485250.949 14.632
v 119885.287 485250.949 17.031
v 119892.555 485254.054 14.735
v 119892.555 485254.054 0.151
v 119889.181 485252.613 0.151
v 119889.181 485252.613 14.687
v 119883.790 485243.779 14.533
v 119883.790 485243.779 0.151
v 119894.983 485248.310 0.151
v 119894.983 485248.310 14.688
v 119885.287 485250.949 14.632
v 119885.287 485250.949 0.151
v 119878.757 485248.159 0.151
v 119878.757 485248.159 14.539
v 119878.757 485248.159 14.539
v 119878.757 485248.159 0.151
v 119878.890 485247.822 0.151
v 119878.890 485247.822 4.576
v 119878.890 485247.822 14.537
v 119880.965 485242.589 14.493
v 119880.965 485242.589 0.151
v 119883.790 485243.779 0.151
v 119883.790 485243.779 14.533
v 119878.890 485247.822 4.576
v 119878.890 485247.822 0.151
v 119880.719 485243.208 0.151
v 119880.719 485243.208 4.508
v 119880.719 485243.208 14.498
v 119880.719 485243.208 4.508
v 119880.719 485243.208 0.151
v 119880.965 485242.589 0.151
v 119880.965 485242.589 14.493
v 119869.098 485262.917 14.940
v 119869.098 485262.917 0.082
v 119868.826 485262.330 0.082
v 119868.826 485262.330 11.162
v 119868.826 485262.330 14.954
v 119872.511 485272.818 14.702
v 119872.511 485272.818 0.082
v 119868.119 485265.297 0.082
v 119868.119 485265.297 14.879
v 119868.249 485260.752 10.804
v 119868.249 485260.752 0.082
v 119871.708 485258.874 0.082
v 119871.708 485258.874 10.829
v 119868.266 485261.121 10.875
v 119868.266 485261.121 0.082
v 119868.249 485260.752 0.082
v 119868.249 485260.752 10.804
v 119872.435 485260.112 15.019
v 119872.435 485260.112 11.140
v 119872.435 485260.112 0.082
v 119878.086 485269.736 0.082
v 119878.086 485269.736 14.793
v 119868.826 485262.330 11.162
v 119868.826 485262.330 0.082
v 119868.266 485261.121 0.082
v 119868.266 485261.121 10.875
v 119871.708 485258.874 10.829
v 119871.708 485258.874 0.082
v 119872.435 485260.112 0.082
v 119872.435 485260.112 11.140
v 119868.119 485265.297 14.879
v 119868.119 485265.297 0.082
v 119869.098 485262.917 0.082
v 119869.098 485262.917 14.940
v 119879.775 485249.995 17.651
v 119879.775 485249.995 0.129
v 119878.246 485249.448 0.129
v 119878.246 485249.448 17.687
v 119878.246 485249.448 17.687
v 119878.246 485249.448 0.129
v 119878.757 485248.159 0.129
v 119878.757 485248.159 17.664
v 119880.705 485255.180 11.706
v 119880.705 485255.180 0.129
v 119878.971 485254.383 0.129
v 119878.971 485254.383 11.214
v 119878.971 485254.383 11.214
v 119878.971 485254.383 0.129
v 119879.833 485252.205 0.129
v 119879.833 485252.205 11.291
v 119880.212 485251.244 17.649
v 119880.212 485251.244 0.129
v 119879.775 485249.995 0.129
v 119879.775 485249.995 17.651
v 119878.757 485248.159 17.664
v 119878.757 485248.159 0.129
v 119881.932 485249.516 0.129
v 119881.932 485249.516 15.162
v 119881.932 485249.516 17.592
v 119881.932 485249.516 15.162
v 119881.932 485249.516 0.129
v 119890.832 485253.318 0.129
v 119890.832 485253.318 15.026
v 119890.832 485253.318 15.375
v 119890.315 485259.375 14.873
v 119890.315 485259.375 0.129
v 119889.384 485258.969 0.129
v 119889.384 485258.969 14.830
v 119889.384 485258.969 15.239
v 119889.384 485258.969 14.830
v 119889.384 485258.969 0.129
v 119881.476 485255.517 0.129
v 119881.476 485255.517 11.924
v 119881.476 485255.517 15.050
v 119890.832 485253.318 15.026
v 119890.832 485253.318 0.129
v 119892.555 485254.054 0.129
v 119892.555 485254.054 14.187
v 119881.476 485255.517 11.924
v 119881.476 485255.517 0.129
v 119880.705 485255.180 0.129
v 119880.705 485255.180 11.706
v 119879.833 485252.205 17.666
v 119879.833 485252.205 11.291
v 119879.833 485252.205 0.129
v 119880.212 485251.244 0.129
v 119880.212 485251.244 17.649
v 119877.491 485258.136 7.928
v 119877.491 485258.136 0.087
v 119878.793 485254.965 0.087
v 119878.793 485254.965 7.997
v 119888.505 485263.677 12.659
v 119888.505 485263.677 0.087
v 119888.405 485263.914 0.087
v 119888.405 485263.914 12.333
v 119888.405 485263.914 12.333
v 119888.405 485263.914 0.087
v 119888.455 485264.003 0.087
v 119888.455 485264.003 12.124
v 119879.322 485259.011 7.929
v 119879.322 485259.011 0.087
v 119879.202 485258.839 0.087
v 119879.202 485258.839 7.931
v 119883.874 485266.538 14.752
v 119883.874 485266.538 0.087
v 119880.037 485260.042 0.087
v 119880.037 485260.042 15.057
v 119880.705 485255.180 15.240
v 119880.705 485255.180 0.087
v 119882.442 485255.939 0.087
v 119882.442 485255.939 15.188
v 119879.022 485254.407 11.068
v 119879.022 485254.407 0.087
v 119880.595 485255.130 0.087
v 119880.595 485255.130 11.872
v 119878.793 485254.965 11.033
v 119878.793 485254.965 7.997
v 119878.793 485254.965 0.087
v 119879.022 485254.407 0.087
v 119879.022 485254.407 11.068
v 119880.595 485255.130 15.243
v 119880.595 485255.130 11.872
v 119880.595 485255.130 0.087
v 119880.705 485255.180 0.087
v 119880.705 485255.180 15.240
v 119880.037 485260.042 15.057
v 119880.037 485260.042 0.087
v 119879.322 485259.011 0.087
v 119879.322 485259.011 7.929
v 119879.322 485259.011 15.106
v 119879.202 485258.839 7.931
v 119879.202 485258.839 0.087
v 119877.491 485258.136 0.087
v 119877.491 485258.136 7.928
v 119889.786 485260.635 14.910
v 119889.786 485260.635 14.546
v 119889.786 485260.635 0.087
v 119888.505 485263.677 0.087
v 119888.505 485263.677 12.659
v 119888.505 485263.677 14.807
v 119887.997 485258.364 16.199
v 119887.997 485258.364 0.087
v 119890.315 485259.375 0.087
v 119890.315 485259.375 14.599
v 119882.442 485255.939 15.525
v 119882.442 485255.939 15.188
v 119882.442 485255.939 0.087
v 119887.997 485258.364 0.087
v 119887.997 485258.364 16.199
v 119887.997 485258.364 16.283
v 119850.267 485297.832 7.830
v 119850.267 485297.832 -0.343
v 119849.378 485299.976 -0.343
v 119849.378 485299.976 7.796
v 119848.393 485302.266 3.930
v 119848.393 485302.266 -0.343
v 119843.990 485300.298 -0.343
v 119843.990 485300.298 3.828
v 119843.990 485300.298 14.623
v 119843.990 485300.298 3.828
v 119843.990 485300.298 -0.343
v 119843.096 485299.899 -0.343
v 119843.096 485299.899 14.623
v 119849.378 485299.976 7.796
v 119849.378 485299.976 -0.343
v 119849.348 485300.044 -0.343
v 119849.348 485300.044 3.878
v 119849.348 485300.044 7.795
v 119843.096 485299.899 14.623
v 119843.096 485299.899 -0.343
v 119848.901 485285.990 -0.343
v 119848.901 485285.990 14.244
v 119854.199 485288.357 14.239
v 119854.199 485288.357 -0.343
v 119850.267 485297.832 -0.343
v 119850.267 485297.832 7.830
v 119850.267 485297.832 14.497
v 119849.348 485300.044 3.878
v 119849.348 485300.044 -0.343
v 119848.393 485302.266 -0.343
v 119848.393 485302.266 3.930
v 119857.830 485253.567 15.066
v 119857.830 485253.567 -0.325
v 119858.348 485252.246 -0.325
v 119858.348 485252.246 15.109
v 119858.348 485252.246 15.109
v 119858.348 485252.246 -0.325
v 119860.263 485253.090 -0.325
v 119860.263 485253.090 15.126
v 119860.263 485253.090 15.126
v 119860.263 485253.090 -0.325
v 119854.427 485266.601 -0.325
v 119854.427 485266.601 14.682
v 119856.229 485253.979 11.517
v 119856.229 485253.979 -0.325
v 119856.701 485253.857 -0.325
v 119856.701 485253.857 11.442
v 119853.856 485252.955 11.504
v 119853.856 485252.955 -0.325
v 119856.229 485253.979 -0.325
v 119856.229 485253.979 11.517
v 119856.701 485253.857 15.037
v 119856.701 485253.857 11.442
v 119856.701 485253.857 -0.325
v 119857.830 485253.567 -0.325
v 119857.830 485253.567 15.066
v 119850.663 485264.911 16.368
v 119850.663 485264.911 -0.325
v 119849.121 485264.219 -0.325
v 119849.121 485264.219 15.010
v 119849.121 485264.219 15.010
v 119849.121 485264.219 -0.325
v 119849.722 485262.790 -0.325
v 119849.722 485262.790 14.682
v 119849.722 485262.790 14.883
v 119849.722 485262.790 14.682
v 119849.722 485262.790 -0.325
v 119853.225 485254.455 -0.325
v 119853.225 485254.455 11.921
v 119853.225 485254.455 14.954
v 119853.225 485254.455 11.921
v 119853.225 485254.455 -0.325
v 119853.856 485252.955 -0.325
v 119853.856 485252.955 11.504
v 119866.604 485305.270 15.641
v 119866.604 485305.270 0.382
v 119858.561 485301.847 0.382
v 119858.561 485301.847 15.864
v 119854.871 485297.617 15.947
v 119854.871 485297.617 0.382
v 119857.141 485298.602 0.382
v 119857.141 485298.602 15.885
v 119857.141 485298.602 15.885
v 119857.141 485298.602 0.382
v 119860.350 485291.106 0.382
v 119860.350 485291.106 15.735
v 119865.708 485301.940 15.646
v 119865.708 485301.940 0.382
v 119866.604 485305.270 0.382
v 119866.604 485305.270 15.641
v 119864.680 485298.122 18.006
v 119864.680 485298.122 0.382
v 119865.708 485301.940 0.382
v 119865.708 485301.940 15.646
v 119863.673 485294.381 15.656
v 119863.673 485294.381 0.382
v 119864.680 485298.122 0.382
v 119864.680 485298.122 18.006
v 119858.561 485301.847 15.864
v 119858.561 485301.847 0.382
v 119856.283 485300.829 0.382
v 119856.283 485300.829 7.056
v 119856.283 485300.829 15.926
v 119856.283 485300.829 7.056
v 119856.283 485300.829 0.382
v 119853.951 485299.788 0.382
v 119853.951 485299.788 6.905
v 119853.951 485299.788 6.905
v 119853.951 485299.788 0.382
v 119854.567 485298.336 0.382
v 119854.567 485298.336 6.153
v 119854.567 485298.336 15.962
v 119854.567 485298.336 6.153
v 119854.567 485298.336 0.382
v 119854.871 485297.617 0.382
v 119854.871 485297.617 15.947
v 119864.024 485259.391 15.023
v 119864.024 485259.391 -0.306
v 119863.439 485260.726 -0.306
v 119863.439 485260.726 15.001
v 119860.698 485266.993 14.779
v 119860.698 485266.993 -0.306
v 119859.813 485269.019 -0.306
v 119859.813 485269.019 14.877
v 119863.439 485260.726 15.559
v 119863.439 485260.726 15.001
v 119863.439 485260.726 -0.306
v 119861.734 485264.625 -0.306
v 119861.734 485264.625 15.224
v 119865.725 485255.450 4.094
v 119865.725 485255.450 -0.306
v 119865.598 485255.745 -0.306
v 119865.598 485255.745 4.100
v 119860.263 485253.090 15.114
v 119860.263 485253.090 -0.306
v 119862.284 485253.963 -0.306
v 119862.284 485253.963 4.051
v 119862.284 485253.963 15.105
v 119862.284 485253.963 4.051
v 119862.284 485253.963 -0.306
v 119865.725 485255.450 -0.306
v 119865.725 485255.450 4.094
v 119854.427 485266.601 14.657
v 119854.427 485266.601 -0.306
v 119858.361 485257.492 -0.306
v 119858.361 485257.492 15.040
v 119858.361 485257.492 15.436
v 119858.361 485257.492 15.040
v 119858.361 485257.492 -0.306
v 119860.263 485253.090 -0.306
v 119860.263 485253.090 15.114
v 119865.598 485255.745 15.084
v 119865.598 485255.745 4.100
v 119865.598 485255.745 -0.306
v 119864.024 485259.391 -0.306
v 119864.024 485259.391 15.023
v 119861.734 485264.625 16.362
v 119861.734 485264.625 15.224
v 119861.734 485264.625 -0.306
v 119860.976 485266.357 -0.306
v 119860.976 485266.357 15.075
v 119860.976 485266.357 16.129
v 119860.976 485266.357 15.075
v 119860.976 485266.357 -0.306
v 119860.698 485266.993 -0.306
v 119860.698 485266.993 14.779
v 119860.698 485266.993 15.021
v 119870.565 485273.895 14.668
v 119870.565 485273.895 -0.180
v 119870.514 485273.823 -0.180
v 119870.514 485273.823 14.671
v 119866.917 485252.848 4.178
v 119866.917 485252.848 -0.180
v 119866.602 485250.986 -0.180
v 119866.602 485250.986 4.150
v 119865.725 485255.450 4.224
v 119865.725 485255.450 -0.180
v 119866.917 485252.848 -0.180
v 119866.917 485252.848 4.178
v 119871.244 485251.786 4.143
v 119871.244 485251.786 -0.180
v 119871.707 485258.852 -0.180
v 119871.707 485258.852 4.252
v 119859.813 485269.019 14.821
v 119859.813 485269.019 -0.180
v 119863.982 485259.485 -0.180
v 119863.982 485259.485 8.126
v 119863.982 485259.485 15.202
v 119864.544 485258.186 4.272
v 119864.544 485258.186 -0.180
v 119865.725 485255.450 -0.180
v 119865.725 485255.450 4.224
v 119871.707 485258.852 4.252
v 119871.707 485258.852 -0.180
v 119868.376 485260.682 -0.180
v 119868.376 485260.682 4.295
v 119871.173 485250.689 9.692
v 119871.173 485250.689 -0.180
v 119871.244 485251.786 -0.180
v 119871.244 485251.786 4.143
v 119871.244 485251.786 9.223
v 119866.602 485250.986 4.150
v 119866.602 485250.986 -0.180
v 119868.085 485250.889 -0.180
v 119868.085 485250.889 4.142
v 119868.085 485250.889 8.548
v 119868.085 485250.889 4.142
v 119868.085 485250.889 -0.180
v 119871.173 485250.689 -0.180
v 119871.173 485250.689 9.692
v 119863.982 485259.485 8.126
v 119863.982 485259.485 -0.180
v 119864.024 485259.391 -0.180
v 119864.024 485259.391 8.118
v 119864.024 485259.391 8.118
v 119864.024 485259.391 -0.180
v 119864.544 485258.186 -0.180
v 119864.544 485258.186 4.272
v 119864.544 485258.186 8.013
v 119868.266 485261.121 15.152
v 119868.266 485261.121 -0.180
v 119869.098 485262.917 -0.180
v 119869.098 485262.917 15.086
v 119868.249 485260.752 8.069
v 119868.249 485260.752 -0.180
v 119868.260 485260.972 -0.180
v 119868.260 485260.972 8.084
v 119868.376 485260.682 8.059
v 119868.376 485260.682 4.295
v 119868.376 485260.682 -0.180
v 119868.249 485260.752 -0.180
v 119868.249 485260.752 8.069
v 119868.260 485260.972 15.158
v 119868.260 485260.972 8.084
v 119868.260 485260.972 -0.180
v 119868.266 485261.121 -0.180
v 119868.266 485261.121 15.152
v 119868.119 485265.297 14.991
v 119868.119 485265.297 -0.180
v 119872.511 485272.818 -0.180
v 119872.511 485272.818 14.716
v 119869.098 485262.917 15.086
v 119869.098 485262.917 -0.180
v 119868.119 485265.297 -0.180
v 119868.119 485265.297 14.991
v 119849.091 485248.239 15.024
v 119849.091 485248.239 -0.258
v 119851.020 485249.077 -0.258
v 119851.020 485249.077 15.046
v 119850.800 485250.923 11.600
v 119850.800 485250.923 -0.258
v 119851.070 485251.726 -0.258
v 119851.070 485251.726 11.614
v 119851.070 485251.726 11.614
v 119851.070 485251.726 -0.258
v 119853.856 485252.955 -0.258
v 119853.856 485252.955 11.597
v 119853.856 485252.955 11.597
v 119853.856 485252.955 -0.258
v 119853.268 485254.352 -0.258
v 119853.268 485254.352 11.638
v 119843.340 485261.623 14.619
v 119843.340 485261.623 -0.258
v 119849.091 485248.239 -0.258
v 119849.091 485248.239 15.024
v 119850.570 485250.237 15.012
v 119850.570 485250.237 -0.258
v 119850.800 485250.923 -0.258
v 119850.800 485250.923 11.600
v 119850.800 485250.923 15.002
v 119851.020 485249.077 15.046
v 119851.020 485249.077 -0.258
v 119850.570 485250.237 -0.258
v 119850.570 485250.237 15.012
v 119849.121 485264.219 14.601
v 119849.121 485264.219 -0.258
v 119847.047 485263.287 -0.258
v 119847.047 485263.287 16.337
v 119847.047 485263.287 16.337
v 119847.047 485263.287 -0.258
v 119845.051 485262.391 -0.258
v 119845.051 485262.391 14.638
v 119845.051 485262.391 14.638
v 119845.051 485262.391 -0.258
v 119843.340 485261.623 -0.258
v 119843.340 485261.623 14.619
v 119849.547 485263.207 14.582
v 119849.547 485263.207 -0.258
v 119849.121 485264.219 -0.258
v 119849.121 485264.219 14.601
v 119853.268 485254.352 14.980
v 119853.268 485254.352 11.638
v 119853.268 485254.352 -0.258
v 119849.547 485263.207 -0.258
v 119849.547 485263.207 14.582
v 119849.547 485263.207 14.713
v 119853.154 485301.660 7.871
v 119853.154 485301.660 0.345
v 119849.378 485299.976 0.345
v 119849.378 485299.976 7.879
v 119849.378 485299.976 7.879
v 119849.378 485299.976 0.345
v 119850.401 485297.509 0.345
v 119850.401 485297.509 7.839
v 119854.871 485297.617 14.458
v 119854.871 485297.617 0.345
v 119853.675 485300.434 0.345
v 119853.675 485300.434 7.851
v 119853.675 485300.434 14.551
v 119857.141 485298.602 14.446
v 119857.141 485298.602 0.345
v 119854.871 485297.617 0.345
v 119854.871 485297.617 14.458
v 119853.675 485300.434 7.851
v 119853.675 485300.434 0.345
v 119853.154 485301.660 0.345
v 119853.154 485301.660 7.871
v 119860.350 485291.106 15.033
v 119860.350 485291.106 0.345
v 119858.648 485295.082 0.345
v 119858.648 485295.082 15.215
v 119858.648 485295.082 16.713
v 119858.648 485295.082 15.215
v 119858.648 485295.082 0.345
v 119857.748 485297.186 0.345
v 119857.748 485297.186 14.399
v 119857.748 485297.186 16.730
v 119856.437 485289.357 16.482
v 119856.437 485289.357 0.345
v 119858.335 485290.205 0.345
v 119858.335 485290.205 14.209
v 119854.199 485288.357 14.011
v 119854.199 485288.357 0.345
v 119856.437 485289.357 0.345
v 119856.437 485289.357 16.482
v 119850.401 485297.509 14.530
v 119850.401 485297.509 7.839
v 119850.401 485297.509 0.345
v 119853.635 485289.717 0.345
v 119853.635 485289.717 14.081
v 119853.635 485289.717 14.275
v 119853.635 485289.717 14.081
v 119853.635 485289.717 0.345
v 119854.199 485288.357 0.345
v 119854.199 485288.357 14.011
v 119857.748 485297.186 14.399
v 119857.748 485297.186 0.345
v 119857.141 485298.602 0.345
v 119857.141 485298.602 14.446
v 119879.202 485258.839 15.211
v 119879.202 485258.839 -0.051
v 119880.037 485260.042 -0.051
v 119880.037 485260.042 15.145
v 119877.486 485259.663 15.194
v 119877.486 485259.663 -0.051
v 119879.202 485258.839 -0.051
v 119879.202 485258.839 15.211
v 119878.086 485269.736 14.724
v 119878.086 485269.736 -0.051
v 119877.036 485267.943 -0.051
v 119877.036 485267.943 14.819
v 119873.882 485260.581 15.196
v 119873.882 485260.581 -0.051
v 119877.009 485258.792 -0.051
v 119877.009 485258.792 15.240
v 119877.009 485258.792 15.240
v 119877.009 485258.792 -0.051
v 119877.486 485259.663 -0.051
v 119877.486 485259.663 15.194
v 119876.252 485266.607 16.976
v 119876.252 485266.607 15.921
v 119876.252 485266.607 -0.051
v 119874.710 485263.976 -0.051
v 119874.710 485263.976 15.853
v 119874.710 485263.976 16.976
v 119877.036 485267.943 16.168
v 119877.036 485267.943 14.819
v 119877.036 485267.943 -0.051
v 119876.252 485266.607 -0.051
v 119876.252 485266.607 15.921
v 119880.037 485260.042 15.145
v 119880.037 485260.042 -0.051
v 119883.183 485265.368 -0.051
v 119883.183 485265.368 14.862
v 119873.350 485259.857 16.252
v 119873.350 485259.857 -0.051
v 119873.882 485260.581 -0.051
v 119873.882 485260.581 15.196
v 119873.882 485260.581 16.365
v 119873.012 485261.079 15.794
v 119873.012 485261.079 -0.051
v 119873.712 485260.678 -0.051
v 119873.712 485260.678 15.313
v 119874.710 485263.976 15.853
v 119874.710 485263.976 -0.051
v 119873.012 485261.079 -0.051
v 119873.012 485261.079 15.794
v 119883.183 485265.368 14.862
v 119883.183 485265.368 -0.051
v 119883.874 485266.538 -0.051
v 119883.874 485266.538 11.922
v 119873.712 485260.678 16.367
v 119873.712 485260.678 15.313
v 119873.712 485260.678 -0.051
v 119873.350 485259.857 -0.051
v 119873.350 485259.857 16.252
f 2623 2624 2625 2626 2627 2628
f 2629 2630 2631 2632
f 2633 2634 2635 2636
f 2637 2638 2639 2640
f 2641 2642 2643 2644 2645
f 2646 2647 2648 2649
f 2650 2651 2652 2653
f 2654 2655 2656 2657 2658
f 2659 2660 2661 2662 2663
f 2664 2665 2666 2667
f 2668 2669 2670 2671
f 2672 2673 2674 2675
f 2676 2677 2678 2679 2680
f 2681 2682 2683 2684
f 2685 2686 2687 2688
f 2689 2690 2691 2692
f 2693 2694 2695 2696
f 2697 2698 2699 2700
f 2701 2702 2703 2704
f 2705 2706 2707 2708
f 2709 2710 2711 2712
f 2713 2714 2715 2716 2717
f 2718 2719 2720 2721 2722
f 2723 2724 2725 2726
f 2727 2728 2729 2730 2731 2732
f 2733 2734 2735 2736
f 2737 2738 2739 2740
f 2741 2742 2743 2744 2745
f 2746 2747 2748 2749
f 2750 2751 2752 2753
f 2754 2755 2756 2757
f 2758 2759 2760 2761
f 2762 2763 2764 2765
f 2766 2767 2768 2769
f 2770 2771 2772 2773
f 2774 2775 2776 2777 2778
f 2779 2780 2781 2782 2783
f 2784 2785 2786 2787 2788
f 2789 2790 2791 2792
f 2793 2794 2795 2796 2797 2798
f 2799 2800 2801 2802
f 2803 2804 2805 2806 2807 2808
f 2809 2810 2811 2812
f 2813 2814 2815 2816
f 2817 2818 2819 2820 2821
f 2822 2823 2824 2825 2826
f 2827 2828 2829 2830
f 2831 2832 2833 2834 2835
f 2836 2837 2838 2839
f 2840 2841 2842 2843
f 2844 2845 2846 2847
f 2848 2849 2850 2851
f 2852 2853 2854 2855
f 2856 2857 2858 2859
f 2860 2861 2862 2863 2864
f 2865 2866 2867 2868
f 2869 2870 2871 2872 2873
f 2874 2875 2876 2877 2878
f 2879 2880 2881 2882
f 2883 2884 2885 2886
f 2887 2888 2889 2890
f 2891 2892 2893 2894
f 2895 2896 2897 2898
f 2899 2900 2901 2902
f 2903 2904 2905 2906
f 2907 2908 2909 2910 2911
f 2912 2913 2914 2915
f 2916 2917 2918 2919
f 2920 2921 2922 2923 2924
f 2925 2926 2927 2928
f 2929 2930 2931 2932
f 2933 2934 2935 2936 2937
f 2938 2939 2940 2941
f 2942 2943 2944 2945 2946
f 2947 2948 2949 2950
f 2951 2952 2953 2954 2955
f 2956 2957 2958 2959
f 2960 2961 2962 2963 2964
f 2965 2966 2967 2968 2969 2970
f 2971 2972 2973 2974 2975
f 2976 2977 2978 2979
f 2980 2981 2982 2983
f 2984 2985 2986 2987
f 2988 2989 2990 2991
f 2992 2993 2994 2995 2996
f 2997 2998 2999 3000
f 3001 3002 3003 3004
f 3005 3006 3007 3008 3009
f 3010 3011 3012 3013
f 3014 3015 3016 3017 3018
f 3019 3020 3021 3022
f 3023 3024 3025 3026 3027
f 3028 3029 3030 3031
f 3032 3033 3034 3035
f 3036 3037 3038 3039 3040
f 3041 3042 3043 3044 3045
f 3046 3047 3048 3049
f 3050 3051 3052 3053
f 3054 3055 3056 3057
f 3058 3059 3060 3061
f 3062 3063 3064 3065
f 3066 3067 3068 3069
f 3070 3071 3072 3073
f 3074 3075 3076 3077 3078
f 3079 3080 3081 3082
f 3083 3084 3085 3086
f 3087 3088 3089 3090
f 3091 3092 3093 3094
f 3095 3096 3097 3098
f 3099 3100 3101 3102 3103 3104
f 3105 3106 3107 3108
f 3109 3110 3111 3112
f 3113 3114 3115 3116 3117
f 3118 3119 3120 3121
f 3122 3123 3124 3125
f 3126 3127 3128 3129
f 3130 3131 3132 3133 3134 3135
f 3136 3137 3138 3139
f 3140 3141 3142 3143
f 3144 3145 3146 3147 3148 3149
f 3150 3151 3152 3153
f 3154 3155 3156 3157
f 3158 3159 3160 3161
f 3162 3163 3164 3165
f 3166 3167 3168 3169
f 3170 3171 3172 3173
f 3174 3175 3176 3177
f 3178 3179 3180 3181 3182 3183
f 3184 3185 3186 3187 3188
f 3189 3190 3191 3192
f 3193 3194 3195 3196 3197
f 3198 3199 3200 3201
f 3202 3203 3204 3205
f 3206 3207 3208 3209
f 3210 3211 3212 3213 3214
